customerid,recency,total_orders,total_revenue,avg_order_value,total_quantity,avg_quantity_per_order,unique_products,active_months,purchase_frequency,customer_tenure_days,avg_days_between,median_days_between,spending_trend,cancellation_count,cancellation_rate,cancelled_revenue,country_encoded,future_6_month_revenue,future_6_month_orders
12347,2,5,2453.13,490.62600000000003,1573,314.6,99,5,0.6886877828054299,221,55.25,56.5,-0.5755918267807062,0.0,0.0,0.0,Other,1903.38,3
12349,227,2,1921.59,960.795,930,465.0,83,2,0.3345054945054945,182,182.0,182.0,0.25480509727535144,0.0,0.0,0.0,Other,1328.55,1
12352,81,6,934.3100000000001,155.71833333333333,433,72.16666666666667,35,3,1.3941984732824426,131,26.0,16.0,0.8222624981120675,0.0,0.0,0.0,Other,718.73,3
12356,65,5,3289.41,657.882,1479,295.8,85,4,0.8455555555555556,180,44.75,43.0,-0.7980652727472998,0.0,0.0,0.0,Portugal,32.849999999999994,1
12357,208,1,9088.32,9088.32,2737,2737.0,146,1,30.439999999999998,1,0.0,0.0,0.0,0.0,0.0,0.0,Switzerland,4817.2300000000005,1
12358,195,3,1550.01,516.67,526,175.33333333333334,49,3,0.2557983193277311,357,178.0,178.0,0.8766215689549578,0.0,0.0,0.0,Other,928.0600000000001,2
12359,9,9,4275.74,475.0822222222222,1632,181.33333333333334,212,7,0.5026788990825689,545,68.125,86.5,0.9472008161127118,0.0,0.0,0.0,Other,1847.15,1
12360,20,4,1896.67,474.1675,1435,358.75,100,4,0.26701754385964915,456,151.66666666666666,171.0,1.439735219441422,0.0,0.0,0.0,Other,1276.78,2
12362,45,2,884.34,442.17,498,249.0,51,2,0.8697142857142857,70,70.0,70.0,0.03718037318590197,0.0,0.0,0.0,Belgium,3627.69,8
12363,61,1,299.1,299.1,282,282.0,16,1,30.439999999999998,1,0.0,0.0,0.0,0.0,0.0,0.0,Other,252.9,1
12370,93,6,2750.72,458.4533333333333,1383,230.5,143,4,0.4623797468354431,395,98.5,63.5,3.1451872357936477,0.0,0.0,0.0,Other,698.96,1
12371,228,3,1819.42,606.4733333333334,836,278.6666666666667,90,2,0.3869491525423729,236,236.0,236.0,1.7307660761154855,0.0,0.0,0.0,Switzerland,1476.96,1
12372,32,2,842.9200000000001,421.46000000000004,588,294.0,31,2,0.7247619047619048,84,84.0,84.0,0.320687186828919,0.0,0.0,0.0,Other,353.12,1
12374,241,2,2046.29,1023.145,1015,507.5,46,2,0.3645508982035928,167,167.0,167.0,-0.5263010068129114,0.0,0.0,0.0,Other,563.53,1
12378,381,1,1263.77,1263.77,688,688.0,77,1,30.439999999999998,1,0.0,0.0,0.0,0.0,0.0,0.0,Switzerland,3660.7400000000002,1
12379,241,2,692.98,346.49,403,201.5,36,2,0.5387610619469027,113,112.0,112.0,0.148908459439345,0.0,0.0,0.0,Belgium,736.44,2
12380,5,5,4764.47,952.894,2266,453.2,119,4,0.31907756813417193,477,159.0,134.0,-0.8661207257634604,0.0,0.0,0.0,Belgium,1349.32,3
12388,94,5,1886.7,377.34000000000003,870,174.0,52,5,0.4941558441558442,308,76.75,74.5,-0.3161229863001473,0.0,0.0,0.0,Australia,1842.95,3
12391,283,4,1742.53,435.6325,824,206.0,152,3,0.6118592964824121,199,66.0,58.0,-0.7302027996997719,0.0,0.0,0.0,Other,422.71,1
12393,65,5,1723.6000000000001,344.72,968,193.6,52,4,0.8316939890710383,183,45.75,48.0,-0.4756871035940804,0.0,0.0,0.0,Australia,521.5,1
12394,36,1,351.08,351.08,180,180.0,20,1,30.439999999999998,1,0.0,0.0,0.0,0.0,0.0,0.0,Belgium,239.0,1
12395,31,9,2240.55,248.95000000000002,1557,173.0,108,7,0.7006649616368287,391,48.875,41.5,-0.4054613775139843,0.0,0.0,0.0,Belgium,1138.21,6
12399,2,6,1172.1200000000001,195.35333333333335,1116,186.0,51,6,0.39532467532467536,462,92.2,124.0,1.2370957496754948,0.0,0.0,0.0,Belgium,194.62,1
12403,341,1,67.5,67.5,18,18.0,1,1,30.439999999999998,1,0.0,0.0,0.0,0.0,0.0,0.0,Other,391.7,1
12406,3,4,3500.9500000000003,875.2375000000001,1543,385.75,74,4,0.23688715953307396,514,171.33333333333334,197.0,1.691116312415655,0.0,0.0,0.0,Other,1794.05,1
12407,55,2,398.15999999999997,199.07999999999998,320,160.0,20,2,2.0993103448275865,29,29.0,29.0,-0.11566493137718882,0.0,0.0,0.0,Belgium,868.2,3
12408,79,5,1587.03,317.406,974,194.8,61,4,0.6368200836820084,239,79.33333333333333,65.0,0.42384091692519826,0.0,0.0,0.0,Belgium,1295.32,3
12409,2,4,6405.74,1601.435,2014,503.5,81,4,0.317911227154047,383,127.66666666666667,105.0,-0.4861345471217427,0.0,0.0,0.0,Switzerland,1927.55,2
12412,221,3,1109.41,369.80333333333334,874,291.3333333333333,43,3,0.6617391304347826,138,68.5,68.5,-0.8123855911791469,0.0,0.0,0.0,Other,1115.04,3
12413,55,3,652.55,217.51666666666665,231,77.0,34,3,0.5468263473053893,167,83.0,83.0,-0.8509420672653636,0.0,0.0,0.0,France,176.20000000000002,1
12415,25,8,10342.27,1292.78375,2939,367.375,135,8,0.7562732919254659,322,45.857142857142854,40.0,0.297133655394525,0.0,0.0,0.0,Australia,6070.47,7
12417,6,16,3679.77,229.985625,1747,109.1875,188,13,0.8903839122486289,547,36.4,37.0,0.32936832085547046,0.0,0.0,0.0,Belgium,1293.48,4
12418,233,3,1338.7,446.23333333333335,633,211.0,60,3,0.4208294930875576,217,108.5,108.5,-0.4775562657083395,0.0,0.0,0.0,Switzerland,654.66,1
12421,138,3,348.06,116.02,268,89.33333333333333,25,3,0.4883422459893048,187,93.0,93.0,1.5993975903614461,0.0,0.0,0.0,Spain,478.12,3
12422,144,10,2184.69,218.469,1181,118.1,101,9,0.766750629722922,397,44.111111111111114,43.0,0.7275553391512792,0.0,0.0,0.0,Switzerland,445.06,2
12423,11,8,1907.3700000000001,238.42125000000001,1421,177.625,109,8,0.8887591240875912,274,39.142857142857146,34.0,0.21784630411274303,0.0,0.0,0.0,Belgium,347.62,2
12424,242,2,1244.03,622.015,877,438.5,52,2,0.48317460317460315,126,126.0,126.0,1.539203413940256,0.0,0.0,0.0,Australia,1148.72,2
12425,267,1,923.89,923.89,555,555.0,53,1,30.439999999999998,1,0.0,0.0,0.0,0.0,0.0,0.0,Portugal,631.7,1
12427,191,1,249.5,249.5,76,76.0,9,1,30.439999999999998,1,0.0,0.0,0.0,0.0,0.0,0.0,Germany,389.82,2
12428,62,5,4666.64,933.3280000000001,2489,497.8,217,2,3.623809523809524,42,13.666666666666666,12.0,-0.9425051893077598,0.0,0.0,0.0,Other,1265.76,3
12429,47,6,2553.27,425.545,1189,198.16666666666666,70,4,0.5725391849529781,319,106.33333333333333,105.0,-0.2956497940711172,0.0,0.0,0.0,Other,1755.16,2
12431,20,17,5848.35,344.02058823529416,2379,139.94117647058823,195,12,1.0475303643724696,494,30.8125,24.5,0.006491502479466447,0.0,0.0,0.0,Australia,2110.08,6
12433,185,5,5622.43,1124.486,3970,794.0,148,4,1.3711711711711712,111,27.5,26.5,3.7789826397097377,0.0,0.0,0.0,Other,6483.83,5
12434,79,2,583.54,291.77,215,107.5,34,2,0.5031404958677687,121,121.0,121.0,-0.03713545696121639,0.0,0.0,0.0,Australia,519.89,1
12435,87,4,3272.88,818.22,1259,314.75,57,4,0.3290810810810811,370,123.33333333333333,129.0,-0.2822052401746726,0.0,0.0,0.0,Other,1101.6000000000001,1
12437,18,28,7816.75,279.16964285714283,5369,191.75,222,15,1.5812987012987014,539,21.56,21.0,-0.27768364507294235,0.0,0.0,0.0,France,2280.23,10
12445,240,1,301.58000000000004,301.58000000000004,144,144.0,20,1,30.439999999999998,1,0.0,0.0,0.0,0.0,0.0,0.0,Spain,77.4,1
12449,6,2,830.13,415.065,456,228.0,49,2,0.24158730158730157,252,251.0,251.0,11.56421568627451,0.0,0.0,0.0,Belgium,2827.36,3
12450,218,3,464.82,154.94,312,104.0,24,3,1.201578947368421,76,37.5,37.5,-0.1701440831430596,0.0,0.0,0.0,Spain,197.88,2
12451,37,5,7239.67,1447.934,5016,1003.2,238,4,0.4878205128205128,312,103.66666666666667,106.0,0.20230157088448955,0.0,0.0,0.0,Switzerland,3385.89,3
12454,215,3,994.0,331.3333333333333,120,40.0,1,2,3.5123076923076924,26,13.0,13.0,-0.5295857988165681,0.0,0.0,0.0,Spain,793.0,1
12455,9,6,3875.89,645.9816666666667,1485,247.5,147,6,0.34330827067669173,532,106.4,107.0,-0.5766941630990916,0.0,0.0,0.0,Other,419.56,3
12456,74,1,729.17,729.17,437,437.0,39,1,30.439999999999998,1,0.0,0.0,0.0,0.0,0.0,0.0,Switzerland,1690.15,2
12457,58,2,911.0,455.5,338,169.0,31,2,0.30903553299492387,197,196.0,196.0,-0.03430790808069906,0.0,0.0,0.0,Switzerland,1102.08,3
12458,104,3,1061.89,353.96333333333337,673,224.33333333333334,56,3,0.44764705882352945,204,101.5,101.5,-0.515026080633207,0.0,0.0,0.0,Switzerland,425.48,1
12462,122,1,581.36,581.36,280,280.0,38,1,30.439999999999998,1,0.0,0.0,0.0,0.0,0.0,0.0,Spain,293.28999999999996,1
12463,26,2,563.1999999999999,281.59999999999997,352,176.0,30,2,1.7394285714285713,35,35.0,35.0,-0.2096194805607655,0.0,0.0,0.0,Belgium,612.08,2
12464,20,4,113.89999999999999,28.474999999999998,26,6.5,3,2,1.1170642201834864,109,54.5,54.5,-0.23684210526315788,0.0,0.0,0.0,Belgium,98.6,3
12471,30,55,21872.36,397.67927272727275,9787,177.94545454545454,177,17,3.20727969348659,522,16.3125,17.0,0.27503884935188677,0.0,0.0,0.0,Germany,6418.41,15
12472,86,15,11185.66,745.7106666666666,7549,503.26666666666665,314,12,0.9947712418300654,459,32.714285714285715,32.0,-0.1060803340280965,0.0,0.0,0.0,Germany,2983.69,4
12473,11,1,443.32,443.32,381,381.0,29,1,30.439999999999998,1,0.0,0.0,0.0,0.0,0.0,0.0,Germany,1852.84,2
12474,20,19,6832.2699999999995,359.5931578947368,4566,240.31578947368422,254,12,1.238458244111349,467,27.41176470588235,23.0,0.3519973286331966,0.0,0.0,0.0,Germany,4143.29,10
12475,229,1,396.26,396.26,234,234.0,24,1,30.439999999999998,1,0.0,0.0,0.0,0.0,0.0,0.0,Germany,635.14,1
12476,54,11,7303.57,663.960909090909,3389,308.09090909090907,254,8,1.2494029850746269,268,29.666666666666668,21.0,-0.7569258996393443,0.0,0.0,0.0,Germany,3289.97,6
12477,58,5,9360.6,1872.1200000000001,3357,671.4,241,5,0.3963541666666667,384,96.0,98.0,0.5340971233343983,0.0,0.0,0.0,Germany,7831.47,4
12480,86,5,2870.67,574.134,1581,316.2,113,5,0.6315352697095437,241,60.0,66.0,-0.035060097538496884,0.0,0.0,0.0,Germany,1140.14,2
12481,24,11,5926.58,538.78,3608,328.0,179,8,0.8308684863523573,403,50.375,37.0,0.04717082151702412,0.0,0.0,0.0,Germany,1554.79,3
12483,3,15,2629.8900000000003,175.32600000000002,1357,90.46666666666667,52,11,0.9242914979757085,494,35.285714285714285,26.0,0.1341312991966239,0.0,0.0,0.0,Sweden,826.45,3
12484,155,6,2330.92,388.4866666666667,1438,239.66666666666666,180,5,0.5293913043478261,345,69.0,30.0,0.7154793528133302,0.0,0.0,0.0,Spain,2720.23,3
12490,34,12,4678.75,389.8958333333333,2801,233.41666666666666,129,11,0.6970992366412213,524,47.63636363636363,53.0,-0.07507168982271908,0.0,0.0,0.0,France,3464.4900000000002,8
12492,222,1,380.0,380.0,248,248.0,21,1,30.439999999999998,1,0.0,0.0,0.0,0.0,0.0,0.0,Germany,227.21,2
12493,16,1,179.55,179.55,85,85.0,10,1,30.439999999999998,1,0.0,0.0,0.0,0.0,0.0,0.0,France,183.24,1
12494,15,6,1090.89,181.81500000000003,499,83.16666666666667,52,5,0.48063157894736847,380,76.0,63.0,0.3447393874261152,0.0,0.0,0.0,France,458.46000000000004,3
12497,220,2,1057.04,528.52,556,278.0,15,2,0.24848979591836737,245,244.0,244.0,0.0010601241859761834,0.0,0.0,0.0,Germany,20.4,1
12500,86,11,1413.5900000000001,128.50818181818184,584,53.09090909090909,64,8,0.8227027027027027,407,40.7,23.0,-0.5723332054052963,0.0,0.0,0.0,Germany,375.09000000000003,4
12502,37,3,1204.7,401.56666666666666,400,133.33333333333334,57,3,0.9926086956521739,92,46.0,46.0,-0.6162416724098323,0.0,0.0,0.0,Spain,1159.72,2
12504,236,2,129.0,64.5,126,63.0,6,2,0.33822222222222226,180,179.0,179.0,-0.8917525773195876,0.0,0.0,0.0,Germany,415.29999999999995,2
12507,118,2,771.75,385.875,525,262.5,37,2,0.2121254355400697,287,286.0,286.0,-0.20418848167539264,0.0,0.0,0.0,Spain,46.75,1
12510,144,6,2686.63,447.7716666666667,1341,223.5,88,6,0.4443795620437956,411,82.0,50.0,-0.15605353466026098,0.0,0.0,0.0,Spain,54.8,1
12516,0,3,1309.8,436.59999999999997,992,330.6666666666667,39,3,0.21794749403341288,419,209.5,209.5,-0.6491336633663366,0.0,0.0,0.0,Germany,172.28,1
12517,9,1,749.7,749.7,413,413.0,125,1,30.439999999999998,1,0.0,0.0,0.0,0.0,0.0,0.0,Germany,1551.9,3
12519,296,1,335.78,335.78,162,162.0,20,1,30.439999999999998,1,0.0,0.0,0.0,0.0,0.0,0.0,Germany,276.84,1
12520,24,3,1462.36,487.4533333333333,931,310.3333333333333,91,2,1.3234782608695652,69,34.5,34.5,-0.6109274668490445,0.0,0.0,0.0,Germany,790.45,2
12523,72,16,2651.65,165.728125,1548,96.75,119,13,1.0146666666666668,480,32.0,29.0,-0.44012330064532823,0.0,0.0,0.0,France,1121.92,7
12524,24,12,4207.0,350.5833333333333,2415,201.25,111,10,0.7855483870967742,465,42.27272727272727,33.0,0.12505872072172183,0.0,0.0,0.0,Germany,620.66,3
12527,114,4,533.72,133.43,416,104.0,21,4,0.5181276595744682,235,78.33333333333333,35.0,0.00044977511244379513,0.0,0.0,0.0,Germany,63.790000000000006,1
12528,96,2,628.46,314.23,349,174.5,35,2,1.6454054054054055,37,36.0,36.0,-0.527438024274802,0.0,0.0,0.0,Germany,883.12,4
12530,53,7,1917.3700000000001,273.91,1275,182.14285714285714,68,7,0.5209779951100244,409,68.16666666666667,62.0,-0.46927566083075867,0.0,0.0,0.0,Germany,751.9200000000001,2
12531,505,1,1616.08,1616.08,1063,1063.0,108,1,30.439999999999998,1,0.0,0.0,0.0,0.0,0.0,0.0,Germany,95.27,1
12535,5,1,371.45,371.45,115,115.0,18,1,30.439999999999998,1,0.0,0.0,0.0,0.0,0.0,0.0,France,344.9,1
12538,197,1,261.55,261.55,144,144.0,12,1,30.439999999999998,1,0.0,0.0,0.0,0.0,0.0,0.0,Spain,363.95,1
12539,81,6,8797.54,1466.256666666667,3911,651.8333333333334,233,4,0.4014065934065934,455,113.5,85.5,-0.11811690617473024,0.0,0.0,0.0,Spain,898.66,1
12540,5,22,11671.39,530.5177272727273,6588,299.45454545454544,241,17,1.2265201465201465,546,27.3,23.0,0.7390045703527024,0.0,0.0,0.0,Spain,5560.97,10
12541,100,1,284.40000000000003,284.40000000000003,287,287.0,16,1,30.439999999999998,1,0.0,0.0,0.0,0.0,0.0,0.0,Spain,531.78,2
12545,79,1,531.4,531.4,342,342.0,32,1,30.439999999999998,1,0.0,0.0,0.0,0.0,0.0,0.0,Spain,288.24,1
12553,24,7,2226.85,318.12142857142857,1221,174.42857142857142,87,6,0.9729680365296804,219,36.5,36.5,-0.34430020223649777,0.0,0.0,0.0,France,1606.12,5
12557,252,1,491.34000000000003,491.34000000000003,342,342.0,11,1,30.439999999999998,1,0.0,0.0,0.0,0.0,0.0,0.0,Spain,243.84,1
12562,17,3,1175.46,391.82,564,188.0,40,3,0.38531645569620254,237,118.5,118.5,-0.5016443594646272,0.0,0.0,0.0,France,2541.42,6
12567,4,11,5634.6,512.2363636363636,2956,268.72727272727275,218,9,0.694688796680498,482,53.55555555555556,54.0,1.5318895540163597,0.0,0.0,0.0,France,4262.92,4
12569,3,6,905.9000000000001,150.98333333333335,456,76.0,27,3,2.6469565217391304,69,17.25,16.5,-0.8501066856330014,0.0,0.0,0.0,Germany,2188.23,26
12576,37,5,1168.54,233.708,840,168.0,73,5,0.49255663430420715,309,77.0,77.0,-0.4354590368059552,0.0,0.0,0.0,Other,813.61,3
12577,178,6,1104.79,184.13166666666666,760,126.66666666666667,193,4,0.4844562334217507,377,125.66666666666667,28.0,3.247162194253146,0.0,0.0,0.0,France,426.76,2
12578,149,3,2647.8,882.6,1425,475.0,104,3,0.8010526315789475,114,56.5,56.5,0.942975820427475,0.0,0.0,0.0,Other,917.3000000000001,1
12583,0,18,8114.96,450.8311111111111,4618,256.55555555555554,100,16,0.9908137432188067,553,32.529411764705884,34.0,0.17791182158124202,0.0,0.0,0.0,France,3319.25,9
12584,4,2,470.94,235.47,108,54.0,20,2,0.6408421052631579,95,95.0,95.0,-0.7014999448549686,0.0,0.0,0.0,Other,1430.51,6
12586,194,3,1606.78,535.5933333333334,591,197.0,69,3,0.26166189111747856,349,174.5,174.5,1.9634435125801681,0.0,0.0,0.0,Other,196.94000000000003,1
12588,218,2,492.88,246.44,376,188.0,24,2,0.30592964824120605,199,198.0,198.0,-0.01976697468862992,0.0,0.0,0.0,Other,149.39999999999998,1
12589,241,4,2703.28,675.82,1438,359.5,97,3,0.45432835820895523,268,134.0,134.0,2.086591080876795,0.0,0.0,0.0,France,468.28,2
12592,32,3,1132.64,377.5466666666667,782,260.6666666666667,28,2,0.29843137254901964,306,306.0,306.0,-0.7673153106090287,0.0,0.0,0.0,Germany,187.8,1
12593,38,1,200.0,200.0,98,98.0,10,1,30.439999999999998,1,0.0,0.0,0.0,0.0,0.0,0.0,France,182.1,2
12594,3,11,3106.4,282.40000000000003,1507,137.0,71,11,0.7231965442764579,463,46.3,39.5,0.65347786348222,0.0,0.0,0.0,Other,1351.47,2
12596,61,1,213.95,213.95,154,154.0,14,1,30.439999999999998,1,0.0,0.0,0.0,0.0,0.0,0.0,Spain,142.24,1
12597,2,2,1011.47,505.735,563,281.5,65,2,0.707906976744186,86,85.0,85.0,0.43610308285163774,0.0,0.0,0.0,Spain,1805.5,2
12598,40,5,2265.15,453.03000000000003,1229,245.8,90,4,0.35560747663551406,428,107.0,121.5,-0.23615296563646143,0.0,0.0,0.0,France,1559.09,5
12599,27,9,1459.44,162.16,1458,162.0,36,7,0.7404324324324325,370,46.125,38.5,-0.47067405106038085,0.0,0.0,0.0,France,395.92,4
12600,23,17,3013.7400000000002,177.27882352941177,872,51.294117647058826,39,13,0.9782230623818526,529,33.0,26.5,0.27809693707858385,0.0,0.0,0.0,Germany,1120.3600000000001,4
12604,81,1,160.5,160.5,136,136.0,9,1,30.439999999999998,1,0.0,0.0,0.0,0.0,0.0,0.0,France,75.68,1
12609,5,8,2630.55,328.81875,1301,162.625,112,8,0.4560299625468165,534,76.14285714285714,63.0,0.06713239454328315,0.0,0.0,0.0,Germany,290.12,1
12613,17,8,4312.2300000000005,539.0287500000001,2289,286.125,168,7,0.4612121212121212,528,88.0,79.5,-0.31656757379263517,0.0,0.0,0.0,Germany,1704.86,1
12615,233,4,3019.02,754.755,1776,444.0,138,3,0.5585321100917432,218,109.0,109.0,0.6917562724014339,0.0,0.0,0.0,France,1813.29,4
12616,116,2,601.4,300.7,308,154.0,25,2,0.6617391304347826,92,91.0,91.0,-0.4248297537977999,0.0,0.0,0.0,France,421.7,1
12619,53,3,342.52,114.17333333333333,210,70.0,16,3,0.2792660550458716,327,163.0,163.0,0.6887510793625873,0.0,0.0,0.0,Germany,727.58,6
12620,24,1,542.9399999999999,542.9399999999999,386,386.0,32,1,30.439999999999998,1,0.0,0.0,0.0,0.0,0.0,0.0,France,681.27,2
12621,19,24,11776.84,490.70166666666665,6113,254.70833333333334,234,13,1.5576972281449895,469,21.272727272727273,15.5,0.8050313566608789,0.0,0.0,0.0,Germany,4734.36,10
12626,135,2,996.05,498.025,443,221.5,54,1,5.534545454545455,11,10.0,10.0,0.0,0.0,0.0,0.0,Germany,4508.39,7
12631,275,5,2841.07,568.214,1371,274.2,105,4,0.6394957983193278,238,79.0,88.0,-0.29304678534736045,0.0,0.0,0.0,Other,480.5,1
12633,16,5,4377.0,875.4,2441,488.2,200,5,0.46261398176291796,329,82.25,93.0,-0.5857332570786037,0.0,0.0,0.0,Germany,398.43,2
12635,211,2,1115.23,557.615,770,385.0,76,2,0.9366153846153846,65,64.0,64.0,-0.3085404880712239,0.0,0.0,0.0,Germany,1474.94,2
12637,58,8,4413.25,551.65625,2286,285.75,224,6,0.7984262295081967,305,50.666666666666664,49.0,1.6825749033016866,0.0,0.0,0.0,France,3489.9,4
12638,459,1,93.3,93.3,78,78.0,7,1,30.439999999999998,1,0.0,0.0,0.0,0.0,0.0,0.0,Sweden,511.69,1
12643,40,4,581.28,145.32,248,62.0,5,3,0.6244102564102564,195,97.5,97.5,-0.5752941176470588,0.0,0.0,0.0,France,102.0,1
12644,250,3,1390.68,463.56,704,234.66666666666666,73,3,0.3459090909090909,264,132.0,132.0,-0.30038008872810823,0.0,0.0,0.0,Germany,465.16,1
12645,39,6,2329.02,388.17,1503,250.5,90,6,0.4058666666666667,450,89.8,93.0,-0.005497893330592818,0.0,0.0,0.0,Germany,886.28,2
12647,19,27,8698.09,322.1514814814815,4172,154.5185185185185,207,15,1.657016129032258,496,20.666666666666668,17.5,-0.5444331309209149,0.0,0.0,0.0,Germany,707.66,5
12648,257,3,698.15,232.71666666666667,306,102.0,30,3,0.3459090909090909,264,132.0,132.0,0.7704365079365079,0.0,0.0,0.0,Germany,300.05,1
12649,31,5,1596.1399999999999,319.22799999999995,1129,225.8,78,5,0.31446280991735537,484,121.0,136.5,0.5311449413257217,0.0,0.0,0.0,Germany,193.07000000000002,2
12653,116,2,2607.68,1303.84,1000,500.0,55,2,0.2635497835497836,231,230.0,230.0,-0.6633999323416949,0.0,0.0,0.0,Other,1042.91,1
12654,17,3,301.75,100.58333333333333,149,49.666666666666664,18,2,0.9318367346938776,98,98.0,98.0,0.030619111709286752,0.0,0.0,0.0,Germany,215.48000000000002,2
12656,23,5,2533.66,506.73199999999997,1387,277.4,114,5,0.4227777777777778,360,89.75,68.5,-0.6669577936085359,0.0,0.0,0.0,France,1790.0,3
12662,6,14,4225.39,301.81357142857144,2365,168.92857142857142,121,12,0.9887703016241299,431,33.07692307692308,33.0,-0.17615935262994095,0.0,0.0,0.0,Germany,1807.15,6
12664,51,4,666.9,166.725,174,43.5,3,4,0.245979797979798,495,164.66666666666666,192.0,-0.14750000000000008,0.0,0.0,0.0,Other,849.1,4
12668,78,8,9032.62,1129.0775,4559,569.875,255,8,0.5825837320574163,418,59.714285714285715,51.0,0.2609246326750271,0.0,0.0,0.0,Germany,738.68,1
12669,76,1,1028.3,1028.3,842,842.0,68,1,30.439999999999998,1,0.0,0.0,0.0,0.0,0.0,0.0,France,382.48,1
12670,19,4,1547.03,386.7575,613,153.25,42,4,0.26072805139186295,467,155.66666666666666,153.0,5.451974951830442,0.0,0.0,0.0,France,1595.98,3
12673,146,2,786.4,393.2,517,258.5,51,2,0.8010526315789473,76,75.0,75.0,-0.6093722369584439,0.0,0.0,0.0,Germany,353.62,1
12674,27,1,281.64,281.64,202,202.0,13,1,30.439999999999998,1,0.0,0.0,0.0,0.0,0.0,0.0,France,1107.14,3
12676,9,7,1679.93,239.99,1166,166.57142857142858,50,5,0.7247619047619047,294,58.6,58.0,-0.3705503501522823,0.0,0.0,0.0,Sweden,382.44,3
12678,7,10,4582.1,458.21000000000004,2262,226.2,86,10,0.5922178988326848,514,57.111111111111114,49.0,-0.3984215254160272,0.0,0.0,0.0,France,859.06,5
12681,6,35,21305.6,608.7314285714285,12955,370.14285714285717,395,17,1.9766233766233767,539,15.852941176470589,13.0,0.5211447948563327,0.0,0.0,0.0,France,3815.06,8
12682,11,31,13821.38,445.85096774193545,6766,218.25806451612902,246,18,1.7251188299817186,547,18.2,15.5,-0.04060448829725415,0.0,0.0,0.0,France,4886.4800000000005,19
12683,4,16,6927.9800000000005,432.99875000000003,4720,295.0,188,9,0.8985977859778599,542,45.166666666666664,40.0,1.0417072954525308,0.0,0.0,0.0,France,2656.64,4
12684,16,2,716.46,358.23,666,333.0,30,1,3.581176470588235,17,16.0,16.0,0.0,0.0,0.0,0.0,France,1063.53,4
12691,138,3,468.8,156.26666666666668,198,66.0,16,3,0.8952941176470589,102,50.5,50.5,2.020583190394511,0.0,0.0,0.0,France,417.2,2
12693,31,6,1225.88,204.31333333333336,488,81.33333333333333,58,6,0.587266881028939,311,62.2,56.0,-0.25648902732147183,0.0,0.0,0.0,Germany,189.14000000000001,1
12694,2,2,1223.43,611.715,1157,578.5,59,2,0.2557983193277311,238,238.0,238.0,-0.5830582676071019,0.0,0.0,0.0,France,274.17,1
12695,29,4,832.32,208.08,264,66.0,29,4,0.2676043956043956,455,151.66666666666666,75.0,-0.8798901853122856,0.0,0.0,0.0,France,492.85,3
12700,34,1,921.68,921.68,768,768.0,59,1,30.439999999999998,1,0.0,0.0,0.0,0.0,0.0,0.0,France,3253.34,3
12701,61,5,1749.56,349.912,1188,237.6,87,3,0.3892583120204604,391,97.75,50.5,-0.819762813853398,0.0,0.0,0.0,Germany,424.63,1
12703,452,3,632.98,210.99333333333334,426,142.0,43,2,1.7561538461538462,52,25.5,25.5,-0.7429150199590888,0.0,0.0,0.0,Germany,265.55,1
12705,20,8,7463.91,932.98875,4845,605.625,247,7,0.7312912912912913,333,55.333333333333336,36.5,-0.4083307743487384,0.0,0.0,0.0,Germany,3320.39,5
12708,20,13,3134.85,241.1423076923077,1796,138.15384615384616,93,12,0.7595393474088292,521,43.416666666666664,38.0,0.22336094640982732,0.0,0.0,0.0,Germany,1115.94,5
12709,10,24,17441.31,726.72125,6312,263.0,150,16,1.3528888888888888,540,27.0,28.0,-0.4722601091902417,0.0,0.0,0.0,Germany,4153.04,7
12710,20,1,646.96,646.96,382,382.0,43,1,30.439999999999998,1,0.0,0.0,0.0,0.0,0.0,0.0,Germany,376.06,2
12712,1,17,4499.55,264.6794117647059,1697,99.82352941176471,112,14,0.9425865209471768,549,34.25,28.5,1.253635397308613,0.0,0.0,0.0,Germany,1307.25,4
12714,26,9,9562.17,1062.4633333333334,5821,646.7777777777778,356,9,0.5178827977315691,529,66.125,67.0,-0.10085998013902679,0.0,0.0,0.0,France,2676.94,3
12717,65,2,697.72,348.86,352,176.0,41,2,0.17646376811594205,345,345.0,345.0,1.0611152546834552,0.0,0.0,0.0,Other,321.24,1
12720,11,14,3649.7,260.6928571428571,2935,209.64285714285714,181,9,1.352888888888889,315,26.166666666666668,22.5,-0.19924241111900248,0.0,0.0,0.0,Germany,2878.12,15
12721,2,6,2587.73,431.28833333333336,1753,292.1666666666667,139,6,0.6319723183391004,289,57.6,57.0,-0.2431054382510695,0.0,0.0,0.0,France,864.22,2
12724,151,4,1196.21,299.0525,753,188.25,62,4,0.5968627450980393,204,67.66666666666667,51.0,-0.47180489549798144,0.0,0.0,0.0,France,786.51,3
12726,4,9,1705.46,189.49555555555557,1712,190.22222222222223,49,9,0.6226363636363637,440,55.0,47.0,0.5129814634721366,0.0,0.0,0.0,France,903.22,2
12727,6,8,3805.3900000000003,475.67375000000004,2189,273.625,112,7,0.5203418803418803,468,77.83333333333333,99.5,0.5978372916993778,0.0,0.0,0.0,France,965.26,2
12728,76,4,671.95,167.9875,369,92.25,36,4,0.9587401574803149,127,42.0,48.0,0.36635665183987054,0.0,0.0,0.0,France,160.22,1
12731,31,8,7610.27,951.28375,3085,385.625,84,8,0.5585321100917432,436,62.142857142857146,59.0,0.15979963673515724,0.0,0.0,0.0,France,5521.74,6
12739,213,1,779.69,779.69,423,423.0,40,1,30.439999999999998,1,0.0,0.0,0.0,0.0,0.0,0.0,Other,553.44,1
12744,68,6,6054.91,1009.1516666666666,2881,480.1666666666667,161,4,0.5324781341107873,343,114.33333333333333,132.0,0.05782733705367755,0.0,0.0,0.0,Other,3251.9,2
12747,18,21,5557.42,264.63904761904763,1846,87.9047619047619,72,13,1.1970786516853933,534,26.7,22.5,0.14740510902367468,0.0,0.0,0.0,United Kingdom,2091.86,5
12748,1,202,20652.82,102.24168316831683,13292,65.8019801980198,1605,19,11.119132007233274,553,4.424,3.0,0.9655912768587689,0.0,0.0,0.0,United Kingdom,17116.81,113
12749,32,5,2791.13,558.226,1092,218.4,135,4,0.49255663430420715,309,102.66666666666667,96.0,-0.6191274835747645,0.0,0.0,0.0,United Kingdom,2740.23,4
12753,67,4,4386.55,1096.6375,1549,387.25,40,4,1.0587826086956522,115,38.0,34.0,-0.19078444996319568,0.0,0.0,0.0,Other,1224.72,2
12757,4,2,846.03,423.015,457,228.5,78,2,2.3415384615384616,26,26.0,26.0,-0.596569513793275,0.0,0.0,0.0,Portugal,3151.02,6
12758,96,6,7420.72,1236.7866666666666,4075,679.1666666666666,157,6,0.39532467532467536,462,92.4,89.0,-0.557397190502296,0.0,0.0,0.0,Portugal,1158.4,1
12759,95,6,3543.34,590.5566666666667,2506,417.6666666666667,157,6,0.3970434782608696,460,92.0,83.0,-0.19228414586862033,0.0,0.0,0.0,Netherlands,903.59,2
12766,59,6,5069.07,844.8449999999999,3078,513.0,198,6,1.0871428571428572,168,33.4,32.0,-0.19375663707948462,0.0,0.0,0.0,Portugal,2732.92,3
12775,9,6,1327.81,221.30166666666665,937,156.16666666666666,43,6,0.8301818181818182,220,44.0,49.0,2.233412322274882,0.0,0.0,0.0,Netherlands,206.36,1
12778,2,7,1149.46,164.20857142857145,1078,154.0,60,6,0.5073333333333333,420,69.83333333333333,65.5,-0.19111600898571626,0.0,0.0,0.0,Netherlands,216.05,2
12779,9,13,5187.99,399.07615384615383,2643,203.30769230769232,122,13,0.7221167883211679,548,45.583333333333336,42.0,0.9279872599575331,0.0,0.0,0.0,Other,815.39,1
12781,104,1,518.06,518.06,298,298.0,14,1,30.439999999999998,1,0.0,0.0,0.0,0.0,0.0,0.0,Other,155.88,1
12782,72,9,3217.32,357.48,1512,168.0,119,7,1.0299248120300752,266,33.25,25.0,0.05470855625729112,0.0,0.0,0.0,Portugal,566.17,2
12784,348,1,1034.33,1034.33,575,575.0,71,1,30.439999999999998,1,0.0,0.0,0.0,0.0,0.0,0.0,Portugal,476.82,1
12787,12,2,523.62,261.81,312,156.0,27,2,0.275475113122172,221,221.0,221.0,-0.6239356669820246,0.0,0.0,0.0,Netherlands,275.56,2
12808,4,4,546.4,136.6,241,60.25,34,3,0.436415770609319,279,92.66666666666667,67.0,-0.6147800735200913,0.0,0.0,0.0,Portugal,202.3,1
12809,385,2,915.28,457.64,286,143.0,48,2,0.7424390243902439,82,82.0,82.0,-0.21957671957671965,0.0,0.0,0.0,Portugal,379.81,1
12815,17,1,418.86,418.86,230,230.0,27,1,30.439999999999998,1,0.0,0.0,0.0,0.0,0.0,0.0,Other,342.6,1
12820,146,8,1812.55,226.56875,1181,147.625,87,8,0.5968627450980393,408,58.285714285714285,59.0,-0.14707475899857897,0.0,0.0,0.0,United Kingdom,753.16,3
12823,108,6,1297.5,216.25,190,31.666666666666668,1,4,0.5403550295857988,338,84.25,50.0,-0.297244094488189,0.0,0.0,0.0,United Kingdom,229.5,1
12826,136,8,1938.13,242.26625,1370,171.25,81,6,0.5998029556650246,406,57.857142857142854,39.0,3.193274383708466,0.0,0.0,0.0,United Kingdom,763.7,4
12836,38,13,4319.92,332.3015384615385,1780,136.92307692307693,222,12,0.761,520,47.18181818181818,42.0,-0.030060376119511914,0.0,0.0,0.0,United Kingdom,830.1600000000001,2
12837,388,1,433.26,433.26,164,164.0,70,1,30.439999999999998,1,0.0,0.0,0.0,0.0,0.0,0.0,United Kingdom,91.65,1
12838,193,9,2318.46,257.6066666666667,1260,140.0,171,7,1.2452727272727273,220,27.375,20.0,2.6832845167154833,0.0,0.0,0.0,United Kingdom,251.71,1
12839,2,17,5596.17,329.1864705882353,3875,227.94117647058823,122,13,0.9408727272727273,550,34.3125,31.5,-0.022736427042038466,0.0,0.0,0.0,United Kingdom,3809.4500000000003,9
12840,2,6,3199.21,533.2016666666667,1710,285.0,100,6,0.37121951219512195,492,98.4,112.0,1.0514001754988358,0.0,0.0,0.0,United Kingdom,576.0,1
12841,0,28,5033.88,179.78142857142856,3542,126.5,224,12,2.514218289085546,339,12.555555555555555,10.0,-0.5269681859681157,0.0,0.0,0.0,United Kingdom,1628.77,12
12842,127,3,713.23,237.74333333333334,374,124.66666666666667,25,3,0.21237209302325583,430,214.5,214.5,5.820504385964911,0.0,0.0,0.0,United Kingdom,563.46,1
12843,5,22,3611.02,164.13727272727272,1368,62.18181818181818,106,11,1.237855822550832,541,28.42105263157895,18.0,-0.4618969123102939,0.0,0.0,0.0,United Kingdom,582.13,4
12844,261,2,322.64,161.32,98,49.0,43,2,0.4005263157894737,152,151.0,151.0,0.6224498089896773,0.0,0.0,0.0,United Kingdom,325.96000000000004,2
12847,206,1,659.36,659.36,524,524.0,33,1,30.439999999999998,1,0.0,0.0,0.0,0.0,0.0,0.0,United Kingdom,758.68,1
12849,88,5,2337.04,467.408,1476,295.2,102,4,0.47120743034055734,323,80.75,74.5,4.690638419696537,0.0,0.0,0.0,United Kingdom,341.44,1
12851,296,1,110.7,110.7,48,48.0,28,1,30.439999999999998,1,0.0,0.0,0.0,0.0,0.0,0.0,United Kingdom,114.86,1
12853,58,8,2550.5,318.8125,1172,146.5,79,6,0.5611059907834102,434,86.6,76.0,0.22828935872793982,0.0,0.0,0.0,United Kingdom,832.4,3
12854,60,6,2148.4900000000002,358.0816666666667,1266,211.0,159,5,0.3742622950819672,488,97.4,77.0,-0.5786367816244037,0.0,0.0,0.0,United Kingdom,505.88,1
12863,198,5,1750.55,350.11,511,102.2,23,5,0.7213270142180095,211,52.5,28.0,-0.9365792910731099,0.0,0.0,0.0,United Kingdom,449.2,1
12864,327,1,0.95,0.95,1,1.0,1,1,30.439999999999998,1,0.0,0.0,0.0,0.0,0.0,0.0,United Kingdom,10.2,1
12865,197,2,1640.88,820.44,948,474.0,89,2,0.614949494949495,99,98.0,98.0,-0.3861519547578067,0.0,0.0,0.0,Other,1429.42,2
12867,33,10,5403.96,540.396,5493,549.3,299,10,0.5980353634577604,509,56.55555555555556,55.0,0.5080686707230474,0.0,0.0,0.0,United Kingdom,2191.63,3
12871,26,2,246.2,123.1,154,77.0,6,2,0.26128755364806866,233,232.0,232.0,0.15586690017513147,0.0,0.0,0.0,United Kingdom,85.44,1
12876,15,3,2057.4900000000002,685.83,1329,443.0,85,3,0.23118987341772154,395,197.0,197.0,0.7898926072571458,0.0,0.0,0.0,Belgium,765.29,1
12877,20,15,2081.69,138.77933333333334,1399,93.26666666666667,80,13,0.9318367346938776,490,35.0,32.5,0.36123682807590646,0.0,0.0,0.0,United Kingdom,844.61,5
12886,39,1,748.33,748.33,367,367.0,45,1,30.439999999999998,1,0.0,0.0,0.0,0.0,0.0,0.0,United Kingdom,538.98,1
12890,206,1,312.35,312.35,200,200.0,55,1,30.439999999999998,1,0.0,0.0,0.0,0.0,0.0,0.0,United Kingdom,376.71999999999997,1
12901,3,8,969.96,121.245,658,82.25,17,4,2.799080459770115,87,14.333333333333334,13.5,-0.610929713009108,0.0,0.0,0.0,United Kingdom,714.66,8
12909,21,6,1680.25,280.0416666666667,1051,175.16666666666666,87,5,0.404070796460177,452,113.0,114.5,1.0838762962283197,0.0,0.0,0.0,United Kingdom,397.28,2
12910,17,8,3345.22,418.1525,1782,222.75,46,6,0.5743396226415095,424,84.8,66.0,-0.09997614476718429,0.0,0.0,0.0,United Kingdom,1694.22,5
12913,102,9,1823.95,202.66111111111113,597,66.33333333333333,26,8,0.6007894736842105,456,57.0,31.5,0.09569933243712152,0.0,0.0,0.0,United Kingdom,899.88,2
12915,192,3,734.6,244.86666666666667,353,117.66666666666667,39,3,0.4208294930875576,217,108.5,108.5,-0.10023249806251618,0.0,0.0,0.0,United Kingdom,138.5,1
12916,21,6,3115.1,519.1833333333333,1140,190.0,69,6,0.37813664596273294,483,96.6,77.0,1.0851558606943135,0.0,0.0,0.0,United Kingdom,465.75,1
12920,390,3,323.86,107.95333333333333,292,97.33333333333333,32,2,0.592987012987013,154,154.0,154.0,0.33160547156227493,0.0,0.0,0.0,United Kingdom,128.88,1
12921,4,52,22620.38,435.00730769230773,13838,266.11538461538464,230,18,2.857184115523466,554,15.38888888888889,13.0,-0.05148506811214655,0.0,0.0,0.0,United Kingdom,10284.29,22
12923,209,2,521.1,260.55,156,78.0,26,2,0.3290810810810811,185,185.0,185.0,-0.6111407249466951,0.0,0.0,0.0,United Kingdom,171.57,1
12924,17,11,1226.5,111.5,554,50.36363636363637,43,9,0.6282176360225141,533,59.111111111111114,66.0,0.348761944885961,0.0,0.0,0.0,United Kingdom,149.52,1
12925,412,1,25.2,25.2,60,60.0,4,1,30.439999999999998,1,0.0,0.0,0.0,0.0,0.0,0.0,United Kingdom,652.63,2
12928,61,9,2885.19,320.57666666666665,1729,192.11111111111111,75,6,0.8866019417475729,309,44.0,35.0,-0.4373832449781818,0.0,0.0,0.0,United Kingdom,980.5,3
12931,176,14,2445.49,174.67785714285714,695,49.642857142857146,13,7,1.2608284023668639,338,30.636363636363637,14.0,-0.9863211868235723,0.0,0.0,0.0,United Kingdom,43.96,1
12933,103,6,1097.4,182.9,512,85.33333333333333,156,4,0.4095067264573991,446,111.5,74.0,5.044097823993837,0.0,0.0,0.0,United Kingdom,464.94,2
12935,22,10,2949.39,294.93899999999996,1976,197.6,78,8,0.7534653465346535,404,50.5,52.0,-0.3366194244076858,0.0,0.0,0.0,United Kingdom,1185.03,5
12937,16,7,1957.82,279.68857142857144,1239,177.0,80,6,0.39532467532467536,539,89.83333333333333,68.0,-0.35786418841843926,0.0,0.0,0.0,United Kingdom,1002.09,2
12942,17,2,320.02000000000004,160.01000000000002,98,49.0,21,2,0.3602366863905325,169,168.0,168.0,-0.45959085439229835,0.0,0.0,0.0,United Kingdom,249.38,1
12944,174,1,286.95,286.95,145,145.0,14,1,30.439999999999998,1,0.0,0.0,0.0,0.0,0.0,0.0,United Kingdom,292.56,1
12947,3,4,1141.4,285.35,932,233.0,68,4,0.6408421052631579,190,63.333333333333336,51.0,0.39941139373554746,0.0,0.0,0.0,United Kingdom,207.35,1
12948,34,5,1102.26,220.452,516,103.2,52,3,0.2910133843212237,523,130.75,26.5,3.1030555555555552,0.0,0.0,0.0,United Kingdom,1120.55,4
12949,25,17,13164.98,774.4105882352941,6947,408.6470588235294,305,11,0.9763773584905661,530,44.166666666666664,32.0,-0.17755727240888122,0.0,0.0,0.0,United Kingdom,1875.72,5
12951,23,13,2757.58,212.12153846153845,1431,110.07692307692308,100,11,0.7994343434343435,495,41.166666666666664,41.0,0.2068412998469709,0.0,0.0,0.0,United Kingdom,422.24,2
12953,341,1,473.46000000000004,473.46000000000004,278,278.0,30,1,30.439999999999998,1,0.0,0.0,0.0,0.0,0.0,0.0,United Kingdom,274.95,1
12955,23,3,669.5799999999999,223.1933333333333,452,150.66666666666666,26,2,1.404923076923077,65,32.0,32.0,-0.4986322256603435,0.0,0.0,0.0,United Kingdom,3168.38,8
12957,5,9,6033.04,670.3377777777778,3174,352.6666666666667,283,8,0.5045303867403315,543,77.42857142857143,64.0,-0.6362004656735313,0.0,0.0,0.0,United Kingdom,2223.37,4
12963,185,5,1696.12,339.224,782,156.4,71,4,0.9883116883116884,154,38.5,37.0,-0.7250285645558964,0.0,0.0,0.0,United Kingdom,1395.8600000000001,7
12970,141,8,1010.87,126.35875,644,80.5,179,3,0.5882125603864734,414,137.66666666666666,58.0,2.2665344194487824,0.0,0.0,0.0,United Kingdom,343.42,2
12971,9,69,7423.77,107.5908695652174,3295,47.7536231884058,70,17,4.217590361445783,498,8.423728813559322,6.0,1.6906636838180455,0.0,0.0,0.0,United Kingdom,3546.3700000000003,41
12977,321,3,320.94,106.98,113,37.666666666666664,42,1,9.132,10,10.0,10.0,0.0,0.0,0.0,0.0,United Kingdom,19.24,1
12987,17,4,918.61,229.6525,466,116.5,44,4,0.24747967479674796,492,163.66666666666666,190.0,0.31428715390623035,0.0,0.0,0.0,United Kingdom,216.4,1
12989,19,13,2540.86,195.45076923076925,498,38.30769230769231,15,10,0.7466415094339623,530,48.09090909090909,38.0,0.2927810864464899,0.0,0.0,0.0,United Kingdom,1596.97,7
12990,4,6,809.9,134.98333333333332,410,68.33333333333333,6,6,0.41986206896551725,435,86.8,107.0,-0.5166666666666667,0.0,0.0,0.0,United Kingdom,145.6,1
12991,208,1,195.61,195.61,75,75.0,12,1,30.439999999999998,1,0.0,0.0,0.0,0.0,0.0,0.0,United Kingdom,461.26,2
12993,27,6,979.85,163.30833333333334,507,84.5,52,5,0.404070796460177,452,113.0,119.0,-0.7821142253433597,0.0,0.0,0.0,United Kingdom,239.46,2
12994,88,1,339.85,339.85,165,165.0,21,1,30.439999999999998,1,0.0,0.0,0.0,0.0,0.0,0.0,United Kingdom,583.57,2
12997,55,6,1476.15,246.025,773,128.83333333333334,51,6,0.4844562334217507,377,75.2,79.0,0.5517736136080763,0.0,0.0,0.0,United Kingdom,514.34,2
13001,3,30,16514.72,550.4906666666667,8559,285.3,295,17,1.6543478260869564,552,19.03448275862069,16.0,-0.33492792042887826,0.0,0.0,0.0,United Kingdom,1189.01,3
13003,34,1,59.050000000000004,59.050000000000004,31,31.0,4,1,30.439999999999998,1,0.0,0.0,0.0,0.0,0.0,0.0,United Kingdom,30.0,1
13004,3,26,8618.31,331.4734615384615,6153,236.65384615384616,317,17,1.4629205175600741,541,21.64,20.0,-0.12888883658530847,0.0,0.0,0.0,United Kingdom,2802.13,10
13005,65,3,794.88,264.96,424,141.33333333333334,37,3,0.4307547169811321,212,105.5,105.5,-0.32030936331170895,0.0,0.0,0.0,United Kingdom,117.05,1
13012,32,6,1934.47,322.4116666666667,999,166.5,63,5,0.48189973614775733,379,75.8,79.0,-0.4397296403539193,0.0,0.0,0.0,United Kingdom,901.2,5
13013,32,19,8088.13,425.69105263157894,4072,214.31578947368422,233,11,1.1252140077821013,514,32.0625,18.0,-0.11648145388155062,0.0,0.0,0.0,United Kingdom,2376.15,9
13014,39,4,2633.47,658.3675,1327,331.75,119,3,0.5716431924882629,213,70.66666666666667,42.0,-0.5515581858382743,0.0,0.0,0.0,United Kingdom,1857.75,6
13015,16,10,3840.11,384.011,2188,218.8,185,5,0.7497536945812808,406,58.0,48.0,-0.4261973262514242,0.0,0.0,0.0,United Kingdom,1526.1,1
13018,15,18,5676.04,315.3355555555556,3718,206.55555555555554,273,8,1.2095364238410595,453,37.666666666666664,15.5,0.769836781068406,0.0,0.0,0.0,United Kingdom,3408.78,17
13021,35,11,2782.2400000000002,252.93090909090913,1346,122.36363636363636,98,9,0.6439230769230769,520,51.9,42.5,0.49785877811195406,0.0,0.0,0.0,United Kingdom,1674.43,6
13023,348,1,460.41,460.41,233,233.0,29,1,30.439999999999998,1,0.0,0.0,0.0,0.0,0.0,0.0,United Kingdom,599.9,2
13026,95,5,755.6800000000001,151.13600000000002,666,133.2,25,5,0.33672566371681417,452,112.75,93.5,-0.8577992744860943,0.0,0.0,0.0,United Kingdom,377.03999999999996,3
13029,194,2,81.0,40.5,36,18.0,5,2,0.40859060402684566,149,149.0,149.0,-0.3229813664596272,0.0,0.0,0.0,United Kingdom,116.5,2
13030,187,1,332.01,332.01,169,169.0,48,1,30.439999999999998,1,0.0,0.0,0.0,0.0,0.0,0.0,United Kingdom,293.53000000000003,1
13032,211,7,1545.83,220.83285714285714,770,110.0,105,3,3.1335294117647057,68,22.666666666666668,27.0,-0.28531802251882776,0.0,0.0,0.0,United Kingdom,909.18,2
13034,188,2,279.91,139.955,153,76.5,16,2,1.9024999999999999,32,32.0,32.0,0.4542744410346339,0.0,0.0,0.0,United Kingdom,461.96,1
13035,80,2,708.6,354.3,350,175.0,20,2,0.3560233918128655,171,171.0,171.0,-0.23731343283582088,0.0,0.0,0.0,United Kingdom,491.2,1
13037,38,11,3478.06,316.1872727272727,1891,171.9090909090909,169,10,0.6476595744680852,517,57.44444444444444,51.0,-0.5985058508752136,0.0,0.0,0.0,United Kingdom,303.75,1
13038,3,2,591.76,295.88,280,140.0,22,2,0.5689719626168225,107,107.0,107.0,-0.5022525942799292,0.0,0.0,0.0,United Kingdom,316.70000000000005,1
13045,220,2,503.64,251.82,184,92.0,25,2,0.7162352941176471,85,85.0,85.0,-0.4524336283185841,0.0,0.0,0.0,United Kingdom,305.28000000000003,1
13046,85,2,517.66,258.83,317,158.5,31,2,0.3187434554973822,191,190.0,190.0,-0.3820091267112583,0.0,0.0,0.0,United Kingdom,321.09,1
13047,38,19,5758.62,303.08526315789476,2295,120.78947368421052,134,13,1.1452673267326734,505,36.0,31.5,-0.3612770304687701,0.0,0.0,0.0,United Kingdom,1485.41,3
13048,57,7,3049.46,435.63714285714286,1942,277.42857142857144,114,7,0.47990990990990995,444,73.83333333333333,79.5,-0.26770660546706354,0.0,0.0,0.0,United Kingdom,895.99,2
13049,137,3,516.54,172.17999999999998,238,79.33333333333333,10,2,1.0871428571428572,84,41.5,41.5,-0.5760833608997684,0.0,0.0,0.0,United Kingdom,299.79999999999995,1
13050,4,27,8877.12,328.78222222222223,4866,180.22222222222223,468,17,1.5248237476808906,539,20.73076923076923,19.5,0.306511514803168,0.0,0.0,0.0,United Kingdom,2213.51,7
13055,33,2,1403.23,701.615,1128,564.0,97,2,0.2805529953917051,217,216.0,216.0,-0.6741593204644878,0.0,0.0,0.0,United Kingdom,816.0,2
13064,146,3,601.3,200.4333333333333,210,70.0,19,3,0.3446037735849057,265,132.0,132.0,-0.4891959798994974,0.0,0.0,0.0,United Kingdom,823.96,3
13067,229,2,393.05,196.525,99,49.5,13,2,1.6454054054054055,37,37.0,37.0,-0.43655529037390606,0.0,0.0,0.0,United Kingdom,115.46000000000001,1
13069,0,29,6061.2300000000005,209.00793103448277,4762,164.20689655172413,519,13,2.4318457300275487,363,15.125,14.0,-0.315816145700553,0.0,0.0,0.0,United Kingdom,1135.45,8
13077,109,10,2511.3,251.13000000000002,1820,182.0,173,8,0.6933940774487471,439,54.75,49.0,0.12126331438418088,0.0,0.0,0.0,United Kingdom,130.32,1
13078,20,41,17575.26,428.66487804878045,5572,135.90243902439025,127,18,2.315473098330241,539,13.794871794871796,12.0,-0.1284079509804547,0.0,0.0,0.0,United Kingdom,4638.01,16
13079,236,1,199.08,199.08,96,96.0,11,1,30.439999999999998,1,0.0,0.0,0.0,0.0,0.0,0.0,United Kingdom,220.10000000000002,5
13080,220,3,222.65,74.21666666666667,73,24.333333333333332,11,3,0.43693779904306224,209,104.0,104.0,-0.6149300155520995,0.0,0.0,0.0,United Kingdom,58.08,1
13081,37,23,35647.63,1549.896956521739,23390,1016.9565217391304,613,15,1.3621011673151753,514,27.05263157894737,25.0,-0.025971961954378835,0.0,0.0,0.0,United Kingdom,10826.87,3
13082,55,14,1942.02,138.71571428571428,917,65.5,69,10,0.8841493775933611,482,48.2,48.5,0.18274217508013868,0.0,0.0,0.0,United Kingdom,475.5,4
13083,244,1,10.08,10.08,24,24.0,2,1,30.439999999999998,1,0.0,0.0,0.0,0.0,0.0,0.0,United Kingdom,286.8,2
13085,114,7,2093.7,299.09999999999997,756,108.0,44,3,0.47990990990990995,444,147.66666666666666,57.0,-0.9074827802128992,0.0,0.0,0.0,United Kingdom,137.98000000000002,1
13089,5,138,62546.48,453.2353623188406,32741,237.2536231884058,663,19,7.609999999999999,552,6.344827586206897,5.0,0.044684734632748385,0.0,0.0,0.0,United Kingdom,23430.68,40
13090,58,13,4043.82,311.06307692307695,1170,90.0,102,8,1.5457812499999999,256,23.272727272727273,22.0,-0.22722080235439904,0.0,0.0,0.0,United Kingdom,3626.02,7
13091,548,1,469.46000000000004,469.46000000000004,250,250.0,14,1,30.439999999999998,1,0.0,0.0,0.0,0.0,0.0,0.0,United Kingdom,313.18,1
13092,31,11,2102.2,191.1090909090909,480,43.63636363636363,48,11,0.7326914660831509,457,45.6,47.0,-0.6278067885117493,0.0,0.0,0.0,United Kingdom,34.08,1
13097,52,22,8975.630000000001,407.9831818181819,4129,187.6818181818182,325,14,1.3234782608695652,506,29.705882352941178,33.0,-0.11124790125901951,0.0,0.0,0.0,United Kingdom,2806.01,5
13098,4,9,5377.41,597.49,2662,295.77777777777777,79,6,2.075454545454545,132,16.5,13.5,4.298208011243852,0.0,0.0,0.0,United Kingdom,10357.57,19
13102,18,28,8174.41,291.9432142857143,4497,160.60714285714286,163,13,2.2195833333333335,384,16.0,16.0,0.41096461729795924,0.0,0.0,0.0,United Kingdom,2110.55,9
13103,257,2,465.70000000000005,232.85000000000002,344,172.0,21,2,0.43485714285714283,140,140.0,140.0,1.7757418517917951,0.0,0.0,0.0,United Kingdom,243.94,1
13104,86,4,401.94,100.485,126,31.5,2,4,0.31544041450777205,386,128.66666666666666,120.0,-0.07333908541846423,0.0,0.0,0.0,United Kingdom,458.52,3
13106,232,1,172.4,172.4,112,112.0,12,1,30.439999999999998,1,0.0,0.0,0.0,0.0,0.0,0.0,United Kingdom,76.5,1
13107,153,6,2852.73,475.455,1893,315.5,93,6,0.5356011730205279,341,68.0,68.0,0.1558837088034582,0.0,0.0,0.0,United Kingdom,703.78,3
13109,370,1,311.91,311.91,187,187.0,21,1,30.439999999999998,1,0.0,0.0,0.0,0.0,0.0,0.0,United Kingdom,786.54,2
13110,76,8,1904.14,238.0175,559,69.875,120,7,0.5052282157676349,482,68.71428571428571,48.0,0.21811404275147067,0.0,0.0,0.0,United Kingdom,726.48,4
13113,12,29,11004.619999999999,379.46965517241375,2672,92.13793103448276,154,13,2.0577156177156177,429,15.88888888888889,10.0,0.6900440228526605,0.0,0.0,0.0,United Kingdom,2567.2799999999997,8
13115,3,7,3882.77,554.6814285714286,2694,384.85714285714283,156,6,0.5122115384615384,416,69.16666666666667,35.5,-0.5061830173124485,0.0,0.0,0.0,United Kingdom,1362.3600000000001,3
13117,37,16,1980.4099999999999,123.77562499999999,1469,91.8125,111,14,1.1996059113300492,406,27.066666666666666,28.0,0.03604860539715465,0.0,0.0,0.0,United Kingdom,194.66,2
13118,27,7,1877.2,268.1714285714286,628,89.71428571428571,83,6,0.9224242424242425,231,38.5,31.5,-0.2578190255220417,0.0,0.0,0.0,United Kingdom,373.11,2
13124,71,3,2941.17,980.39,1823,607.6666666666666,154,3,0.6866165413533835,133,66.5,66.5,-0.40541185272734176,0.0,0.0,0.0,United Kingdom,1189.11,1
13126,72,10,2633.07,263.307,1776,177.6,116,8,0.7706329113924052,395,49.25,46.0,0.2095449624846018,0.0,0.0,0.0,United Kingdom,939.58,3
13131,7,5,2565.37,513.074,1204,240.8,98,4,0.31576763485477183,482,160.33333333333334,136.0,-0.7668594555030926,0.0,0.0,0.0,United Kingdom,748.4,2
13134,3,5,1376.59,275.318,627,125.4,59,4,0.6532188841201717,233,58.25,32.5,0.5405370489988007,0.0,0.0,0.0,United Kingdom,895.34,1
13136,31,9,4215.91,468.4344444444444,2055,228.33333333333334,159,6,0.5278612716763006,519,103.8,92.0,-0.1537669913116591,0.0,0.0,0.0,United Kingdom,1931.15,4
13137,72,10,4661.14,466.11400000000003,2547,254.7,479,6,1.2176,250,27.77777777777778,14.0,-0.7777905970579752,0.0,0.0,0.0,United Kingdom,2741.93,6
13138,60,3,685.72,228.57333333333335,316,105.33333333333333,30,3,0.5853846153846154,156,78.0,78.0,-0.6065433854907538,0.0,0.0,0.0,United Kingdom,575.54,4
13139,34,3,3455.08,1151.6933333333334,1849,616.3333333333334,112,3,0.4095067264573991,223,111.0,111.0,-0.6340641876131665,0.0,0.0,0.0,United Kingdom,3652.58,5
13140,185,3,674.31,224.76999999999998,393,131.0,64,3,0.73056,125,62.5,62.5,-0.3727308759413397,0.0,0.0,0.0,United Kingdom,238.71,2
13141,33,16,6324.49,395.280625,4204,262.75,247,11,0.9420502901353967,517,39.69230769230769,45.0,-0.0018356160055606125,0.0,0.0,0.0,United Kingdom,947.4000000000001,1
13145,336,2,204.0,102.0,48,24.0,1,2,0.7247619047619048,84,83.0,83.0,0.0,0.0,0.0,0.0,United Kingdom,297.6,3
13148,52,19,5868.66,308.87684210526317,3156,166.10526315789474,353,13,1.15672,500,35.714285714285715,36.5,0.025694571486757672,0.0,0.0,0.0,United Kingdom,1692.31,6
13149,108,1,333.0,333.0,178,178.0,16,1,30.439999999999998,1,0.0,0.0,0.0,0.0,0.0,0.0,United Kingdom,1132.76,3
13155,146,4,955.17,238.7925,505,126.25,67,4,0.7334939759036144,166,55.0,45.0,0.3955908908507224,0.0,0.0,0.0,United Kingdom,372.66,2
13157,60,7,3725.34,532.1914285714286,2535,362.14285714285717,116,6,0.5313715710723191,401,80.0,67.0,-0.574501790798053,0.0,0.0,0.0,United Kingdom,1171.28,2
13158,138,2,563.53,281.765,343,171.5,37,2,0.8697142857142857,70,70.0,70.0,-0.16511461318051587,0.0,0.0,0.0,United Kingdom,944.65,3
13162,3,14,6653.58,475.2557142857143,3292,235.14285714285714,147,11,0.7720289855072464,552,42.38461538461539,38.0,-0.7339777376082199,0.0,0.0,0.0,United Kingdom,382.85,1
13165,170,2,192.88,96.44,224,112.0,11,2,0.9819354838709677,62,62.0,62.0,1.7554517133956382,0.0,0.0,0.0,United Kingdom,453.48,1
13167,209,1,318.7,318.7,150,150.0,15,1,30.439999999999998,1,0.0,0.0,0.0,0.0,0.0,0.0,United Kingdom,616.19,4
13168,18,4,1468.7,367.175,771,192.75,118,4,0.3549854227405248,343,114.33333333333333,93.0,0.7140850796466722,0.0,0.0,0.0,United Kingdom,321.03000000000003,1
13169,71,2,326.40000000000003,163.20000000000002,96,48.0,9,2,0.19638709677419355,310,310.0,310.0,0.5660377358490565,0.0,0.0,0.0,United Kingdom,179.6,1
13171,118,1,125.4,125.4,52,52.0,22,1,30.439999999999998,1,0.0,0.0,0.0,0.0,0.0,0.0,United Kingdom,194.85999999999999,2
13173,186,10,1943.99,194.399,1079,107.9,139,8,0.8385674931129478,363,45.25,28.5,-0.6991675700271678,0.0,0.0,0.0,United Kingdom,187.71,1
13174,135,10,6786.57,678.6569999999999,3194,319.4,543,9,0.7264916467780429,419,52.375,41.0,-0.16773310438670397,0.0,0.0,0.0,United Kingdom,639.99,1
13177,250,1,229.75,229.75,89,89.0,13,1,30.439999999999998,1,0.0,0.0,0.0,0.0,0.0,0.0,United Kingdom,282.45,1
13178,23,15,10839.92,722.6613333333333,6665,444.3333333333333,179,14,0.8780769230769231,520,37.142857142857146,39.0,-0.43489911955206595,0.0,0.0,0.0,United Kingdom,2920.35,6
13183,27,9,955.8,106.19999999999999,647,71.88888888888889,37,9,0.6400934579439252,428,53.375,52.5,-0.3036348147096409,0.0,0.0,0.0,United Kingdom,987.82,6
13184,3,5,807.61,161.522,701,140.2,75,3,1.4358490566037736,106,26.5,28.0,-0.18285337850555247,0.0,0.0,0.0,United Kingdom,748.98,5
13192,24,5,2009.56,401.912,1276,255.2,108,4,0.31576763485477183,482,160.33333333333334,95.0,-0.699515932800083,0.0,0.0,0.0,United Kingdom,447.62,1
13194,241,1,289.2,289.2,108,108.0,5,1,30.439999999999998,1,0.0,0.0,0.0,0.0,0.0,0.0,United Kingdom,60.7,1
13196,81,4,1677.84,419.46,1097,274.25,86,4,0.34202247191011237,356,118.33333333333333,130.0,-0.6083638836819667,0.0,0.0,0.0,United Kingdom,1251.75,3
13198,69,5,3503.32,700.664,2427,485.4,202,5,0.8227027027027027,185,46.25,45.0,-0.5018892695008467,0.0,0.0,0.0,United Kingdom,1213.43,3
13199,16,35,4383.78,125.25085714285713,1925,55.0,38,15,2.271641791044776,469,17.37037037037037,14.0,0.21968039859035102,0.0,0.0,0.0,United Kingdom,3534.12,17
13203,61,7,1869.62,267.0885714285714,1566,223.71428571428572,111,7,0.442993762993763,481,80.0,78.5,0.4416353971232018,0.0,0.0,0.0,United Kingdom,663.8,3
13207,270,2,285.6,142.8,48,24.0,4,2,0.37813664596273294,161,161.0,161.0,-0.6666666666666667,0.0,0.0,0.0,United Kingdom,250.26000000000002,2
13208,26,6,1379.86,229.97666666666666,975,162.5,160,6,0.3446037735849057,530,106.0,84.0,1.88375693095781,0.0,0.0,0.0,United Kingdom,499.21,2
13209,47,8,3794.62,474.3275,2323,290.375,159,7,0.5328665207877462,457,65.28571428571429,63.0,0.4114260294865278,0.0,0.0,0.0,United Kingdom,3058.56,4
13211,180,8,1328.29,166.03625,881,110.125,74,6,0.6528686327077748,373,62.0,62.0,0.27081410059151384,0.0,0.0,0.0,United Kingdom,576.72,2
13213,2,9,2221.73,246.85888888888888,1313,145.88888888888889,124,6,0.709740932642487,386,55.0,23.0,-0.6893608235259416,0.0,0.0,0.0,United Kingdom,831.78,2
13220,5,4,1103.04,275.76,321,80.25,42,4,0.3114066496163683,391,130.0,34.0,0.18835432992758672,0.0,0.0,0.0,United Kingdom,41.8,1
13230,21,25,4336.6,173.46400000000003,2636,105.44,531,15,1.7697674418604652,430,17.916666666666668,12.5,0.42465071573238106,0.0,0.0,0.0,United Kingdom,908.24,5
13232,0,4,743.76,185.94,370,92.5,101,3,1.9326984126984126,63,21.0,16.0,1.9820277397929282,0.0,0.0,0.0,United Kingdom,433.0,3
13233,155,3,775.35,258.45,703,234.33333333333334,42,3,0.2543732590529248,359,179.0,179.0,1.050757426716506,0.0,0.0,0.0,United Kingdom,259.12,1
13238,179,3,384.3,128.1,176,58.666666666666664,12,3,0.3970434782608696,230,115.0,115.0,1.2846153846153847,0.0,0.0,0.0,United Kingdom,455.08000000000004,2
13240,76,6,1207.48,201.24666666666667,565,94.16666666666667,144,5,0.46121212121212124,396,98.75,80.0,2.4809440754072813,0.0,0.0,0.0,United Kingdom,221.24,2
13242,33,6,533.0,88.83333333333333,270,45.0,15,5,0.4014065934065934,455,113.75,100.5,-0.7575757575757576,0.0,0.0,0.0,United Kingdom,166.4,1
13245,251,1,558.72,558.72,246,246.0,29,1,30.439999999999998,1,0.0,0.0,0.0,0.0,0.0,0.0,United Kingdom,279.75,1
13246,25,9,2089.97,232.21888888888887,1750,194.44444444444446,206,7,0.8588087774294672,319,39.875,31.0,-0.48757842633532833,0.0,0.0,0.0,United Kingdom,250.98000000000002,2
13248,8,1,356.0,356.0,202,202.0,19,1,30.439999999999998,1,0.0,0.0,0.0,0.0,0.0,0.0,United Kingdom,78.21000000000001,1
13249,465,2,116.0,58.0,80,40.0,2,2,1.5610256410256411,39,39.0,39.0,-0.4816753926701572,0.0,0.0,0.0,United Kingdom,115.23,1
13253,158,3,1617.15,539.0500000000001,791,263.6666666666667,37,3,0.25019178082191784,365,182.0,182.0,0.03735433070866161,0.0,0.0,0.0,United Kingdom,144.48,1
13255,193,2,278.15,139.075,124,62.0,16,2,0.43798561151079135,139,139.0,139.0,-0.04738504738504739,0.0,0.0,0.0,United Kingdom,158.86,1
13258,24,3,535.4699999999999,178.48999999999998,241,80.33333333333333,14,2,0.4659183673469388,196,97.5,97.5,-0.4091800356506238,0.0,0.0,0.0,United Kingdom,473.96,2
13259,217,8,1032.51,129.06375,370,46.25,177,5,0.8063576158940398,302,60.2,35.0,-0.6121431259745147,0.0,0.0,0.0,United Kingdom,257.68,1
13263,10,19,4499.62,236.82210526315788,2609,137.31578947368422,371,7,2.6052252252252255,222,13.058823529411764,7.0,1.3512229272797684,0.0,0.0,0.0,United Kingdom,3751.17,19
13265,3,3,900.57,300.19,699,233.0,41,3,1.0146666666666666,90,45.0,45.0,-0.43321908871065945,0.0,0.0,0.0,United Kingdom,576.74,2
13266,4,13,2947.8,226.75384615384615,2434,187.23076923076923,106,10,0.7355390334572491,538,44.75,29.5,-0.009211734831703467,0.0,0.0,0.0,United Kingdom,1481.16,6
13267,19,28,6553.400000000001,234.05,2836,101.28571428571429,120,14,1.599099437148218,533,28.05263157894737,22.0,0.6454548023397103,0.0,0.0,0.0,United Kingdom,2247.6,8
13268,18,5,1682.63,336.526,1928,385.6,196,3,2.205797101449275,69,17.25,17.0,-0.5656250295650858,0.0,0.0,0.0,United Kingdom,1220.34,5
13269,37,17,4452.36,261.9035294117647,2952,173.64705882352942,174,10,0.9951538461538462,520,43.25,39.5,0.7242556628363743,0.0,0.0,0.0,United Kingdom,3039.04,10
13276,216,3,1226.78,408.9266666666667,675,225.0,180,3,0.37121951219512195,246,122.5,122.5,0.8289081436491796,0.0,0.0,0.0,United Kingdom,578.1800000000001,2
13277,199,3,264.9,88.3,206,68.66666666666667,7,3,0.57075,160,79.5,79.5,-0.2742671009771987,0.0,0.0,0.0,United Kingdom,258.4,4
13278,219,3,801.14,267.0466666666667,602,200.66666666666666,45,3,0.4327962085308057,211,105.5,105.5,0.7895818099516002,0.0,0.0,0.0,United Kingdom,459.86,1
13280,135,6,1834.7,305.78333333333336,1164,194.0,147,4,0.5551367781155016,329,82.0,45.5,4.254303732742457,0.0,0.0,0.0,United Kingdom,115.5,1
13282,40,2,525.75,262.875,187,93.5,27,2,0.32731182795698927,186,186.0,186.0,0.9038939519469761,0.0,0.0,0.0,United Kingdom,667.84,2
13283,4,3,305.2,101.73333333333333,144,48.0,14,3,0.2007032967032967,455,227.5,227.5,-0.9088308902395423,0.0,0.0,0.0,United Kingdom,68.16,1
13285,45,4,1722.15,430.5375,1243,310.75,107,4,0.30592964824120605,398,132.66666666666666,64.0,0.8117652821316614,0.0,0.0,0.0,United Kingdom,1535.85,2
13291,233,10,2655.73,265.573,1302,130.2,129,8,1.2031620553359685,253,28.0,28.0,0.26876424536715876,0.0,0.0,0.0,United Kingdom,348.36,1
13292,103,4,568.6899999999999,142.17249999999999,309,77.25,38,4,0.5010699588477366,243,80.66666666666667,79.0,-0.46349832486761056,0.0,0.0,0.0,United Kingdom,286.63,1
13296,242,5,705.11,141.022,575,115.0,46,5,0.9883116883116884,154,38.5,33.0,-0.38459071227290426,0.0,0.0,0.0,United Kingdom,87.4,1
13297,204,3,1004.83,334.9433333333333,521,173.66666666666666,39,3,0.5779746835443038,158,78.5,78.5,-0.28242996085670813,0.0,0.0,0.0,United Kingdom,1760.09,4
13300,207,2,734.22,367.11,240,120.0,26,2,0.3255614973262032,187,186.0,186.0,0.3310051431836942,0.0,0.0,0.0,United Kingdom,371.89,1
13301,42,2,327.77,163.885,189,94.5,40,2,0.8697142857142857,70,70.0,70.0,-0.11528951756655732,0.0,0.0,0.0,United Kingdom,272.42,2
13305,64,10,1986.52,198.652,1191,119.1,116,9,0.7725888324873097,394,43.77777777777778,28.0,-0.34933982567076877,0.0,0.0,0.0,United Kingdom,1105.61,6
13307,306,2,232.84,116.42,134,67.0,13,2,0.5798095238095239,105,105.0,105.0,-0.8486946202531646,0.0,0.0,0.0,United Kingdom,15.0,1
13308,22,2,1039.33,519.665,461,230.5,41,2,0.15451776649746193,394,393.0,393.0,1.6485642069788664,0.0,0.0,0.0,United Kingdom,570.5600000000001,2
13309,25,3,796.22,265.4066666666667,986,328.6666666666667,59,3,0.4883422459893048,187,93.0,93.0,-0.3752303870502445,0.0,0.0,0.0,United Kingdom,910.15,3
13310,25,4,1214.07,303.5175,623,155.75,64,3,0.6212244897959184,196,65.33333333333333,56.0,-0.49483015125216956,0.0,0.0,0.0,United Kingdom,314.38,1
13313,34,9,2461.18,273.46444444444444,1468,163.11111111111111,86,8,0.5248275862068966,522,74.57142857142857,56.0,-0.670667156375578,0.0,0.0,0.0,United Kingdom,945.58,3
13316,73,7,2278.13,325.44714285714286,879,125.57142857142857,49,6,0.552020725388601,386,64.16666666666667,35.0,-0.1929353861461785,0.0,0.0,0.0,United Kingdom,1387.01,3
13317,18,18,4884.781,271.3767222222222,2403,133.5,173,12,1.0377272727272726,528,40.61538461538461,33.0,0.12128151123656498,0.0,0.0,0.0,United Kingdom,906.4,1
13319,6,45,13956.82,310.15155555555555,5941,132.0222222222222,258,18,2.504204753199269,547,18.233333333333334,15.0,0.08538327449388651,0.0,0.0,0.0,United Kingdom,5138.87,13
13320,33,4,1188.01,297.0025,849,212.25,62,3,0.4577443609022556,266,132.5,132.5,-0.2513835737415367,0.0,0.0,0.0,United Kingdom,1023.59,2
13324,22,14,3569.9,254.99285714285716,745,53.214285714285715,19,9,1.1804986149584489,361,40.0,39.0,-0.2133079752758942,0.0,0.0,0.0,United Kingdom,1240.8,3
13327,5,16,7220.95,451.309375,3464,216.5,154,15,0.9086567164179105,536,38.285714285714285,36.5,-0.20110506603378772,0.0,0.0,0.0,United Kingdom,1755.42,3
13329,186,7,2213.81,316.25857142857143,1491,213.0,47,5,0.5774525745257453,369,92.25,55.5,4.61529956671149,0.0,0.0,0.0,United Kingdom,343.91999999999996,1
13330,5,5,2164.2799999999997,432.85599999999994,1331,266.2,62,5,0.3238297872340426,470,117.25,120.0,-0.5073725154829722,0.0,0.0,0.0,United Kingdom,399.03,1
13334,10,4,5382.57,1345.6425,2775,693.75,279,4,0.2635497835497836,462,154.0,116.0,0.012943253128295697,0.0,0.0,0.0,United Kingdom,793.73,1
13338,361,3,1540.25,513.4166666666666,825,275.0,87,3,0.5637037037037037,162,81.0,81.0,0.29306237903826104,0.0,0.0,0.0,United Kingdom,316.47,1
13340,96,5,5709.87,1141.974,1793,358.6,66,5,0.4015831134564644,379,94.75,101.5,0.282687956248151,0.0,0.0,0.0,United Kingdom,3034.21,6
13344,97,1,1115.15,1115.15,585,585.0,63,1,30.439999999999998,1,0.0,0.0,0.0,0.0,0.0,0.0,United Kingdom,793.04,2
13359,222,1,553.75,553.75,219,219.0,32,1,30.439999999999998,1,0.0,0.0,0.0,0.0,0.0,0.0,United Kingdom,389.56,1
13362,65,5,3711.46,742.292,1678,335.6,157,4,0.8455555555555556,180,45.0,35.5,-0.31007681344850047,0.0,0.0,0.0,United Kingdom,1484.21,2
13363,229,1,714.41,714.41,435,435.0,41,1,30.439999999999998,1,0.0,0.0,0.0,0.0,0.0,0.0,United Kingdom,873.78,2
13365,37,1,581.8,581.8,396,396.0,36,1,30.439999999999998,1,0.0,0.0,0.0,0.0,0.0,0.0,United Kingdom,1423.27,1
13373,95,4,4718.08,1179.52,2470,617.5,205,4,0.2658515283842795,458,152.33333333333334,139.0,0.48034108054400443,0.0,0.0,0.0,United Kingdom,2228.17,2
13375,264,1,603.6,603.6,224,224.0,26,1,30.439999999999998,1,0.0,0.0,0.0,0.0,0.0,0.0,United Kingdom,709.18,1
13376,23,2,644.5,322.25,352,176.0,32,2,1.9638709677419355,31,31.0,31.0,0.1447587354409318,0.0,0.0,0.0,United Kingdom,199.76,1
13381,26,8,5064.28,633.035,2794,349.25,118,8,0.4577443609022556,532,75.85714285714286,81.0,-0.04578114267632932,0.0,0.0,0.0,United Kingdom,2495.0,4
13384,209,4,2023.46,505.865,1322,330.5,71,3,1.096936936936937,111,36.666666666666664,43.0,-0.5230326968471731,0.0,0.0,0.0,United Kingdom,3403.8,7
13388,423,1,422.0,422.0,178,178.0,28,1,30.439999999999998,1,0.0,0.0,0.0,0.0,0.0,0.0,United Kingdom,603.25,2
13389,52,1,245.14,245.14,114,114.0,17,1,30.439999999999998,1,0.0,0.0,0.0,0.0,0.0,0.0,United Kingdom,512.32,2
13394,34,14,4859.6900000000005,347.1207142857143,3277,234.07142857142858,193,13,0.8117333333333334,525,40.30769230769231,37.0,-0.33939640384628517,0.0,0.0,0.0,United Kingdom,1540.53,5
13396,138,1,387.27000000000004,387.27000000000004,139,139.0,15,1,30.439999999999998,1,0.0,0.0,0.0,0.0,0.0,0.0,United Kingdom,857.4,1
13397,2,8,2007.77,250.97125,642,80.25,51,8,0.48126482213438737,506,72.14285714285714,45.0,-0.26152047796346,0.0,0.0,0.0,United Kingdom,350.94,2
13402,191,3,899.98,299.99333333333334,580,193.33333333333334,42,3,0.4731606217616581,193,96.0,96.0,-0.4789927328037857,0.0,0.0,0.0,United Kingdom,312.95,1
13403,207,2,129.0,64.5,68,34.0,5,2,0.1811904761904762,336,336.0,336.0,-0.3587786259541984,0.0,0.0,0.0,United Kingdom,75.0,1
13404,32,1,217.81,217.81,99,99.0,9,1,30.439999999999998,1,0.0,0.0,0.0,0.0,0.0,0.0,United Kingdom,34.68,1
13408,9,67,19185.402000000002,286.3492835820896,8184,122.14925373134328,164,19,3.7353113553113557,546,11.122448979591837,11.0,-0.11950097964240276,0.0,0.0,0.0,United Kingdom,9548.23,34
13410,6,6,1059.22,176.53666666666666,602,100.33333333333333,18,6,0.35671875,512,102.2,76.0,1.5522838553893623,0.0,0.0,0.0,United Kingdom,458.02,2
13414,282,3,567.48,189.16,336,112.0,24,3,0.6522857142857142,140,70.0,70.0,0.22488826158550937,0.0,0.0,0.0,United Kingdom,568.5,2
13416,555,1,228.3,228.3,66,66.0,7,1,30.439999999999998,1,0.0,0.0,0.0,0.0,0.0,0.0,United Kingdom,712.5,2
13417,24,5,1264.66,252.93200000000002,442,88.4,42,4,0.32731182795698927,465,154.66666666666666,71.0,-0.7705753115703925,0.0,0.0,0.0,United Kingdom,249.68,1
13418,23,22,7174.09,326.095,4026,183.0,233,11,1.2755809523809525,525,30.823529411764707,21.0,0.7533773929596708,0.0,0.0,0.0,United Kingdom,2482.9900000000002,9
13421,109,7,2747.02,392.43142857142857,1445,206.42857142857142,150,5,0.5697326203208556,374,93.25,98.0,0.18105312267291107,0.0,0.0,0.0,United Kingdom,917.95,1
13425,114,3,2081.33,693.7766666666666,1467,489.0,94,3,0.320421052631579,285,142.5,142.5,-0.7609360861075392,0.0,0.0,0.0,United Kingdom,949.22,2
13426,2,17,5355.7,315.0411764705882,3418,201.05882352941177,125,14,0.9443065693430657,548,36.53333333333333,33.0,-0.0799556486386597,0.0,0.0,0.0,United Kingdom,1993.8400000000001,5
13427,34,4,638.4300000000001,159.60750000000002,465,116.25,23,4,0.23968503937007873,508,169.0,183.0,-0.49402023919043236,0.0,0.0,0.0,United Kingdom,288.9,2
13428,333,2,276.76,138.38,205,102.5,66,1,60.879999999999995,1,0.0,0.0,0.0,0.0,0.0,0.0,United Kingdom,201.78,1
13431,225,6,1652.54,275.42333333333335,718,119.66666666666667,69,5,0.7190551181102361,254,63.25,62.5,1.7863929464403212,0.0,0.0,0.0,United Kingdom,927.4,2
13434,204,3,691.98,230.66,324,108.0,14,3,0.3369741697416974,271,135.0,135.0,0.040155669555988024,0.0,0.0,0.0,United Kingdom,179.04000000000002,2
13435,8,3,810.44,270.1466666666667,513,171.0,54,3,0.2926923076923077,312,155.5,155.5,-0.4789039039039039,0.0,0.0,0.0,United Kingdom,2469.77,6
13437,9,1,1187.0,1187.0,384,384.0,71,1,30.439999999999998,1,0.0,0.0,0.0,0.0,0.0,0.0,United Kingdom,1867.3100000000002,6
13441,251,1,424.26,424.26,316,316.0,25,1,30.439999999999998,1,0.0,0.0,0.0,0.0,0.0,0.0,United Kingdom,195.36,1
13448,38,10,5884.39,588.4390000000001,3100,310.0,264,7,0.5910679611650486,515,64.375,40.5,0.35681986582557335,0.0,0.0,0.0,United Kingdom,1994.64,2
13450,23,9,1440.3799999999999,160.04222222222222,994,110.44444444444444,40,7,0.6866165413533835,399,49.875,28.0,-0.40768091268876183,0.0,0.0,0.0,United Kingdom,900.78,4
13451,30,9,5763.19,640.3544444444444,4192,465.77777777777777,488,9,0.6554066985645933,418,52.125,56.0,-0.455157347343591,0.0,0.0,0.0,United Kingdom,1308.78,2
13453,109,2,584.21,292.105,281,140.5,27,2,0.5387610619469027,113,113.0,113.0,-0.5365847548909095,0.0,0.0,0.0,United Kingdom,171.98,1
13455,185,5,1656.34,331.268,616,123.2,67,4,0.41698630136986303,365,91.0,105.5,-0.08249594813614261,0.0,0.0,0.0,United Kingdom,288.9,1
13456,26,1,159.86,159.86,96,96.0,12,1,30.439999999999998,1,0.0,0.0,0.0,0.0,0.0,0.0,United Kingdom,1071.26,4
13458,9,9,7774.66,863.8511111111111,4469,496.55555555555554,227,7,1.3766834170854272,199,24.875,23.5,-0.6887129935250792,0.0,0.0,0.0,United Kingdom,3386.4900000000002,7
13461,226,3,992.2,330.73333333333335,518,172.66666666666666,22,3,0.4781151832460733,191,95.0,95.0,-0.29055258467023165,0.0,0.0,0.0,United Kingdom,704.2,3
13464,214,5,2352.81,470.562,1032,206.4,91,4,0.6794642857142857,224,74.66666666666667,56.0,6.591914986853637,0.0,0.0,0.0,United Kingdom,657.73,1
13468,20,55,9933.09,180.60163636363637,4178,75.96363636363637,240,18,3.123507462686567,536,10.288461538461538,8.5,0.19335001203427915,0.0,0.0,0.0,United Kingdom,1837.93,16
13473,152,7,1786.26,255.18,696,99.42857142857143,51,5,0.5435714285714286,392,78.4,35.0,-0.8513388378732927,0.0,0.0,0.0,United Kingdom,151.48,1
13476,100,4,1139.2,284.8,446,111.5,55,4,0.3345054945054945,364,121.0,125.0,0.34886597938144354,0.0,0.0,0.0,United Kingdom,453.12,1
13477,30,7,1603.69,229.09857142857143,1050,150.0,81,6,0.4504862579281184,473,94.4,87.0,-0.4453757398218449,0.0,0.0,0.0,United Kingdom,848.13,4
13481,11,8,2964.4700000000003,370.55875000000003,1501,187.625,127,7,0.4476470588235294,544,90.5,91.0,-0.11819110916442913,0.0,0.0,0.0,United Kingdom,825.57,3
13487,32,4,680.27,170.0675,310,77.5,26,4,0.23325670498084292,522,173.66666666666666,152.0,0.5058754190149923,0.0,0.0,0.0,United Kingdom,166.6,1
13488,16,16,9533.1,595.81875,4567,285.4375,293,11,0.9980327868852459,488,40.583333333333336,34.0,0.8057509491714984,0.0,0.0,0.0,United Kingdom,3129.24,7
13489,114,1,77.28,77.28,64,64.0,6,1,30.439999999999998,1,0.0,0.0,0.0,0.0,0.0,0.0,United Kingdom,98.16,2
13491,66,25,4172.8,166.912,2095,83.8,131,17,1.565843621399177,486,20.208333333333332,19.5,-0.5093115144915273,0.0,0.0,0.0,United Kingdom,167.24,2
13492,34,1,315.3,315.3,114,114.0,15,1,30.439999999999998,1,0.0,0.0,0.0,0.0,0.0,0.0,Switzerland,954.54,2
13495,51,8,3802.55,475.31875,1881,235.125,48,6,0.48606786427145715,501,71.42857142857143,44.0,1.2495150360197917,0.0,0.0,0.0,United Kingdom,972.44,2
13496,179,1,437.26,437.26,224,224.0,24,1,30.439999999999998,1,0.0,0.0,0.0,0.0,0.0,0.0,United Kingdom,152.32,1
13499,44,2,445.07000000000005,222.53500000000003,217,108.5,17,2,1.352888888888889,45,44.0,44.0,1.1902372589778507,0.0,0.0,0.0,United Kingdom,406.36,3
13500,220,1,299.53,299.53,229,229.0,20,1,30.439999999999998,1,0.0,0.0,0.0,0.0,0.0,0.0,United Kingdom,1090.1,3
13502,94,4,677.66,169.415,336,84.0,20,4,0.4443795620437956,274,91.33333333333333,92.0,-0.6127737973387922,0.0,0.0,0.0,United Kingdom,102.84,1
13503,298,4,1455.99,363.9975,845,211.25,142,3,0.669010989010989,182,91.0,91.0,-0.25393646491659366,0.0,0.0,0.0,United Kingdom,192.95,1
13505,11,2,1532.34,766.17,840,420.0,88,2,1.4848780487804878,41,40.0,40.0,-0.14079277836421222,0.0,0.0,0.0,Switzerland,1828.24,2
13509,73,3,560.14,186.71333333333334,586,195.33333333333334,21,3,0.3595275590551181,254,126.5,126.5,7.335666666666667,0.0,0.0,0.0,United Kingdom,283.5,3
13510,3,7,3206.5,458.07142857142856,1886,269.42857142857144,138,7,0.3982803738317757,535,89.16666666666667,70.5,-0.1752323285207801,0.0,0.0,0.0,United Kingdom,1115.9,3
13513,260,2,619.49,309.745,255,127.5,24,2,0.28448598130841124,214,214.0,214.0,0.06744760379121625,0.0,0.0,0.0,United Kingdom,132.6,1
13514,248,3,604.3000000000001,201.43333333333337,244,81.33333333333333,11,3,0.3595275590551181,254,127.0,127.0,-0.8583034196108067,0.0,0.0,0.0,United Kingdom,152.20000000000002,1
13515,67,3,578.1,192.70000000000002,318,106.0,28,3,0.2300251889168766,397,198.5,198.5,-0.4571657325860689,0.0,0.0,0.0,United Kingdom,662.22,3
13516,58,2,412.15000000000003,206.07500000000002,183,91.5,20,2,0.33822222222222226,180,179.0,179.0,-0.45143715949652446,0.0,0.0,0.0,United Kingdom,461.91,1
13519,262,1,220.46,220.46,110,110.0,11,1,30.439999999999998,1,0.0,0.0,0.0,0.0,0.0,0.0,United Kingdom,98.85000000000001,1
13520,4,9,4054.2799999999997,450.4755555555555,2360,262.22222222222223,68,9,0.5092193308550186,538,67.25,62.0,-0.04960792803194292,0.0,0.0,0.0,Switzerland,589.97,2
13523,19,4,2275.96,568.99,946,236.5,104,3,0.5998029556650246,203,101.5,101.5,0.07599970811441908,0.0,0.0,0.0,United Kingdom,1285.23,2
13524,39,1,118.4,118.4,52,52.0,8,1,30.439999999999998,1,0.0,0.0,0.0,0.0,0.0,0.0,United Kingdom,490.98,4
13527,21,7,2808.07,401.15285714285716,1277,182.42857142857142,171,6,0.4384362139917696,486,81.0,89.5,-0.38350037130209025,0.0,0.0,0.0,United Kingdom,1603.88,5
13529,24,1,79.4,79.4,24,24.0,5,1,30.439999999999998,1,0.0,0.0,0.0,0.0,0.0,0.0,United Kingdom,126.66000000000001,1
13534,6,27,4803.9,177.92222222222222,2427,89.88888888888889,132,12,2.4607185628742516,334,18.555555555555557,20.0,0.25110355104450754,0.0,0.0,0.0,United Kingdom,2917.0,8
13538,2,8,2308.38,288.5475,758,94.75,97,7,0.49395537525354977,493,70.28571428571429,41.0,0.34188404072314965,0.0,0.0,0.0,United Kingdom,661.35,4
13539,59,6,1201.5,200.25,570,95.0,55,6,0.5203418803418804,351,70.0,69.0,-0.6234822865842247,0.0,0.0,0.0,United Kingdom,257.89,1
13544,60,5,588.9,117.78,279,55.8,184,4,0.37580246913580245,405,134.66666666666666,145.0,-0.14338409155395815,0.0,0.0,0.0,United Kingdom,163.05,1
13546,20,3,570.91,190.3033333333333,331,110.33333333333333,57,3,0.40767857142857145,224,112.0,112.0,-0.6214897983822286,0.0,0.0,0.0,United Kingdom,400.58,2
13548,63,2,504.29,252.145,286,143.0,117,2,0.26701754385964915,228,228.0,228.0,0.2585542816194912,0.0,0.0,0.0,United Kingdom,318.27,1
13549,12,4,587.4,146.85,402,100.5,33,3,0.6244102564102564,195,65.0,41.0,4.705479452054795,0.0,0.0,0.0,United Kingdom,354.65,4
13552,24,15,4718.24,314.5493333333333,1692,112.8,121,9,1.005726872246696,454,56.625,51.0,-0.2446697297196747,0.0,0.0,0.0,United Kingdom,1621.76,7
13555,21,10,5329.24,532.924,2605,260.5,195,8,0.6237704918032787,488,69.71428571428571,50.0,0.607247661023971,0.0,0.0,0.0,United Kingdom,2018.8700000000001,2
13557,100,12,2587.6,215.63333333333333,1884,157.0,113,7,0.8099334811529934,451,45.1,26.0,-0.42203155205112725,0.0,0.0,0.0,United Kingdom,283.38,1
13562,64,6,3597.9,599.65,1029,171.5,70,5,0.4067706013363029,449,112.25,136.5,-0.4202761739588593,0.0,0.0,0.0,United Kingdom,1196.06,2
13565,153,2,284.76,142.38,166,83.0,28,2,0.7906493506493506,77,77.0,77.0,-0.3688853247794707,0.0,0.0,0.0,United Kingdom,130.04,1
13566,254,3,827.91,275.96999999999997,683,227.66666666666666,158,3,0.44330097087378645,206,102.5,102.5,0.881992550562189,0.0,0.0,0.0,United Kingdom,856.84,2
13569,187,3,497.74,165.91333333333333,232,77.33333333333333,103,3,1.4970491803278687,61,30.5,30.5,-0.5345821325648414,0.0,0.0,0.0,United Kingdom,197.6,1
13571,4,18,2788.29,154.905,1733,96.27777777777777,178,14,1.0016819012797076,547,32.1764705882353,27.0,-0.2946282526669749,0.0,0.0,0.0,United Kingdom,1567.13,8
13573,72,5,402.34000000000003,80.468,203,40.6,49,4,0.3963541666666667,384,128.0,126.0,2.298756218905472,0.0,0.0,0.0,United Kingdom,210.44,1
13576,7,17,2998.53,176.38411764705884,1363,80.17647058823529,101,16,0.9512499999999999,544,34.0,36.0,-0.44126257605715347,0.0,0.0,0.0,United Kingdom,1141.65,10
13577,61,8,2133.27,266.65875,952,119.0,65,6,0.5031404958677687,484,69.14285714285714,70.0,0.2828662236347877,0.0,0.0,0.0,United Kingdom,1318.35,3
13579,188,4,1004.5300000000001,251.13250000000002,491,122.75,59,4,0.41841924398625435,291,96.66666666666667,54.0,0.7176636095555012,0.0,0.0,0.0,United Kingdom,261.54,1
13583,498,1,664.001,664.001,372,372.0,43,1,30.439999999999998,1,0.0,0.0,0.0,0.0,0.0,0.0,United Kingdom,710.95,1
13587,268,3,437.8,145.93333333333334,186,62.0,17,2,0.42474418604651165,215,214.0,214.0,0.08476190476190482,0.0,0.0,0.0,United Kingdom,234.0,1
13588,74,1,113.30000000000001,113.30000000000001,48,48.0,8,1,30.439999999999998,1,0.0,0.0,0.0,0.0,0.0,0.0,United Kingdom,2303.91,8
13589,268,4,584.04,146.01,168,42.0,22,4,0.4272280701754386,285,94.66666666666667,78.0,0.8112635379061376,0.0,0.0,0.0,United Kingdom,275.95,2
13590,19,15,4246.7,283.11333333333334,2851,190.06666666666666,233,11,0.8471243042671615,539,41.46153846153846,40.0,0.6598396592759618,0.0,0.0,0.0,United Kingdom,924.45,3
13591,23,5,1457.59,291.518,605,121.0,67,5,0.38145363408521304,399,99.75,105.0,-0.16910979638492166,0.0,0.0,0.0,United Kingdom,340.9,1
13592,25,3,160.86,53.620000000000005,68,22.666666666666668,9,2,1.5477966101694915,59,29.5,29.5,0.09671532846715312,0.0,0.0,0.0,United Kingdom,42.45,1
13593,83,12,4287.61,357.3008333333333,1796,149.66666666666666,179,9,0.95125,384,38.4,36.5,-0.4698119579456767,0.0,0.0,0.0,United Kingdom,1014.13,2
13594,305,1,85.35000000000001,85.35000000000001,33,33.0,5,1,30.439999999999998,1,0.0,0.0,0.0,0.0,0.0,0.0,United Kingdom,396.97,1
13598,314,4,601.92,150.48,341,85.25,46,3,0.7755414012738854,157,78.0,78.0,-0.18753959086336033,0.0,0.0,0.0,United Kingdom,121.79,1
13599,17,18,4925.59,273.6438888888889,2806,155.88888888888889,124,12,1.0127911275415897,541,45.0,39.0,0.8118913055888569,0.0,0.0,0.0,United Kingdom,2897.48,14
13601,30,3,812.72,270.9066666666667,563,187.66666666666666,112,3,0.2717857142857143,336,167.5,167.5,-0.1508918820531489,0.0,0.0,0.0,United Kingdom,320.12,1
13602,201,3,596.28,198.76,271,90.33333333333333,29,3,0.5073333333333333,180,89.5,89.5,1.5203684024087845,0.0,0.0,0.0,United Kingdom,398.65000000000003,1
13606,62,2,205.01,102.505,190,95.0,34,2,0.8823188405797101,69,68.0,68.0,1.6543672014260251,0.0,0.0,0.0,United Kingdom,30.119999999999997,1
13607,222,1,400.3,400.3,178,178.0,24,1,30.439999999999998,1,0.0,0.0,0.0,0.0,0.0,0.0,United Kingdom,637.76,1
13610,6,10,1393.6,139.35999999999999,592,59.2,223,9,0.5899224806201551,516,57.333333333333336,56.0,-0.3102553532022213,0.0,0.0,0.0,United Kingdom,593.01,4
13611,179,8,2359.23,294.90375,1366,170.75,127,7,0.6442328042328043,378,53.857142857142854,61.0,0.6065586350672106,0.0,0.0,0.0,United Kingdom,810.45,2
13614,149,3,694.28,231.42666666666665,265,88.33333333333333,66,3,0.4132126696832579,221,110.5,110.5,0.897058209889422,0.0,0.0,0.0,United Kingdom,1219.21,3
13617,227,5,626.17,125.234,285,57.0,28,3,1.7494252873563219,87,21.75,19.5,6.4792569659442725,0.0,0.0,0.0,United Kingdom,512.71,3
13623,29,9,2140.68,237.85333333333332,802,89.11111111111111,194,9,0.5188636363636363,528,65.875,49.0,-0.3259982170506264,0.0,0.0,0.0,United Kingdom,188.57,1
13627,24,4,1092.88,273.22,746,186.5,72,4,0.2792660550458716,436,145.33333333333334,152.0,0.10907406692655093,0.0,0.0,0.0,United Kingdom,749.47,3
13630,3,3,863.08,287.6933333333333,555,185.0,45,3,0.8952941176470589,102,50.5,50.5,-0.2673664504914088,0.0,0.0,0.0,United Kingdom,183.86,4
13631,25,2,180.0,90.0,40,20.0,1,2,0.9980327868852459,61,61.0,61.0,0.25,0.0,0.0,0.0,United Kingdom,562.5,5
13632,53,5,2074.17,414.834,831,166.2,107,4,0.4015831134564644,379,94.5,93.0,0.3861879342874236,0.0,0.0,0.0,United Kingdom,1447.76,3
13634,61,12,3769.52,314.12666666666667,1567,130.58333333333334,181,8,0.7992997811816193,457,45.6,52.5,-0.1561368839147705,0.0,0.0,0.0,United Kingdom,860.5,3
13635,262,3,1868.1299999999999,622.7099999999999,1159,386.3333333333333,88,2,0.3074747474747475,297,148.0,148.0,0.5342603269348164,0.0,0.0,0.0,United Kingdom,1047.13,1
13636,72,3,515.95,171.98333333333335,301,100.33333333333333,31,3,2.767272727272727,33,16.5,16.5,0.9348837209302328,0.0,0.0,0.0,United Kingdom,327.27,2
13637,6,2,651.9,325.95,347,173.5,73,2,1.522,40,39.0,39.0,-0.3269600923906069,0.0,0.0,0.0,United Kingdom,125.65,1
13639,256,1,312.93,312.93,197,197.0,19,1,30.439999999999998,1,0.0,0.0,0.0,0.0,0.0,0.0,United Kingdom,676.22,1
13643,5,8,1614.98,201.8725,682,85.25,55,7,0.44600732600732607,546,78.0,68.0,0.6841624146126615,0.0,0.0,0.0,United Kingdom,431.54,2
13647,54,5,1390.82,278.164,825,165.0,64,4,0.41246612466124666,369,123.0,71.0,-0.5975112939657955,0.0,0.0,0.0,United Kingdom,958.38,3
13650,26,6,2146.18,357.69666666666666,1104,184.0,83,6,0.3836974789915967,476,95.0,107.0,-0.11913483953516901,0.0,0.0,0.0,United Kingdom,1002.57,4
13651,201,1,75.25,75.25,25,25.0,5,1,30.439999999999998,1,0.0,0.0,0.0,0.0,0.0,0.0,United Kingdom,79.2,1
13652,76,4,1763.45,440.8625,1026,256.5,100,4,0.3074747474747475,396,132.0,112.0,2.640169455846753,0.0,0.0,0.0,United Kingdom,442.92,1
13654,21,8,4340.65,542.58125,2827,353.375,177,8,0.45432835820895523,536,76.57142857142857,60.0,4.177014700231958,0.0,0.0,0.0,United Kingdom,1468.53,3
13655,61,5,1652.14,330.428,684,136.8,71,4,0.4348571428571429,350,87.5,89.5,0.23564988106872195,0.0,0.0,0.0,United Kingdom,530.6,1
13656,156,3,861.9,287.3,485,161.66666666666666,64,3,0.3525868725868726,259,129.0,129.0,-0.7673054919908466,0.0,0.0,0.0,United Kingdom,198.23,1
13657,20,1,112.5,112.5,84,84.0,8,1,30.439999999999998,1,0.0,0.0,0.0,0.0,0.0,0.0,United Kingdom,214.8,1
13658,23,5,3755.65,751.13,1314,262.8,111,5,0.32452025586353944,469,117.0,117.0,-0.44483322636079425,0.0,0.0,0.0,United Kingdom,1436.05,4
13662,31,10,1745.64,174.56400000000002,980,98.0,103,6,0.6809843400447427,447,89.2,95.0,-0.39015078157421484,0.0,0.0,0.0,United Kingdom,297.02,1
13663,199,4,1632.14,408.035,696,174.0,70,3,0.4560299625468165,267,88.66666666666667,38.0,1.2342019221242442,0.0,0.0,0.0,United Kingdom,189.47,1
13666,106,4,93.7,23.425,48,12.0,13,3,0.2711804008908686,449,224.0,224.0,11.88148148148148,0.0,0.0,0.0,United Kingdom,20.6,1
13668,6,26,7421.34,285.43615384615384,2835,109.03846153846153,297,16,1.4629205175600741,541,21.64,15.0,0.09066553982674834,0.0,0.0,0.0,United Kingdom,2170.53,9
13669,226,1,135.0,135.0,108,108.0,4,1,30.439999999999998,1,0.0,0.0,0.0,0.0,0.0,0.0,United Kingdom,160.2,2
13675,104,1,308.44,308.44,204,204.0,15,1,30.439999999999998,1,0.0,0.0,0.0,0.0,0.0,0.0,United Kingdom,178.38000000000002,1
13680,157,10,6179.56,617.956,2785,278.5,272,7,0.7648241206030151,398,44.22222222222222,27.0,-0.43671798711844845,0.0,0.0,0.0,United Kingdom,1327.53,2
13689,264,1,19.5,19.5,10,10.0,1,1,30.439999999999998,1,0.0,0.0,0.0,0.0,0.0,0.0,United Kingdom,15.0,1
13692,55,3,2038.21,679.4033333333333,1295,431.6666666666667,61,2,0.49630434782608696,184,92.0,92.0,-0.5093830446992745,0.0,0.0,0.0,United Kingdom,616.74,1
13694,2,63,17942.99,284.8093650793651,6822,108.28571428571429,210,19,3.4678481012658233,553,11.04,10.0,-0.4946872140695571,0.0,0.0,0.0,United Kingdom,3072.6,13
13695,8,5,621.0,124.2,404,80.8,18,5,0.3912596401028278,389,97.0,23.5,6.69747899159664,0.0,0.0,0.0,United Kingdom,1288.29,9
13699,369,1,385.22,385.22,148,148.0,21,1,30.439999999999998,1,0.0,0.0,0.0,0.0,0.0,0.0,United Kingdom,308.58000000000004,1
13700,59,8,1199.55,149.94375,1385,173.125,109,5,0.5650116009280742,431,71.66666666666667,43.0,12.709380748007357,0.0,0.0,0.0,United Kingdom,1072.3,5
13705,193,5,1158.47,231.69400000000002,645,129.0,42,5,0.6063745019920319,251,62.75,67.5,-0.3184747583243824,0.0,0.0,0.0,United Kingdom,393.72,2
13709,134,6,1660.6000000000001,276.7666666666667,905,150.83333333333334,88,5,0.47686684073107055,383,95.5,90.0,0.32599834717689413,0.0,0.0,0.0,United Kingdom,5062.6,12
13710,243,2,329.04,164.52,160,80.0,7,2,0.32211640211640213,189,189.0,189.0,-0.5568421052631579,0.0,0.0,0.0,United Kingdom,161.76,1
13717,60,4,785.53,196.3825,505,126.25,49,4,0.49697959183673474,245,81.66666666666667,58.0,0.5808391102933927,0.0,0.0,0.0,United Kingdom,668.88,4
13719,24,8,1990.61,248.82625,1158,144.75,154,7,0.6653551912568306,366,52.285714285714285,29.0,-0.7279021945185232,0.0,0.0,0.0,United Kingdom,604.67,3
13720,57,2,432.1,216.05,250,125.0,26,2,3.581176470588235,17,16.0,16.0,-0.3767843726521412,0.0,0.0,0.0,United Kingdom,273.6,2
13721,214,1,217.39999999999998,217.39999999999998,196,196.0,14,1,30.439999999999998,1,0.0,0.0,0.0,0.0,0.0,0.0,United Kingdom,524.14,1
13722,102,8,4009.84,501.23,1811,226.375,104,5,0.669010989010989,364,91.0,94.5,0.04223957341458782,0.0,0.0,0.0,United Kingdom,911.94,2
13725,44,6,1338.66,223.11,574,95.66666666666667,73,3,2.1742857142857144,84,16.6,13.0,-0.8580492925689548,0.0,0.0,0.0,United Kingdom,203.46,2
13727,431,6,503.27,83.87833333333333,198,33.0,48,4,1.5347899159663867,119,39.666666666666664,40.0,2.1302896416298474,0.0,0.0,0.0,United Kingdom,333.48,2
13728,18,13,2292.51,176.3469230769231,973,74.84615384615384,63,13,0.7438345864661654,532,44.333333333333336,38.5,-0.2321792103639728,0.0,0.0,0.0,United Kingdom,496.71000000000004,3
13735,53,10,7441.38,744.138,3484,348.4,289,8,0.6174442190669372,493,61.5,40.5,0.1924909326081386,0.0,0.0,0.0,United Kingdom,1588.14,3
13736,79,6,2267.6,377.93333333333334,1273,212.16666666666666,250,5,0.38531645569620254,474,118.25,125.0,-0.2813530290053888,0.0,0.0,0.0,United Kingdom,325.62,1
13739,347,1,75.3,75.3,22,22.0,3,1,30.439999999999998,1,0.0,0.0,0.0,0.0,0.0,0.0,United Kingdom,216.9,1
13741,3,2,337.63,168.815,141,70.5,19,2,1.7905882352941176,34,34.0,34.0,0.07185812469317629,0.0,0.0,0.0,United Kingdom,255.3,1
13742,3,8,1826.2,228.275,720,90.0,141,5,1.7905882352941176,136,22.666666666666668,23.0,-0.30661239023395115,0.0,0.0,0.0,United Kingdom,923.6,4
13743,36,2,264.59999999999997,132.29999999999998,204,102.0,6,2,1.4495238095238097,42,42.0,42.0,0.0704225352112675,0.0,0.0,0.0,United Kingdom,610.8,5
13744,111,1,712.56,712.56,605,605.0,40,1,30.439999999999998,1,0.0,0.0,0.0,0.0,0.0,0.0,United Kingdom,263.2,1
13745,365,1,414.32,414.32,446,446.0,28,1,30.439999999999998,1,0.0,0.0,0.0,0.0,0.0,0.0,United Kingdom,300.04,1
13748,51,6,1227.7,204.61666666666667,661,110.16666666666667,29,4,0.36094861660079053,506,101.2,19.0,5.092432120161757,0.0,0.0,0.0,United Kingdom,341.9,2
13750,116,5,1222.44,244.488,422,84.4,39,5,0.4741433021806854,321,80.25,77.5,-0.6974811405191153,0.0,0.0,0.0,United Kingdom,226.22,2
13752,4,5,1088.48,217.696,757,151.4,64,4,0.4424418604651163,344,85.75,28.0,1.0795869288442492,0.0,0.0,0.0,United Kingdom,168.05,2
13754,136,2,320.45,160.225,183,91.5,16,2,0.5073333333333334,120,120.0,120.0,-0.051383399209486265,0.0,0.0,0.0,United Kingdom,100.19999999999999,1
13756,3,13,3752.48,288.6523076923077,2231,171.6153846153846,120,11,0.7314602587800371,541,45.083333333333336,30.0,1.2959971279842042,0.0,0.0,0.0,United Kingdom,2407.23,9
13758,20,12,6471.53,539.2941666666667,3056,254.66666666666666,184,9,0.6789591078066916,538,48.81818181818182,34.0,-0.07693702046225805,0.0,0.0,0.0,United Kingdom,805.73,2
13760,75,4,1148.19,287.0475,517,129.25,79,4,0.3613056379821959,337,112.33333333333333,131.0,-0.15711671802773497,0.0,0.0,0.0,United Kingdom,151.70000000000002,1
13761,321,4,868.77,217.1925,436,109.0,49,3,0.7855483870967742,155,77.0,77.0,0.7854119910227639,0.0,0.0,0.0,United Kingdom,1070.65,2
13763,236,2,1028.64,514.32,240,120.0,12,2,3.382222222222222,18,18.0,18.0,-0.5765526403188309,0.0,0.0,0.0,United Kingdom,432.40000000000003,1
13764,156,4,1799.29,449.8225,1276,319.0,190,3,0.39790849673202616,306,152.5,152.5,-0.6419427881349536,0.0,0.0,0.0,United Kingdom,1016.53,2
13767,22,57,18017.95,316.1043859649123,6378,111.89473684210526,104,16,3.237089552238806,536,11.88888888888889,7.0,0.5015723379589456,0.0,0.0,0.0,United Kingdom,4275.4,15
13769,27,15,3320.54,221.36933333333334,1462,97.46666666666667,98,12,0.8848837209302325,516,39.69230769230769,41.0,0.5354988469937847,0.0,0.0,0.0,United Kingdom,1112.46,5
13771,18,7,4069.2000000000003,581.3142857142858,2046,292.2857142857143,127,5,0.46933920704845816,454,90.6,48.0,-0.49216289324489565,0.0,0.0,0.0,United Kingdom,1094.72,2
13772,59,6,1881.16,313.5266666666667,977,162.83333333333334,302,5,0.4400963855421687,415,103.75,92.0,0.17377136320040662,0.0,0.0,0.0,United Kingdom,877.26,2
13777,3,34,5977.58,175.81117647058824,2742,80.6470588235294,35,18,1.8681588447653432,554,19.75,19.5,0.37424631415215054,0.0,0.0,0.0,United Kingdom,2331.28,10
13778,310,3,742.15,247.38333333333333,293,97.66666666666667,26,3,1.2176,75,37.0,37.0,-0.8060649935649935,0.0,0.0,0.0,United Kingdom,178.7,1
13780,226,1,372.06,372.06,161,161.0,35,1,30.439999999999998,1,0.0,0.0,0.0,0.0,0.0,0.0,United Kingdom,257.26,2
13782,53,9,1066.72,118.52444444444444,418,46.44444444444444,134,9,0.54792,500,62.375,45.5,-0.06910935296882348,0.0,0.0,0.0,United Kingdom,520.11,4
13784,5,7,618.9200000000001,88.41714285714286,286,40.857142857142854,9,6,0.8040754716981132,265,44.166666666666664,42.0,0.4628730600875449,0.0,0.0,0.0,United Kingdom,572.76,3
13787,183,5,951.68,190.33599999999998,619,123.8,52,5,0.45981873111782484,331,82.5,95.0,0.09165036594210885,0.0,0.0,0.0,United Kingdom,150.9,1
13792,106,2,237.5,118.75,90,45.0,13,2,0.4476470588235294,136,135.0,135.0,-0.5420503376304481,0.0,0.0,0.0,United Kingdom,108.45,1
13798,0,61,10477.27,171.75852459016394,2728,44.721311475409834,52,19,3.36994555353902,551,10.203703703703704,9.0,-0.3586095458385623,0.0,0.0,0.0,United Kingdom,2089.93,16
13799,113,8,2047.18,255.8975,842,105.25,47,7,0.6957714285714286,350,50.0,33.0,-0.6627954067435693,0.0,0.0,0.0,United Kingdom,347.15999999999997,1
13802,74,18,11249.93,624.9961111111111,4045,224.72222222222223,189,12,1.3429411764705883,408,25.4375,20.5,-0.6077663607033731,0.0,0.0,0.0,United Kingdom,289.8,1
13804,109,3,1248.54,416.18,702,234.0,67,2,0.6212244897959184,147,73.5,73.5,0.1799800953328793,0.0,0.0,0.0,United Kingdom,1789.1200000000001,6
13813,347,4,1184.53,296.1325,634,158.5,47,4,0.5910679611650486,206,68.66666666666667,66.0,0.48261480099763165,0.0,0.0,0.0,Germany,1168.8600000000001,4
13814,346,1,652.7,652.7,348,348.0,21,1,30.439999999999998,1,0.0,0.0,0.0,0.0,0.0,0.0,Germany,1391.02,2
13815,138,5,3401.11,680.222,2291,458.2,141,5,0.43735632183908046,348,86.75,87.0,0.15746238359848774,0.0,0.0,0.0,Germany,2505.55,3
13817,171,1,110.7,110.7,62,62.0,8,1,30.439999999999998,1,0.0,0.0,0.0,0.0,0.0,0.0,Germany,218.28,1
13821,81,5,1190.94,238.18800000000002,431,86.2,148,3,0.34356659142212187,443,110.75,70.0,-0.01724798135353372,0.0,0.0,0.0,United Kingdom,89.99,1
13823,199,5,2099.7400000000002,419.94800000000004,1066,213.2,84,5,0.4424418604651163,344,86.0,79.5,0.07804520802818564,0.0,0.0,0.0,United Kingdom,957.66,2
13824,22,10,2312.92,231.292,924,92.4,46,10,0.7013824884792627,434,48.22222222222222,47.0,0.07847552867498835,0.0,0.0,0.0,United Kingdom,465.96,2
13831,19,14,2558.86,182.7757142857143,855,61.07142857142857,108,9,0.8055954631379963,529,40.69230769230769,22.0,-0.2730242289262333,0.0,0.0,0.0,United Kingdom,778.5999999999999,3
13832,241,1,436.49,436.49,272,272.0,49,1,30.439999999999998,1,0.0,0.0,0.0,0.0,0.0,0.0,United Kingdom,52.199999999999996,1
13833,223,1,265.56,265.56,122,122.0,15,1,30.439999999999998,1,0.0,0.0,0.0,0.0,0.0,0.0,United Kingdom,358.35,1
13835,34,4,576.4,144.1,234,58.5,33,3,0.2825058004640371,431,143.33333333333334,106.0,0.3246622302883646,0.0,0.0,0.0,United Kingdom,489.17,3
13838,189,7,1220.41,174.34428571428572,518,74.0,240,3,1.0146666666666666,210,70.0,56.0,3.07573615039095,0.0,0.0,0.0,United Kingdom,418.91,3
13842,19,15,3261.04,217.40266666666668,1644,109.6,143,12,0.9883116883116884,462,38.5,33.5,0.6802995060287504,0.0,0.0,0.0,United Kingdom,1398.97,3
13846,61,3,1106.66,368.8866666666667,662,220.66666666666666,69,3,0.5779746835443038,158,78.5,78.5,-0.7043424303092035,0.0,0.0,0.0,United Kingdom,184.48000000000002,1
13849,217,3,1752.79,584.2633333333333,807,269.0,100,3,0.40052631578947373,228,113.5,113.5,2.2235903614457833,0.0,0.0,0.0,United Kingdom,1497.5,2
13851,107,6,1844.3200000000002,307.3866666666667,862,143.66666666666666,54,4,0.4659183673469388,392,97.75,68.5,90.67939698492462,0.0,0.0,0.0,United Kingdom,1360.66,2
13854,15,29,6679.5599999999995,230.32965517241377,1828,63.03448275862069,46,15,1.7480396039603963,505,18.666666666666668,13.0,3.3480139998813567,0.0,0.0,0.0,United Kingdom,2403.96,9
13856,3,9,597.47,66.38555555555556,365,40.55555555555556,28,8,0.628348623853211,436,54.5,27.0,-0.7343614294490224,0.0,0.0,0.0,United Kingdom,25.5,1
13862,6,5,1499.24,299.848,1048,209.6,77,5,0.7497536945812808,203,50.5,51.0,-0.5381540201641998,0.0,0.0,0.0,United Kingdom,1030.45,4
13865,6,2,244.27,122.135,97,48.5,15,2,0.5910679611650486,103,103.0,103.0,0.8720752498530273,0.0,0.0,0.0,United Kingdom,193.54,2
13867,37,1,113.35000000000001,113.35000000000001,29,29.0,7,1,30.439999999999998,1,0.0,0.0,0.0,0.0,0.0,0.0,United Kingdom,827.99,2
13869,82,9,6086.85,676.3166666666667,3242,360.22222222222223,412,9,0.6386013986013986,429,53.625,56.0,0.25913114746874744,0.0,0.0,0.0,United Kingdom,1484.99,1
13870,107,8,2724.97,340.62125,2096,262.0,107,7,0.6374869109947644,382,63.666666666666664,65.0,0.33865549837428144,0.0,0.0,0.0,United Kingdom,1577.51,7
13871,26,9,3763.58,418.17555555555555,1739,193.22222222222223,104,8,0.5340350877192983,513,64.125,53.0,1.3814734950584002,0.0,0.0,0.0,United Kingdom,3919.27,8
13873,38,7,704.28,100.61142857142856,338,48.285714285714285,41,6,0.49785046728971966,428,71.33333333333333,73.0,1.5096153846153846,0.0,0.0,0.0,United Kingdom,159.20000000000002,1
13875,3,12,3626.46,302.205,2447,203.91666666666666,130,11,0.6776994434137291,539,53.8,49.0,-0.35534306440024016,0.0,0.0,0.0,United Kingdom,700.19,2
13877,289,2,250.01999999999998,125.00999999999999,176,88.0,15,2,0.27672727272727277,220,219.0,219.0,0.3676136363636363,0.0,0.0,0.0,United Kingdom,17.4,1
13878,367,3,977.03,325.6766666666667,406,135.33333333333334,56,3,1.602105263157895,57,28.5,28.5,-0.7909297291589674,0.0,0.0,0.0,United Kingdom,1133.83,1
13880,6,10,2400.91,240.09099999999998,1409,140.9,92,10,0.8095744680851064,376,41.77777777777778,41.0,0.23529685594317043,0.0,0.0,0.0,United Kingdom,1786.16,7
13881,33,20,9403.300000000001,470.1650000000001,2938,146.9,90,12,1.4092592592592594,432,27.0,19.5,-0.8149767062753214,0.0,0.0,0.0,United Kingdom,2952.92,12
13883,37,13,4960.27,381.5592307692308,2746,211.23076923076923,178,9,0.9181438515081206,431,47.888888888888886,35.0,-0.3116848196051736,0.0,0.0,0.0,United Kingdom,842.4,1
13884,96,8,1233.68,154.21,517,64.625,87,3,1.2617616580310882,193,38.6,12.0,-0.8108306102580415,0.0,0.0,0.0,United Kingdom,578.6,2
13888,37,6,1473.88,245.64666666666668,603,100.5,100,4,0.5101675977653631,358,119.0,90.0,-0.8275275044349162,0.0,0.0,0.0,United Kingdom,328.11,1
13889,201,5,1574.3300000000002,314.86600000000004,833,166.6,50,5,0.5006578947368421,304,76.0,49.0,0.49624215132872457,0.0,0.0,0.0,United Kingdom,416.90000000000003,1
13890,178,5,1233.92,246.78400000000002,654,130.8,50,5,0.4058666666666667,375,93.75,76.0,-0.3103698530720674,0.0,0.0,0.0,United Kingdom,1680.71,9
13892,66,2,29.680000000000003,14.840000000000002,50,25.0,3,2,0.18448484848484847,330,329.0,329.0,0.35555555555555574,0.0,0.0,0.0,United Kingdom,419.45,3
13894,129,1,160.85,160.85,105,105.0,10,1,30.439999999999998,1,0.0,0.0,0.0,0.0,0.0,0.0,United Kingdom,314.70000000000005,2
13895,335,2,1165.25,582.625,683,341.5,59,2,0.275475113122172,221,221.0,221.0,-0.4057326583663976,0.0,0.0,0.0,United Kingdom,2320.37,4
13897,257,2,821.72,410.86,524,262.0,40,2,0.2547280334728034,239,239.0,239.0,-0.1933469648000352,0.0,0.0,0.0,United Kingdom,311.16,1
13899,94,1,247.5,247.5,118,118.0,14,1,30.439999999999998,1,0.0,0.0,0.0,0.0,0.0,0.0,United Kingdom,90.02,1
13901,75,12,2893.94,241.16166666666666,1559,129.91666666666666,161,9,0.8153571428571429,448,55.875,52.5,-0.5716822189113802,0.0,0.0,0.0,United Kingdom,2110.89,3
13904,114,1,201.12,201.12,223,223.0,17,1,30.439999999999998,1,0.0,0.0,0.0,0.0,0.0,0.0,United Kingdom,131.52,1
13908,34,2,740.31,370.155,509,254.5,47,2,0.9819354838709677,62,62.0,62.0,-0.17297630799605127,0.0,0.0,0.0,United Kingdom,1372.84,2
13911,16,17,2738.07,161.0629411764706,1897,111.58823529411765,144,10,1.1448672566371683,452,30.066666666666666,26.0,0.4143321958574717,0.0,0.0,0.0,United Kingdom,545.41,2
13917,10,1,65.38,65.38,38,38.0,5,1,30.439999999999998,1,0.0,0.0,0.0,0.0,0.0,0.0,United Kingdom,206.66,1
13918,72,1,198.2,198.2,100,100.0,8,1,30.439999999999998,1,0.0,0.0,0.0,0.0,0.0,0.0,United Kingdom,386.8,1
13919,244,2,863.55,431.775,559,279.5,42,2,0.5203418803418803,117,116.0,116.0,-0.403641741380904,0.0,0.0,0.0,Other,331.86,2
13927,256,1,318.95,318.95,153,153.0,18,1,30.439999999999998,1,0.0,0.0,0.0,0.0,0.0,0.0,United Kingdom,348.99,1
13929,145,9,2124.58,236.06444444444443,782,86.88888888888889,35,8,0.742439024390244,369,52.57142857142857,52.0,-0.16200083050730144,0.0,0.0,0.0,United Kingdom,429.79999999999995,1
13931,100,10,4233.75,423.375,2349,234.9,174,6,0.6675438596491229,456,76.0,71.5,0.10586134516478812,0.0,0.0,0.0,United Kingdom,832.92,1
13936,202,2,538.13,269.065,330,165.0,30,2,1.9024999999999999,32,32.0,32.0,-0.5958040863189208,0.0,0.0,0.0,United Kingdom,376.58,1
13937,221,1,698.45,698.45,415,415.0,43,1,30.439999999999998,1,0.0,0.0,0.0,0.0,0.0,0.0,United Kingdom,158.85,1
13939,131,5,1176.91,235.382,963,192.6,62,4,0.5056478405315615,301,75.25,84.0,0.6058009520646518,0.0,0.0,0.0,United Kingdom,316.78999999999996,2
13941,117,10,2338.32,233.83200000000002,744,74.4,21,9,0.7145539906103286,426,47.333333333333336,32.0,0.15720137274438178,0.0,0.0,0.0,United Kingdom,770.44,3
13946,21,5,829.7500000000001,165.95000000000002,341,68.2,41,5,0.28448598130841124,535,133.5,105.0,-0.203809936140275,0.0,0.0,0.0,United Kingdom,10.08,1
13950,66,1,77.61,77.61,75,75.0,5,1,30.439999999999998,1,0.0,0.0,0.0,0.0,0.0,0.0,United Kingdom,538.0,3
13951,55,2,490.55,245.275,313,156.5,31,2,1.0496551724137932,58,58.0,58.0,0.6224206137068321,0.0,0.0,0.0,United Kingdom,84.6,1
13955,125,2,355.05,177.525,176,88.0,61,2,0.8697142857142857,70,70.0,70.0,-0.2331425727792983,0.0,0.0,0.0,United Kingdom,105.11,1
13956,62,2,290.32,145.16,132,66.0,49,2,2.0993103448275865,29,28.0,28.0,0.45992204711065937,0.0,0.0,0.0,United Kingdom,660.75,3
13959,100,5,808.17,161.634,537,107.4,75,5,0.658874458874459,231,57.5,59.0,0.010148181409968527,0.0,0.0,0.0,United Kingdom,256.6,1
13962,65,2,261.2,130.6,100,50.0,16,2,0.3187434554973822,191,190.0,190.0,-0.5529085872576177,0.0,0.0,0.0,United Kingdom,39.2,1
13967,215,1,85.6,85.6,24,24.0,4,1,30.439999999999998,1,0.0,0.0,0.0,0.0,0.0,0.0,United Kingdom,80.7,1
13969,2,24,5683.37,236.80708333333334,3178,132.41666666666666,326,15,1.6528506787330317,442,21.0,14.0,-0.019207176813372227,0.0,0.0,0.0,United Kingdom,5363.99,11
13971,33,9,2666.64,296.2933333333333,1735,192.77777777777777,122,9,0.584136460554371,469,58.5,54.5,-0.2022974867867545,0.0,0.0,0.0,United Kingdom,1729.02,5
13972,21,1,145.9,145.9,42,42.0,9,1,30.439999999999998,1,0.0,0.0,0.0,0.0,0.0,0.0,United Kingdom,44.349999999999994,1
13974,401,1,264.13,264.13,107,107.0,15,1,30.439999999999998,1,0.0,0.0,0.0,0.0,0.0,0.0,United Kingdom,413.59000000000003,1
13975,35,8,3721.3,465.1625,2677,334.625,344,7,0.5293913043478261,460,65.71428571428571,61.0,0.7066362155242641,0.0,0.0,0.0,United Kingdom,1444.23,4
13979,212,6,2426.2400000000002,404.3733333333334,1526,254.33333333333334,304,4,0.5309302325581395,344,85.75,78.5,-0.020914563518606304,0.0,0.0,0.0,United Kingdom,869.87,1
13980,258,4,524.03,131.0075,288,72.0,44,4,0.5611059907834102,217,72.33333333333333,79.0,0.42718851320055595,0.0,0.0,0.0,United Kingdom,156.58,1
13982,145,7,2568.08,366.86857142857144,1674,239.14285714285714,93,7,0.5886187845303867,362,60.333333333333336,38.0,-0.3297035316779158,0.0,0.0,0.0,United Kingdom,954.09,2
13983,6,15,4243.88,282.92533333333336,2691,179.4,205,12,0.8393382352941177,544,45.25,42.5,-0.5189754777835098,0.0,0.0,0.0,United Kingdom,503.49,3
13984,144,9,1070.84,118.98222222222222,707,78.55555555555556,50,7,0.6714705882352942,408,58.142857142857146,41.0,1.8774667777093812,0.0,0.0,0.0,United Kingdom,109.68,2
13985,3,10,4047.63,404.76300000000003,1985,198.5,89,8,0.6289256198347107,484,53.77777777777778,30.0,0.8807886247315594,0.0,0.0,0.0,United Kingdom,5894.83,12
13988,20,4,1744.77,436.1925,1053,263.25,106,4,0.28649411764705884,425,141.66666666666666,129.0,3.6246615087040617,0.0,0.0,0.0,United Kingdom,2526.13,4
13989,58,4,909.91,227.4775,717,179.25,42,4,0.3746461538461539,325,108.0,76.0,-0.6428571428571429,0.0,0.0,0.0,United Kingdom,289.65999999999997,1
13992,199,2,142.7,71.35,90,45.0,5,2,0.7334939759036144,83,83.0,83.0,-0.11989459815546782,0.0,0.0,0.0,United Kingdom,76.8,1
13993,25,14,4335.22,309.65857142857146,1611,115.07142857142857,96,12,0.8010526315789473,532,44.25,45.0,0.13868429491132442,0.0,0.0,0.0,United Kingdom,1539.74,4
13995,65,10,2757.03,275.70300000000003,1565,156.5,114,9,0.6394957983193278,476,52.888888888888886,45.0,-0.12531492876883837,0.0,0.0,0.0,United Kingdom,1083.24,4
13999,33,21,6720.37,320.01761904761906,3575,170.23809523809524,145,15,1.2269481765834935,521,26.0,21.0,-0.40496285571879526,0.0,0.0,0.0,United Kingdom,2654.9900000000002,8
14001,52,8,2652.31,331.53875,989,123.625,47,6,0.9330268199233717,261,43.5,25.0,-0.8136514328100638,0.0,0.0,0.0,United Kingdom,350.44,1
14004,108,5,2009.75,401.95,987,197.4,63,3,1.0353741496598639,147,73.5,73.5,-0.5811359384376433,0.0,0.0,0.0,United Kingdom,2952.56,6
14005,35,1,161.66,161.66,238,238.0,13,1,30.439999999999998,1,0.0,0.0,0.0,0.0,0.0,0.0,United Kingdom,1399.24,4
14006,60,6,859.8,143.29999999999998,660,110.0,42,6,0.44330097087378645,412,82.2,56.0,-0.31840406806180327,0.0,0.0,0.0,United Kingdom,155.1,1
14013,95,3,679.05,226.35,399,133.0,33,3,0.26241379310344826,348,174.0,174.0,2.566577000672495,0.0,0.0,0.0,United Kingdom,317.08,2
14014,195,2,1275.69,637.845,490,245.0,32,2,0.3028855721393035,201,200.0,200.0,5.861527084488814,0.0,0.0,0.0,United Kingdom,346.54,1
14016,27,10,8694.69,869.469,3980,398.0,301,10,0.6174442190669372,493,54.77777777777778,48.0,-0.3803100526813857,0.0,0.0,0.0,Other,815.36,1
14020,295,2,567.96,283.98,204,102.0,28,2,1.148679245283019,53,53.0,53.0,-0.05446511149933215,0.0,0.0,0.0,United Kingdom,642.8,2
14021,30,6,1357.51,226.25166666666667,729,121.5,75,6,0.4781151832460733,382,76.2,51.0,-0.4517626395684357,0.0,0.0,0.0,United Kingdom,130.2,1
14023,69,1,273.14,273.14,162,162.0,16,1,30.439999999999998,1,0.0,0.0,0.0,0.0,0.0,0.0,United Kingdom,310.93,1
14024,210,1,292.54,292.54,86,86.0,17,1,30.439999999999998,1,0.0,0.0,0.0,0.0,0.0,0.0,United Kingdom,314.95,2
14030,62,17,5488.88,322.87529411764706,3178,186.94117647058823,495,9,1.0647736625514403,486,40.5,22.0,-0.06240402706833793,0.0,0.0,0.0,United Kingdom,898.57,3
14031,15,35,19927.03,569.3437142857142,5171,147.74285714285713,232,17,1.969316081330869,541,17.419354838709676,14.0,-0.3280617056480167,0.0,0.0,0.0,United Kingdom,4869.02,6
14032,25,10,2876.47,287.647,1885,188.5,65,8,0.5853846153846154,520,57.666666666666664,35.0,0.6674734548152269,0.0,0.0,0.0,United Kingdom,1025.54,6
14035,87,6,1811.2,301.8666666666667,895,149.16666666666666,46,6,0.5293913043478261,345,69.0,43.0,0.6786559394226216,0.0,0.0,0.0,United Kingdom,631.3199999999999,3
14037,184,5,765.07,153.014,482,96.4,93,5,0.41246612466124666,369,92.0,81.0,-0.45234049439656915,0.0,0.0,0.0,United Kingdom,35.400000000000006,1
14038,26,3,2225.82,741.94,1244,414.6666666666667,87,3,0.1955460385438972,467,233.0,233.0,1.1592080051096443,0.0,0.0,0.0,United Kingdom,844.0600000000001,2
14039,395,1,38.76,38.76,28,28.0,3,1,30.439999999999998,1,0.0,0.0,0.0,0.0,0.0,0.0,United Kingdom,82.6,1
14040,2,29,10032.08,345.9337931034483,3904,134.6206896551724,298,16,1.5876978417266188,556,21.346153846153847,17.5,-0.3951629472365988,0.0,0.0,0.0,United Kingdom,1512.5,6
14044,129,7,2344.86,334.98,1227,175.28571428571428,457,6,0.5682133333333333,375,75.0,70.0,0.8245880312228966,0.0,0.0,0.0,United Kingdom,448.28,3
14047,19,12,3257.5,271.4583333333333,1226,102.16666666666667,87,9,0.7641841004184101,478,53.0,36.0,-0.07865851141008458,0.0,0.0,0.0,United Kingdom,672.69,2
14049,20,11,9104.6,827.6909090909091,5521,501.90909090909093,445,8,0.8029736211031175,417,59.57142857142857,54.0,-0.28742760513361676,0.0,0.0,0.0,United Kingdom,2367.21,2
14051,32,25,11001.79,440.07160000000005,2925,117.0,70,14,1.452290076335878,524,23.772727272727273,19.0,1.1078151659303286,0.0,0.0,0.0,United Kingdom,7942.110000000001,12
14052,210,1,198.85,198.85,82,82.0,62,1,30.439999999999998,1,0.0,0.0,0.0,0.0,0.0,0.0,United Kingdom,225.36,1
14053,216,2,68.25,34.125,45,22.5,2,2,0.6764444444444445,90,89.0,89.0,0.06818181818181818,0.0,0.0,0.0,United Kingdom,41.75,1
14055,397,2,395.75,197.875,153,76.5,15,2,0.41698630136986303,146,146.0,146.0,3.9962121212121215,0.0,0.0,0.0,United Kingdom,217.14,1
14056,3,11,3641.08,331.0072727272727,2041,185.54545454545453,237,5,3.3152475247524755,101,10.0,8.0,0.2066840404738797,0.0,0.0,0.0,United Kingdom,4397.38,12
14057,18,13,3946.66,303.58923076923077,2912,224.0,188,10,0.7355390334572491,538,53.7,51.5,0.3283030889397551,0.0,0.0,0.0,United Kingdom,2633.03,8
14060,3,21,3648.88,173.75619047619048,2827,134.61904761904762,61,13,1.401842105263158,456,23.94736842105263,21.0,0.504000768586761,0.0,0.0,0.0,United Kingdom,1961.6000000000001,8
14062,58,16,8660.050000000001,541.2531250000001,2908,181.75,131,11,0.9919348268839104,491,35.0,31.0,0.3800306487503567,0.0,0.0,0.0,United Kingdom,920.94,4
14064,31,13,1988.12,152.9323076923077,1553,119.46153846153847,99,10,0.8313445378151261,476,43.27272727272727,26.0,-0.5189194658033185,0.0,0.0,0.0,United Kingdom,464.1,2
14071,79,2,356.81,178.405,295,147.5,22,1,12.176,5,4.0,4.0,0.0,0.0,0.0,0.0,United Kingdom,836.24,6
14075,80,3,961.78,320.5933333333333,836,278.6666666666667,44,3,0.4348571428571429,210,104.5,104.5,-0.5290735019728994,0.0,0.0,0.0,United Kingdom,507.62,2
14077,1,4,426.06,106.515,256,64.0,41,4,0.5716431924882629,213,71.0,49.0,1.683728168770534,0.0,0.0,0.0,United Kingdom,103.1,2
14078,3,8,1277.1599999999999,159.64499999999998,508,63.5,94,8,0.5572540045766591,437,62.42857142857143,58.0,0.6901737756714059,0.0,0.0,0.0,United Kingdom,221.46,1
14080,232,4,576.48,144.12,200,50.0,57,3,0.37580246913580245,324,108.0,102.0,-0.011109194410902041,0.0,0.0,0.0,United Kingdom,45.599999999999994,1
14083,18,6,521.88,86.98,297,49.5,95,4,0.34921606118546844,523,130.5,147.5,4.581914491108589,0.0,0.0,0.0,United Kingdom,528.96,4
14085,17,24,7494.56,312.27333333333337,4315,179.79166666666666,415,13,1.3680898876404495,534,24.227272727272727,17.5,0.18662854308596769,0.0,0.0,0.0,United Kingdom,1498.55,8
14087,224,2,591.35,295.675,465,232.5,124,2,0.18392749244712991,331,331.0,331.0,0.5116802582398909,0.0,0.0,0.0,United Kingdom,191.47,1
14088,9,6,19475.68,3245.9466666666667,3847,641.1666666666666,190,3,0.7906493506493507,231,77.0,84.0,-0.5842942471652345,0.0,0.0,0.0,United Kingdom,24017.37,10
14092,15,16,4880.6900000000005,305.04312500000003,2387,149.1875,133,14,0.9241745730550285,527,35.13333333333333,33.0,0.5271788658299155,0.0,0.0,0.0,United Kingdom,2279.44,8
14099,37,14,3845.7400000000002,274.6957142857143,2365,168.92857142857142,220,12,0.8323437499999999,512,39.30769230769231,41.0,0.3165992000385522,0.0,0.0,0.0,United Kingdom,1550.3600000000001,6
14101,17,8,1124.61,140.57625,638,79.75,12,7,0.5743396226415095,424,60.57142857142857,53.0,-0.9284816414248931,0.0,0.0,0.0,United Kingdom,285.6,2
14104,208,3,483.52,161.17333333333332,375,125.0,98,3,0.5340350877192983,171,85.5,85.5,-0.6850149578460702,0.0,0.0,0.0,United Kingdom,77.36,1
14107,39,8,3403.96,425.495,2287,285.875,80,8,0.4774901960784314,510,72.85714285714286,67.0,0.271305415432247,0.0,0.0,0.0,United Kingdom,1165.21,3
14108,550,2,406.25,203.125,231,115.5,17,1,8.697142857142858,7,7.0,7.0,0.0,0.0,0.0,0.0,United Kingdom,581.26,2
14110,39,23,6798.96,295.6069565217391,3034,131.91304347826087,146,11,1.3489788053949905,519,24.666666666666668,16.0,-0.6894505837655917,0.0,0.0,0.0,United Kingdom,1784.19,8
14111,61,1,15.0,15.0,4,4.0,1,1,30.439999999999998,1,0.0,0.0,0.0,0.0,0.0,0.0,United Kingdom,201.29999999999998,2
14112,23,9,3952.7400000000002,439.1933333333334,2402,266.8888888888889,157,6,0.607450110864745,451,75.16666666666667,77.5,-0.6401934747010499,0.0,0.0,0.0,United Kingdom,1762.65,4
14113,174,10,2827.75,282.775,1406,140.6,51,8,0.8052910052910053,378,41.888888888888886,35.0,-0.5372471122560354,0.0,0.0,0.0,United Kingdom,593.52,3
14126,263,1,466.33000000000004,466.33000000000004,379,379.0,28,1,30.439999999999998,1,0.0,0.0,0.0,0.0,0.0,0.0,United Kingdom,183.4,1
14127,76,5,1585.7,317.14,702,140.4,86,4,0.8952941176470588,170,42.25,41.0,-0.6010216415079358,0.0,0.0,0.0,United Kingdom,257.48,1
14128,75,2,592.25,296.125,519,259.5,34,2,0.20567567567567568,296,296.0,296.0,0.06567611872623916,0.0,0.0,0.0,United Kingdom,319.46,1
14129,80,5,1786.06,357.212,890,178.0,35,5,0.47711598746081507,319,79.75,72.0,-0.13310337618898277,0.0,0.0,0.0,United Kingdom,764.96,4
14132,3,1,306.86,306.86,388,388.0,24,1,30.439999999999998,1,0.0,0.0,0.0,0.0,0.0,0.0,United Kingdom,2937.37,10
14133,135,2,501.65,250.825,199,99.5,21,2,0.14564593301435408,418,418.0,418.0,0.2843806921675775,0.0,0.0,0.0,United Kingdom,287.64,2
14135,5,17,2257.41,132.78882352941176,1680,98.82352941176471,86,10,0.937463768115942,552,36.733333333333334,16.0,2.823962546157904,0.0,0.0,0.0,United Kingdom,1472.0900000000001,6
14139,309,3,670.98,223.66,539,179.66666666666666,29,3,1.7230188679245284,53,26.0,26.0,-0.4769981412639406,0.0,0.0,0.0,United Kingdom,316.8,1
14146,74,9,6116.26,679.5844444444444,3391,376.77777777777777,232,7,0.6212244897959184,441,73.5,51.5,2.437184872425476,0.0,0.0,0.0,United Kingdom,2274.52,3
14147,105,7,875.6,125.08571428571429,331,47.285714285714285,18,5,0.6002253521126761,355,88.75,82.5,2.4627930682976564,0.0,0.0,0.0,United Kingdom,300.6,1
14150,179,1,306.18,306.18,262,262.0,12,1,30.439999999999998,1,0.0,0.0,0.0,0.0,0.0,0.0,United Kingdom,352.46000000000004,1
14152,53,6,1587.24,264.54,1346,224.33333333333334,88,5,0.4287323943661972,426,106.25,105.0,0.2653234799372509,0.0,0.0,0.0,United Kingdom,288.06,1
14156,5,92,60224.1,654.6097826086956,24590,267.2826086956522,1095,19,5.064159132007234,553,7.1688311688311686,5.0,-0.19748972583105528,0.0,0.0,0.0,Other,15734.29,29
14157,104,4,822.98,205.745,436,109.0,68,4,0.33728531855955685,361,120.33333333333333,104.0,3.384232908079818,0.0,0.0,0.0,United Kingdom,135.55,1
14159,6,12,3947.28,328.94,2886,240.5,479,10,0.6641454545454546,550,54.9,52.0,-0.08841946216094479,0.0,0.0,0.0,United Kingdom,3500.7799999999997,8
14162,112,1,111.38,111.38,60,60.0,11,1,30.439999999999998,1,0.0,0.0,0.0,0.0,0.0,0.0,United Kingdom,111.68,1
14163,18,3,778.5,259.5,242,80.66666666666667,25,3,0.34722433460076046,263,131.5,131.5,3.2350211821666326,0.0,0.0,0.0,United Kingdom,815.62,2
14167,82,6,970.7,161.78333333333333,265,44.166666666666664,41,6,0.43693779904306224,418,83.6,74.0,-0.10890317553087857,0.0,0.0,0.0,United Kingdom,303.59,2
14171,549,1,135.0,135.0,44,44.0,6,1,30.439999999999998,1,0.0,0.0,0.0,0.0,0.0,0.0,United Kingdom,338.29,1
14173,38,3,232.25,77.41666666666667,83,27.666666666666668,12,3,0.178359375,512,255.5,255.5,-0.2816661734240899,0.0,0.0,0.0,United Kingdom,311.8,3
14175,149,6,4284.43,714.0716666666667,1557,259.5,128,6,0.6108361204013378,299,59.6,56.0,-0.10094898696417255,0.0,0.0,0.0,United Kingdom,2542.97,2
14177,200,8,1306.48,163.31,678,84.75,108,4,0.8985977859778599,271,67.5,47.5,0.49900535577658794,0.0,0.0,0.0,United Kingdom,511.46000000000004,4
14178,1,1,197.37,197.37,161,161.0,28,1,30.439999999999998,1,0.0,0.0,0.0,0.0,0.0,0.0,United Kingdom,1356.81,6
14180,4,24,2874.0,119.75,536,22.333333333333332,82,12,2.0125619834710746,363,16.5,15.0,2.0633497740187168,0.0,0.0,0.0,United Kingdom,818.8,9
14188,34,2,760.9,380.45,413,206.5,17,2,0.6341666666666667,96,96.0,96.0,-0.0881909547738694,0.0,0.0,0.0,United Kingdom,1293.46,4
14189,20,9,2619.15,291.01666666666665,1791,199.0,112,7,1.4495238095238097,189,26.857142857142858,30.0,-0.3360967710683293,0.0,0.0,0.0,United Kingdom,2369.07,7
14191,4,5,919.6,183.92000000000002,469,93.8,30,4,0.2797794117647059,544,136.0,97.5,55.83647798742139,0.0,0.0,0.0,United Kingdom,3710.86,10
14193,89,2,779.34,389.67,458,229.0,39,2,0.47937007874015747,127,127.0,127.0,0.18424887892376668,0.0,0.0,0.0,United Kingdom,430.85,1
14194,16,21,10104.82,481.1819047619048,5440,259.04761904761904,331,12,1.2633201581027669,506,38.92307692307692,38.0,0.04749465790607702,0.0,0.0,0.0,United Kingdom,7178.04,14
14198,58,6,891.63,148.605,381,63.5,36,6,0.3927741935483871,465,92.8,77.0,-0.2466521149194737,0.0,0.0,0.0,United Kingdom,444.6,3
14201,5,7,838.96,119.85142857142857,422,60.285714285714285,31,7,0.5287344913151365,403,67.0,39.5,-0.1193454382425466,0.0,0.0,0.0,United Kingdom,287.86,3
14204,241,3,746.72,248.90666666666667,387,129.0,155,3,0.2889873417721519,316,157.5,157.5,0.7731273443012588,0.0,0.0,0.0,United Kingdom,138.11,1
14205,83,8,2002.13,250.26625,1159,144.875,67,7,0.6425329815303431,379,63.0,57.5,-0.09415354131249788,0.0,0.0,0.0,United Kingdom,243.8,1
14208,370,1,347.15,347.15,223,223.0,21,1,30.439999999999998,1,0.0,0.0,0.0,0.0,0.0,0.0,United Kingdom,151.74,1
14209,33,12,3639.48,303.29,1314,109.5,112,11,0.772262156448203,473,43.0,46.0,0.1949174917491749,0.0,0.0,0.0,United Kingdom,876.6,3
14210,16,15,5124.77,341.65133333333335,2289,152.6,137,13,0.9023715415019763,506,38.84615384615385,34.0,-0.5003809559791198,0.0,0.0,0.0,United Kingdom,255.19,1
14211,27,14,2932.18,209.44142857142856,1728,123.42857142857143,114,9,0.8148374760994264,523,47.54545454545455,42.0,-0.14420161897709496,0.0,0.0,0.0,United Kingdom,1183.71,4
14214,97,1,579.25,579.25,309,309.0,35,1,30.439999999999998,1,0.0,0.0,0.0,0.0,0.0,0.0,United Kingdom,365.73,4
14215,6,7,2291.83,327.4042857142857,1397,199.57142857142858,123,6,0.3902564102564103,546,90.83333333333333,73.0,-0.1200022968516727,0.0,0.0,0.0,United Kingdom,654.49,2
14216,233,1,285.24,285.24,116,116.0,17,1,30.439999999999998,1,0.0,0.0,0.0,0.0,0.0,0.0,United Kingdom,1647.3,4
14217,4,14,1907.21,136.2292857142857,783,55.92857142857143,87,11,1.2424489795918368,343,26.384615384615383,22.0,-0.2281849870377023,0.0,0.0,0.0,United Kingdom,913.73,9
14219,229,2,488.49,244.245,281,140.5,29,2,0.7247619047619048,84,84.0,84.0,-0.7242027736425605,0.0,0.0,0.0,United Kingdom,89.94,1
14221,9,12,4466.82,372.23499999999996,2444,203.66666666666666,109,9,0.8635460992907801,423,46.888888888888886,29.0,-0.4763668737144788,0.0,0.0,0.0,United Kingdom,1495.46,5
14223,83,1,279.4,279.4,128,128.0,17,1,30.439999999999998,1,0.0,0.0,0.0,0.0,0.0,0.0,United Kingdom,626.11,2
14224,34,7,988.43,141.2042857142857,509,72.71428571428571,155,6,0.6456969696969697,330,54.833333333333336,49.0,-0.30930674101568517,0.0,0.0,0.0,United Kingdom,370.91,2
14226,29,3,1515.74,505.24666666666667,841,280.3333333333333,57,3,0.39532467532467536,231,115.5,115.5,0.39136059573393905,0.0,0.0,0.0,United Kingdom,488.89000000000004,2
14227,15,12,5205.45,433.78749999999997,3163,263.5833333333333,227,7,0.7706329113924051,474,67.57142857142857,39.0,0.15411895667719142,0.0,0.0,0.0,United Kingdom,951.44,3
14229,111,6,1300.47,216.745,509,84.83333333333333,35,5,1.0146666666666666,180,45.0,38.5,0.4836617610376652,0.0,0.0,0.0,United Kingdom,593.0699999999999,1
14232,6,2,894.5,447.25,640,320.0,49,2,0.7805128205128206,78,78.0,78.0,-0.5813071957621607,0.0,0.0,0.0,United Kingdom,869.86,3
14233,31,6,1911.15,318.52500000000003,669,111.5,29,6,0.4218013856812933,433,86.6,99.0,-0.38592120265191504,0.0,0.0,0.0,United Kingdom,503.62,1
14235,45,6,2699.11,449.8516666666667,1764,294.0,88,5,0.464732824427481,393,98.25,60.5,-0.21807990915812836,0.0,0.0,0.0,United Kingdom,864.5500000000001,3
14236,191,4,1253.78,313.445,502,125.5,29,4,0.9086567164179105,134,44.333333333333336,39.0,0.3896089044751084,0.0,0.0,0.0,United Kingdom,287.64,1
14239,20,16,3041.46,190.09125,1320,82.5,77,13,0.912059925093633,534,35.6,37.0,0.11622518629845327,0.0,0.0,0.0,United Kingdom,1085.81,5
14240,45,2,565.05,282.525,315,157.5,25,2,0.3074747474747475,198,198.0,198.0,-0.3292430514488469,0.0,0.0,0.0,United Kingdom,633.59,1
14243,65,12,5659.45,471.62083333333334,2783,231.91666666666666,199,8,1.5812987012987014,231,21.0,16.0,-0.7823801967927292,0.0,0.0,0.0,United Kingdom,1056.98,5
14246,65,1,449.64,449.64,216,216.0,24,1,30.439999999999998,1,0.0,0.0,0.0,0.0,0.0,0.0,United Kingdom,968.68,2
14257,4,6,3783.07,630.5116666666667,2202,367.0,135,6,0.39362068965517244,464,92.8,64.0,-0.4662379942672499,0.0,0.0,0.0,United Kingdom,1710.81,3
14258,19,22,13142.84,597.4018181818182,3412,155.0909090909091,63,16,1.2470763500931101,537,29.77777777777778,28.5,-0.4756622593365808,0.0,0.0,0.0,United Kingdom,2062.7000000000003,3
14262,60,1,240.0,240.0,196,196.0,16,1,30.439999999999998,1,0.0,0.0,0.0,0.0,0.0,0.0,United Kingdom,2292.31,7
14264,65,5,1210.49,242.098,497,99.4,49,5,0.41584699453551915,366,91.5,96.5,-0.48288611212071847,0.0,0.0,0.0,United Kingdom,205.77,1
14265,284,2,775.02,387.51,380,190.0,44,2,0.41135135135135137,148,148.0,148.0,1.2323476665137423,0.0,0.0,0.0,Other,398.23,2
14267,79,2,683.36,341.68,268,134.0,14,1,60.879999999999995,1,0.0,0.0,0.0,0.0,0.0,0.0,United Kingdom,543.58,1
14272,73,3,540.96,180.32000000000002,367,122.33333333333333,34,2,0.2784146341463415,328,164.0,164.0,-0.7546101250086332,0.0,0.0,0.0,United Kingdom,269.45,1
14273,37,2,218.7,109.35,109,54.5,10,2,2.4352,25,25.0,25.0,-0.061170212765957376,0.0,0.0,0.0,United Kingdom,341.27,2
14276,0,6,1658.49,276.415,1171,195.16666666666666,62,5,0.3805,480,120.0,113.5,0.042129458225348554,0.0,0.0,0.0,United Kingdom,399.34,1
14277,31,5,1890.23,378.046,1009,201.8,160,4,0.2961089494163424,514,171.33333333333334,167.0,3.5722834738517784,0.0,0.0,0.0,France,2338.57,2
14282,22,14,2393.56,170.96857142857144,1743,124.5,75,9,1.104041450777202,386,29.692307692307693,22.0,0.5989272296901126,0.0,0.0,0.0,United Kingdom,1908.48,10
14284,473,1,636.45,636.45,344,344.0,33,1,30.439999999999998,1,0.0,0.0,0.0,0.0,0.0,0.0,United Kingdom,557.0,2
14285,332,4,1221.41,305.3525,401,100.25,31,4,0.5585321100917432,218,72.66666666666667,73.0,0.8547621830080638,0.0,0.0,0.0,United Kingdom,1638.78,4
14286,62,5,5174.97,1034.9940000000001,5171,1034.2,207,4,0.3087221095334686,493,164.33333333333334,162.0,0.37599746558801106,0.0,0.0,0.0,United Kingdom,2293.55,2
14287,18,1,66.0,66.0,72,72.0,3,1,30.439999999999998,1,0.0,0.0,0.0,0.0,0.0,0.0,United Kingdom,93.35,1
14289,18,3,543.22,181.07333333333335,210,70.0,28,3,1.0035164835164836,91,45.0,45.0,-0.1693738626406955,0.0,0.0,0.0,United Kingdom,317.04,3
14290,181,4,2834.82,708.705,854,213.5,57,4,0.3290810810810811,370,123.33333333333333,90.0,0.08502438199189466,0.0,0.0,0.0,United Kingdom,1512.0900000000001,4
14291,30,15,5076.37,338.42466666666667,3673,244.86666666666667,182,9,0.8780769230769231,520,65.0,59.0,0.17578607186942805,0.0,0.0,0.0,United Kingdom,2257.04,8
14292,23,9,3820.59,424.51,1843,204.77777777777777,91,7,0.6415925058548009,427,71.0,73.0,-0.5111341065165097,0.0,0.0,0.0,United Kingdom,1374.82,7
14293,124,7,2072.27,296.0385714285714,855,122.14285714285714,59,5,0.5013647058823529,425,84.8,30.0,0.14265625807785748,0.0,0.0,0.0,United Kingdom,538.5400000000001,2
14295,258,3,2034.91,678.3033333333334,746,248.66666666666666,58,3,0.31273972602739725,292,146.0,146.0,1.4557357561348387,0.0,0.0,0.0,United Kingdom,166.20000000000002,1
14297,94,1,232.6,232.6,78,78.0,11,1,30.439999999999998,1,0.0,0.0,0.0,0.0,0.0,0.0,United Kingdom,949.85,3
14298,10,61,45318.01,742.9181967213115,30010,491.9672131147541,909,17,3.4513754646840153,538,16.303030303030305,18.0,0.42118507192150145,0.0,0.0,0.0,United Kingdom,15000.35,13
14299,137,22,7727.69,351.25863636363636,2789,126.77272727272727,90,12,1.5944761904761906,420,22.05263157894737,21.0,0.8719358099570378,0.0,0.0,0.0,United Kingdom,2042.25,5
14301,235,3,888.59,296.19666666666666,365,121.66666666666667,24,3,0.36382470119521915,251,125.0,125.0,-0.604403888740557,0.0,0.0,0.0,United Kingdom,362.7,1
14306,496,1,119.16,119.16,108,108.0,6,1,30.439999999999998,1,0.0,0.0,0.0,0.0,0.0,0.0,United Kingdom,1273.88,2
14307,39,7,2900.6,414.37142857142857,1883,269.0,147,7,0.4153606237816765,513,85.5,82.0,0.40589903949834943,0.0,0.0,0.0,United Kingdom,1159.55,3
14309,2,7,2066.29,295.1842857142857,1451,207.28571428571428,103,6,0.5790217391304348,368,61.166666666666664,53.0,-0.4087354167339948,0.0,0.0,0.0,United Kingdom,974.7800000000001,4
14312,6,9,1978.43,219.82555555555555,1115,123.88888888888889,105,7,0.8615094339622642,318,39.75,32.0,-0.33639130873499046,0.0,0.0,0.0,United Kingdom,667.22,2
14314,250,1,109.80000000000001,109.80000000000001,36,36.0,2,1,30.439999999999998,1,0.0,0.0,0.0,0.0,0.0,0.0,United Kingdom,93.47999999999999,1
14315,10,4,1572.8899999999999,393.22249999999997,707,176.75,52,4,0.27423423423423426,444,147.66666666666666,75.0,0.19465877855139596,0.0,0.0,0.0,United Kingdom,1452.63,4
14321,153,3,889.1,296.3666666666667,1049,349.6666666666667,75,3,0.6522857142857142,140,70.0,70.0,-0.5584343991179714,0.0,0.0,0.0,United Kingdom,1145.86,4
14323,58,1,274.32,274.32,220,220.0,18,1,30.439999999999998,1,0.0,0.0,0.0,0.0,0.0,0.0,United Kingdom,279.74,1
14327,201,5,1546.32,309.264,1013,202.6,86,5,0.47711598746081507,319,79.5,49.0,-0.2976793341846843,0.0,0.0,0.0,United Kingdom,311.65,1
14329,93,10,6272.2,627.22,3692,369.2,252,10,0.6764444444444445,450,50.0,49.0,0.700170907791587,0.0,0.0,0.0,United Kingdom,2523.63,5
14332,200,2,1077.2,538.6,412,206.0,31,2,1.691111111111111,36,35.0,35.0,-0.081567230632235,0.0,0.0,0.0,United Kingdom,799.89,3
14334,23,9,3352.91,372.54555555555555,2301,255.66666666666666,133,9,0.7485245901639345,366,45.625,43.0,-0.013007946996319741,0.0,0.0,0.0,United Kingdom,873.98,3
14336,17,3,962.71,320.90333333333336,605,201.66666666666666,46,2,1.1707692307692308,78,39.0,39.0,0.04162955422657662,0.0,0.0,0.0,United Kingdom,386.28000000000003,1
14338,15,2,759.35,379.675,471,235.5,39,2,0.17853372434017598,341,340.0,340.0,0.8144922164566345,0.0,0.0,0.0,United Kingdom,8.25,1
14341,34,14,2912.53,208.03785714285715,1688,120.57142857142857,122,8,0.8132824427480916,524,65.375,76.5,-0.11841127714143583,0.0,0.0,0.0,United Kingdom,1286.92,4
14342,29,3,368.53000000000003,122.84333333333335,213,71.0,16,3,0.34722433460076046,263,131.0,131.0,-0.26107677063181234,0.0,0.0,0.0,United Kingdom,250.79999999999998,3
14344,26,17,2445.65,143.86176470588236,1129,66.41176470588235,117,10,1.2320952380952381,420,26.25,19.0,-0.2620984530634468,0.0,0.0,0.0,United Kingdom,170.1,2
14346,116,4,1340.28,335.07,846,211.5,77,3,0.605771144278607,201,100.0,100.0,-0.771050532280692,0.0,0.0,0.0,United Kingdom,661.39,1
14352,54,2,730.82,365.41,402,201.0,31,2,1.5610256410256411,39,39.0,39.0,1.159619541720709,0.0,0.0,0.0,United Kingdom,233.64000000000001,2
14364,7,4,668.35,167.0875,175,43.75,14,2,5.073333333333333,24,12.0,12.0,-0.1848180336773493,0.0,0.0,0.0,United Kingdom,878.55,4
14367,3,8,4015.9700000000003,501.99625000000003,1777,222.125,182,4,2.6469565217391304,92,23.0,24.5,0.20825131143394468,0.0,0.0,0.0,United Kingdom,4690.55,8
14379,114,3,847.79,282.59666666666664,537,179.0,71,3,0.49362162162162165,185,92.5,92.5,-0.6499164064225104,0.0,0.0,0.0,United Kingdom,237.12,1
14381,270,1,423.26,423.26,303,303.0,56,1,30.439999999999998,1,0.0,0.0,0.0,0.0,0.0,0.0,United Kingdom,202.68,1
14382,209,1,578.14,578.14,436,436.0,137,1,30.439999999999998,1,0.0,0.0,0.0,0.0,0.0,0.0,United Kingdom,448.58,1
14388,22,11,4109.63,373.6027272727273,2838,258.0,127,11,0.688971193415638,486,48.5,48.5,-0.12409905283578677,0.0,0.0,0.0,United Kingdom,1949.23,5
14389,10,4,1009.19,252.2975,647,161.75,38,4,0.3044,400,133.33333333333334,104.0,-0.5797058616564633,0.0,0.0,0.0,United Kingdom,588.32,1
14390,30,7,2435.69,347.9557142857143,1120,160.0,147,5,0.9910697674418605,215,42.8,28.0,-0.5373076068483855,0.0,0.0,0.0,United Kingdom,3514.7200000000003,6
14395,41,16,5726.86,357.92875,2855,178.4375,249,11,1.2884656084656085,378,27.0,21.0,-0.5026446864418967,0.0,0.0,0.0,United Kingdom,1841.22,4
14396,190,6,1527.99,254.665,768,128.0,163,5,0.4976566757493189,367,91.5,88.5,-0.6292242686307403,0.0,0.0,0.0,United Kingdom,365.14,1
14397,17,2,223.52,111.76,176,88.0,10,1,3.8049999999999997,16,15.0,15.0,0.0,0.0,0.0,0.0,United Kingdom,1792.68,17
14400,227,2,695.53,347.765,628,314.0,41,2,0.2717857142857143,224,223.0,223.0,-0.1936631606284898,0.0,0.0,0.0,United Kingdom,363.98,1
14401,1,12,3174.42,264.535,1634,136.16666666666666,76,10,0.6714705882352942,544,49.36363636363637,47.0,-0.5102634617009095,0.0,0.0,0.0,United Kingdom,2447.02,10
14404,79,10,1699.76,169.976,934,93.4,84,9,0.6617391304347826,460,57.5,46.0,-0.24433977854900016,0.0,0.0,0.0,United Kingdom,725.15,3
14407,25,2,615.01,307.505,307,153.5,28,2,0.8455555555555555,72,71.0,71.0,-0.01948281969535958,0.0,0.0,0.0,United Kingdom,651.22,3
14408,9,4,1136.39,284.0975,654,163.5,32,4,0.22423572744014733,543,181.0,49.0,2.8940137812230837,0.0,0.0,0.0,United Kingdom,1175.24,4
14409,138,4,1434.1,358.525,898,224.5,47,4,0.488995983935743,249,83.0,82.0,-0.1799606574021194,0.0,0.0,0.0,United Kingdom,694.52,3
14410,25,8,2217.96,277.245,1049,131.125,247,6,1.0541991341991344,231,38.5,46.0,-0.4650370944524416,0.0,0.0,0.0,United Kingdom,326.27,3
14412,244,1,574.56,574.56,546,546.0,39,1,30.439999999999998,1,0.0,0.0,0.0,0.0,0.0,0.0,United Kingdom,633.93,2
14414,178,2,862.4,431.2,454,227.0,24,2,3.581176470588235,17,16.0,16.0,-0.6633601983880968,0.0,0.0,0.0,United Kingdom,1014.42,6
14415,1,16,8360.52,522.5325,4237,264.8125,345,15,0.8985977859778599,542,36.06666666666667,28.0,0.41600829338765544,0.0,0.0,0.0,United Kingdom,3052.75,7
14419,72,3,509.99,169.99666666666667,230,76.66666666666667,53,3,0.6970992366412213,131,65.0,65.0,-0.4401590457256462,0.0,0.0,0.0,United Kingdom,744.65,4
14420,216,3,1095.08,365.02666666666664,683,227.66666666666666,53,3,0.30955932203389835,295,147.5,147.5,1.0659051458648297,0.0,0.0,0.0,United Kingdom,387.52,1
14421,31,5,2052.13,410.42600000000004,1074,214.8,64,4,0.31708333333333333,480,120.0,85.5,-0.7149691599611759,0.0,0.0,0.0,United Kingdom,357.93,1
14422,86,14,6097.21,435.515,3222,230.14285714285714,199,12,0.934561403508772,456,35.0,30.0,-0.12017573608755973,0.0,0.0,0.0,United Kingdom,3543.06,5
14426,95,9,7617.26,846.3622222222223,4497,499.6666666666667,362,8,0.7404324324324325,370,46.125,42.0,-0.3175965665236052,0.0,0.0,0.0,United Kingdom,2068.35,7
14427,314,2,605.18,302.59,309,154.5,26,2,0.44115942028985505,138,137.0,137.0,-0.9830616703075112,0.0,0.0,0.0,United Kingdom,363.34000000000003,2
14428,59,2,213.85,106.925,70,35.0,23,2,0.707906976744186,86,86.0,86.0,-0.7839067386977537,0.0,0.0,0.0,United Kingdom,709.34,3
14436,373,1,30.0,30.0,24,24.0,1,1,30.439999999999998,1,0.0,0.0,0.0,0.0,0.0,0.0,United Kingdom,76.56,1
14440,136,9,4276.66,475.1844444444444,1266,140.66666666666666,53,8,0.6507363420427553,421,52.625,44.0,0.2753637838844405,0.0,0.0,0.0,United Kingdom,968.97,3
14441,75,7,2854.34,407.7628571428572,892,127.42857142857143,69,7,0.4887155963302753,436,72.5,69.5,-0.15696833514127798,0.0,0.0,0.0,United Kingdom,1252.15,3
14443,129,3,1271.17,423.72333333333336,766,255.33333333333334,72,3,1.3045714285714285,70,34.5,34.5,-0.6844567253459178,0.0,0.0,0.0,United Kingdom,761.93,2
14446,66,2,479.05,239.525,445,222.5,112,2,0.43177304964539004,141,140.0,140.0,0.5222450376454483,0.0,0.0,0.0,United Kingdom,690.01,3
14447,15,3,1149.53,383.1766666666667,655,218.33333333333334,63,3,0.44546341463414635,205,102.0,102.0,0.09577028258887871,0.0,0.0,0.0,United Kingdom,562.2,3
14448,183,1,102.35000000000001,102.35000000000001,44,44.0,18,1,30.439999999999998,1,0.0,0.0,0.0,0.0,0.0,0.0,United Kingdom,35.400000000000006,1
14449,66,6,1745.07,290.84499999999997,1196,199.33333333333334,211,5,0.9612631578947369,190,47.5,25.5,-0.878057091423428,0.0,0.0,0.0,United Kingdom,460.89,2
14451,13,11,2849.98,259.0890909090909,1555,141.36363636363637,214,10,0.6723694779116466,498,49.7,32.0,-0.3014535580225222,0.0,0.0,0.0,United Kingdom,283.9,1
14452,214,2,399.9,199.95,169,84.5,62,2,0.47937007874015747,127,126.0,126.0,1.172550575168584,0.0,0.0,0.0,United Kingdom,242.1,2
14459,470,1,2903.701,2903.701,1075,1075.0,64,1,30.439999999999998,1,0.0,0.0,0.0,0.0,0.0,0.0,United Kingdom,1333.8600000000001,1
14460,130,6,491.64,81.94,390,65.0,20,5,0.4411594202898551,414,82.8,86.0,-0.11372007366482498,0.0,0.0,0.0,United Kingdom,163.79999999999998,2
14461,81,11,4904.22,445.83818181818185,2382,216.54545454545453,404,8,0.7805128205128204,429,47.666666666666664,47.0,-0.2191978614037838,0.0,0.0,0.0,United Kingdom,1173.94,2
14462,5,8,1199.3600000000001,149.92000000000002,594,74.25,133,6,0.9859109311740891,247,49.4,41.0,1.1163002380618963,0.0,0.0,0.0,United Kingdom,790.61,4
14463,24,2,296.54999999999995,148.27499999999998,55,27.5,3,2,0.2063728813559322,295,294.0,294.0,-0.8458844133099824,0.0,0.0,0.0,United Kingdom,398.7,2
14466,6,10,2716.35,271.635,1725,172.5,71,9,0.5637037037037037,540,59.888888888888886,52.0,0.40736473611911206,0.0,0.0,0.0,United Kingdom,772.8000000000001,3
14467,131,9,1711.13,190.12555555555556,887,98.55555555555556,118,8,0.6446117647058823,425,53.125,51.0,0.9064766531347137,0.0,0.0,0.0,United Kingdom,449.61,3
14470,107,2,520.79,260.395,225,112.5,46,2,0.4257342657342657,143,143.0,143.0,0.18727425451490973,0.0,0.0,0.0,United Kingdom,113.55000000000001,1
14472,6,6,1542.66,257.11,1017,169.5,149,6,0.36382470119521915,502,100.4,49.0,4.499515483463241,0.0,0.0,0.0,United Kingdom,347.79,3
14473,101,1,85.0,85.0,10,10.0,1,1,30.439999999999998,1,0.0,0.0,0.0,0.0,0.0,0.0,United Kingdom,149.34000000000003,1
14474,399,1,711.23,711.23,308,308.0,97,1,30.439999999999998,1,0.0,0.0,0.0,0.0,0.0,0.0,United Kingdom,484.46,1
14475,5,3,847.47,282.49,337,112.33333333333333,28,3,0.4095067264573991,223,111.0,111.0,0.40088770528184636,0.0,0.0,0.0,United Kingdom,303.68,1
14480,221,3,1004.52,334.84,526,175.33333333333334,42,3,0.2889873417721519,316,158.0,158.0,1.4891281695033003,0.0,0.0,0.0,United Kingdom,279.05,1
14481,106,4,1639.58,409.895,1035,258.75,104,4,0.3114066496163683,391,130.0,120.0,0.07410499683744452,0.0,0.0,0.0,United Kingdom,292.85,1
14482,58,5,1215.57,243.11399999999998,561,112.2,97,3,0.6560344827586208,232,77.0,75.0,-0.7564119614924243,0.0,0.0,0.0,United Kingdom,884.9200000000001,5
14484,220,3,688.58,229.52666666666667,390,130.0,34,3,0.28360248447204967,322,160.5,160.5,-0.6975486116365286,0.0,0.0,0.0,United Kingdom,301.76,1
14487,187,2,162.14000000000001,81.07000000000001,81,40.5,31,2,5.534545454545455,11,11.0,11.0,-0.15833711949114035,0.0,0.0,0.0,United Kingdom,953.53,5
14491,192,1,127.2,127.2,40,40.0,4,1,30.439999999999998,1,0.0,0.0,0.0,0.0,0.0,0.0,United Kingdom,175.48,1
14493,209,5,2390.9,478.18,1707,341.4,197,5,0.6039682539682539,252,62.75,52.5,-0.5078985903327462,0.0,0.0,0.0,United Kingdom,2241.09,5
14494,220,2,261.9,130.95,118,59.0,10,2,0.18448484848484847,330,330.0,330.0,0.29133858267716517,0.0,0.0,0.0,United Kingdom,139.56,1
14495,479,1,51.0,51.0,6,6.0,1,1,30.439999999999998,1,0.0,0.0,0.0,0.0,0.0,0.0,United Kingdom,123.8,2
14498,5,7,1700.42,242.91714285714286,902,128.85714285714286,152,7,0.5853846153846154,364,60.666666666666664,36.5,-0.9526583634659167,0.0,0.0,0.0,United Kingdom,1461.58,3
14499,98,5,1403.47,280.694,804,160.8,118,4,0.7968586387434555,191,47.75,43.0,-0.9040527877557396,0.0,0.0,0.0,United Kingdom,685.57,2
14500,9,1,197.10000000000002,197.10000000000002,42,42.0,2,1,30.439999999999998,1,0.0,0.0,0.0,0.0,0.0,0.0,United Kingdom,21.0,1
14502,54,6,991.99,165.33166666666668,432,72.0,173,4,2.3118987341772153,79,19.75,21.0,0.292823298278054,0.0,0.0,0.0,United Kingdom,1337.15,5
14504,62,3,517.21,172.40333333333334,261,87.0,79,2,2.5366666666666666,36,17.5,17.5,-0.07757210823669344,0.0,0.0,0.0,United Kingdom,130.55,1
14505,23,16,8840.81,552.550625,3899,243.6875,721,11,0.9259315589353613,526,43.833333333333336,47.0,-0.16989631052606524,0.0,0.0,0.0,United Kingdom,2599.93,3
14506,102,4,1526.06,381.515,443,110.75,131,4,0.3841009463722398,317,105.33333333333333,86.0,1.8979821200510856,0.0,0.0,0.0,United Kingdom,1379.04,3
14507,34,8,2251.92,281.49,1218,152.25,161,7,0.4737743190661479,514,85.66666666666667,70.5,4.200220264317181,0.0,0.0,0.0,United Kingdom,489.47,2
14508,195,3,529.37,176.45666666666668,216,72.0,98,2,0.5534545454545454,165,164.0,164.0,-0.18590863918303002,0.0,0.0,0.0,United Kingdom,240.35,2
14514,20,8,3607.0,450.875,1870,233.75,194,8,0.46296577946768064,526,75.0,72.0,-0.45500805263338256,0.0,0.0,0.0,United Kingdom,495.89,1
14515,10,8,2165.42,270.6775,910,113.75,69,5,0.6764444444444445,360,59.833333333333336,19.5,-0.5190367741097137,0.0,0.0,0.0,United Kingdom,1216.41,4
14522,17,5,799.07,159.81400000000002,407,81.4,25,5,0.31252566735112935,487,121.5,31.0,-0.6609859910181648,0.0,0.0,0.0,United Kingdom,267.75,2
14524,55,8,1661.66,207.7075,799,99.875,185,4,1.345414364640884,181,45.0,47.0,-0.6302140007254261,0.0,0.0,0.0,United Kingdom,920.95,5
14525,5,13,3347.71,257.5161538461538,1877,144.3846153846154,258,13,0.7314602587800371,541,45.083333333333336,36.0,0.32421094829375846,0.0,0.0,0.0,United Kingdom,1613.27,4
14527,4,92,19044.48,207.00521739130434,5231,56.858695652173914,483,19,5.055018050541516,554,6.076923076923077,6.0,-0.6872481239456555,0.0,0.0,0.0,United Kingdom,3927.52,28
14530,4,13,4373.06,336.3892307692308,2000,153.84615384615384,216,11,0.7867196819085487,503,41.833333333333336,37.5,-0.2549849762373154,0.0,0.0,0.0,United Kingdom,1228.82,3
14533,172,4,757.91,189.4775,281,70.25,18,4,0.471937984496124,258,86.0,55.0,-0.7098306238828835,0.0,0.0,0.0,United Kingdom,802.54,6
14534,6,17,3309.36,194.66823529411766,1559,91.70588235294117,279,11,1.1550892857142858,448,28.0,15.0,0.2292608335410337,0.0,0.0,0.0,United Kingdom,2399.0,9
14535,67,7,3788.77,541.2528571428571,1810,258.57142857142856,427,7,0.5261234567901234,405,67.5,42.5,-0.48292030543643205,0.0,0.0,0.0,United Kingdom,1941.06,2
14537,442,1,285.84000000000003,285.84000000000003,108,108.0,13,1,30.439999999999998,1,0.0,0.0,0.0,0.0,0.0,0.0,United Kingdom,355.56,1
14538,75,4,647.64,161.91,140,35.0,25,3,0.285152224824356,427,142.33333333333334,139.0,-0.8031932586761281,0.0,0.0,0.0,United Kingdom,281.75,1
14540,128,9,2624.48,291.6088888888889,1198,133.11111111111111,144,8,0.6461320754716982,424,52.875,48.0,0.27633086529111023,0.0,0.0,0.0,United Kingdom,719.26,2
14541,33,12,2043.48,170.29,979,81.58333333333333,99,10,0.7485245901639344,488,48.7,38.5,0.17442380131520152,0.0,0.0,0.0,United Kingdom,447.9,2
14543,2,32,7808.34,244.010625,1501,46.90625,76,18,1.7519424460431654,556,19.857142857142858,18.0,-0.5792894395970478,0.0,0.0,0.0,United Kingdom,930.5300000000001,6
14544,180,2,1556.48,778.24,992,496.0,98,2,0.5585321100917432,109,109.0,109.0,0.06893434887214049,0.0,0.0,0.0,United Kingdom,848.14,1
14546,21,8,3441.34,430.1675,1873,234.125,312,8,0.4577443609022556,532,76.0,63.0,-0.04004943530979636,0.0,0.0,0.0,United Kingdom,1684.1,3
14548,137,7,1103.09,157.5842857142857,438,62.57142857142857,65,4,0.5122115384615384,416,138.66666666666666,123.0,-0.9201166922828418,0.0,0.0,0.0,United Kingdom,81.6,1
14550,207,2,526.24,263.12,329,164.5,43,2,0.6341666666666667,96,95.0,95.0,0.1655075922801532,0.0,0.0,0.0,United Kingdom,757.37,2
14551,23,6,644.04,107.33999999999999,344,57.333333333333336,64,4,0.38209205020920506,478,159.0,179.0,3.4189314261674384,0.0,0.0,0.0,United Kingdom,60.8,1
14552,199,2,343.71,171.855,168,84.0,80,2,0.28716981132075475,212,212.0,212.0,-0.021471333179829553,0.0,0.0,0.0,United Kingdom,164.22,1
14553,38,6,1093.15,182.1916666666667,793,132.16666666666666,167,5,0.6276288659793815,291,72.75,67.5,-0.7056880342892325,0.0,0.0,0.0,United Kingdom,367.0,3
14555,121,5,2035.03,407.006,754,150.8,90,5,0.3623809523809524,420,104.75,112.5,-0.3409720863497032,0.0,0.0,0.0,United Kingdom,126.2,1
14560,15,30,3621.0099999999998,120.70033333333332,1556,51.86666666666667,49,14,1.6848708487084871,542,20.807692307692307,12.0,-0.25559066953145326,0.0,0.0,0.0,United Kingdom,669.02,10
14561,3,1,222.07,222.07,183,183.0,16,1,30.439999999999998,1,0.0,0.0,0.0,0.0,0.0,0.0,United Kingdom,781.65,2
14562,2,12,2613.82,217.81833333333336,1245,103.75,161,10,0.7485245901639344,488,48.7,47.0,0.0754815861773253,0.0,0.0,0.0,United Kingdom,3573.33,14
14565,24,3,2457.81,819.27,1194,398.0,98,3,0.3394795539033458,269,134.0,134.0,-0.6327802099384203,0.0,0.0,0.0,United Kingdom,1046.69,2
14569,272,3,369.94,123.31333333333333,178,59.333333333333336,21,3,0.6047682119205298,151,75.5,75.5,0.034873487348734813,0.0,0.0,0.0,United Kingdom,90.04,1
14572,73,7,3388.6,484.0857142857143,1646,235.14285714285714,241,5,0.5790217391304348,368,73.4,63.0,2.0997410893604664,0.0,0.0,0.0,United Kingdom,1473.83,4
14573,2,12,1445.69,120.47416666666668,550,45.833333333333336,167,7,0.7051737451737452,518,57.55555555555556,24.0,1.515355623100304,0.0,0.0,0.0,United Kingdom,116.75999999999999,1
14577,52,5,972.45,194.49,407,81.4,80,5,0.3068548387096774,496,124.0,88.5,1.0314224258860938,0.0,0.0,0.0,United Kingdom,391.7,2
14581,363,1,245.54999999999998,245.54999999999998,85,85.0,42,1,30.439999999999998,1,0.0,0.0,0.0,0.0,0.0,0.0,United Kingdom,110.76,1
14583,4,5,936.19,187.238,554,110.8,215,5,0.34908256880733946,436,109.0,119.0,-0.06843690682512177,0.0,0.0,0.0,United Kingdom,673.6,3
14584,2,7,1393.26,199.03714285714287,869,124.14285714285714,119,6,0.4457740585774059,478,79.5,66.5,0.3276067809451653,0.0,0.0,0.0,United Kingdom,213.45,1
14585,201,4,551.82,137.955,331,82.75,64,2,3.4788571428571426,35,11.333333333333334,7.0,0.4896007218587864,0.0,0.0,0.0,United Kingdom,157.05,1
14587,3,8,1363.43,170.42875,709,88.625,164,6,1.6454054054054055,148,21.0,20.0,-0.39161259879674415,0.0,0.0,0.0,United Kingdom,114.86,1
14591,32,1,187.07,187.07,90,90.0,32,1,30.439999999999998,1,0.0,0.0,0.0,0.0,0.0,0.0,United Kingdom,1005.85,3
14593,18,11,3254.97,295.9063636363636,1624,147.63636363636363,365,6,0.6293984962406015,532,88.66666666666667,86.5,-0.291748887396087,0.0,0.0,0.0,United Kingdom,277.56,1
14594,192,1,255.0,255.0,146,146.0,31,1,30.439999999999998,1,0.0,0.0,0.0,0.0,0.0,0.0,United Kingdom,108.33,1
14595,132,3,587.6500000000001,195.88333333333335,326,108.66666666666667,30,3,0.24352000000000001,375,187.5,187.5,0.9041265134667655,0.0,0.0,0.0,United Kingdom,1551.55,5
14597,11,5,594.67,118.934,282,56.4,33,3,0.6186991869918699,246,82.0,45.0,-0.8423112114781863,0.0,0.0,0.0,United Kingdom,567.6,1
14598,388,1,162.07,162.07,165,165.0,40,1,30.439999999999998,1,0.0,0.0,0.0,0.0,0.0,0.0,United Kingdom,221.97,1
14606,2,143,21906.56,153.19272727272727,11343,79.32167832167832,1147,19,7.857256317689531,554,4.0962962962962965,4.0,-0.2585682343022618,0.0,0.0,0.0,United Kingdom,4337.9,41
14607,356,6,3508.76,584.7933333333334,1658,276.3333333333333,66,4,1.3331386861313868,137,34.0,36.0,-0.6708738967385128,0.0,0.0,0.0,United Kingdom,1618.1,6
14608,198,5,965.95,193.19,249,49.8,8,5,0.4287323943661972,355,88.5,77.5,1.6791087411921537,0.0,0.0,0.0,United Kingdom,1017.1500000000001,3
14618,157,5,789.8100000000001,157.96200000000002,359,71.8,32,4,0.7247619047619048,210,69.66666666666667,40.0,1.5862961449393815,0.0,0.0,0.0,United Kingdom,242.04000000000002,2
14621,6,6,1823.02,303.83666666666664,993,165.5,87,5,0.3674849094567405,497,99.2,149.0,-0.4638032880821769,0.0,0.0,0.0,United Kingdom,1009.4,3
14623,5,7,1410.26,201.46571428571428,738,105.42857142857143,153,6,0.5122115384615384,416,69.33333333333333,68.0,-0.5740724154145861,0.0,0.0,0.0,United Kingdom,416.09000000000003,3
14624,234,4,548.8,137.2,433,108.25,28,3,0.6408421052631579,190,63.0,50.0,-0.7756558986257361,0.0,0.0,0.0,United Kingdom,225.85,2
14626,52,8,2703.23,337.90375,1776,222.0,106,8,0.49096774193548387,496,70.85714285714286,55.0,-0.39599477837773683,0.0,0.0,0.0,United Kingdom,2109.02,3
14628,61,4,1640.67,410.1675,980,245.0,59,4,0.275475113122172,442,147.0,199.0,0.3649979098496532,0.0,0.0,0.0,United Kingdom,340.38,1
14631,54,5,1359.1200000000001,271.824,884,176.8,54,5,0.6015810276679843,253,63.0,67.5,-0.5709118438761777,0.0,0.0,0.0,United Kingdom,376.90000000000003,1
14636,88,1,300.19,300.19,117,117.0,16,1,30.439999999999998,1,0.0,0.0,0.0,0.0,0.0,0.0,United Kingdom,309.66,1
14639,110,5,2877.55,575.51,1423,284.6,121,5,0.41024258760107823,371,92.5,90.5,0.2222350933283909,0.0,0.0,0.0,United Kingdom,1667.04,4
14640,47,5,1861.23,372.246,932,186.4,103,5,0.33159041394335514,459,114.75,107.5,-0.4523668958865153,0.0,0.0,0.0,United Kingdom,1538.08,5
14643,177,4,1004.78,251.195,744,186.0,35,4,0.32819407008086254,371,123.33333333333333,101.0,-0.49358320839580205,0.0,0.0,0.0,United Kingdom,234.59,1
14644,117,5,1269.0,253.8,508,101.6,32,4,0.34748858447488584,438,146.0,119.0,1.7488921713441652,0.0,0.0,0.0,United Kingdom,498.16,1
14645,95,2,417.90000000000003,208.95000000000002,276,138.0,25,2,0.1695821727019499,359,359.0,359.0,-0.506433166547534,0.0,0.0,0.0,United Kingdom,298.32,1
14646,11,75,38609.99,514.7998666666666,10386,138.48,399,19,4.181318681318682,546,10.11111111111111,6.5,0.049544082330643974,0.0,0.0,0.0,Netherlands,18898.78,35
14649,31,7,2353.7,336.24285714285713,1254,179.14285714285714,285,6,0.4467085953878407,477,95.2,82.0,0.013595978706434517,0.0,0.0,0.0,United Kingdom,706.61,2
14651,30,8,1585.69,198.21125,712,89.0,177,7,0.5784323040380047,421,70.0,36.5,-0.19117326039780683,0.0,0.0,0.0,United Kingdom,238.28,1
14653,157,5,1525.89,305.178,1186,237.2,141,5,0.3805,400,99.75,95.0,-0.07086235887581067,0.0,0.0,0.0,United Kingdom,1396.89,6
14655,41,4,1401.54,350.385,926,231.5,48,4,0.3246933333333334,375,124.66666666666667,134.0,-0.31340930697120306,0.0,0.0,0.0,United Kingdom,1046.72,3
14656,102,4,604.36,151.09,227,56.75,110,4,0.3793146417445483,321,106.66666666666667,98.0,-0.0860753079773253,0.0,0.0,0.0,United Kingdom,157.94,1
14657,101,4,1096.47,274.1175,682,170.5,118,4,0.7958169934640523,153,51.0,44.0,-0.17853049155273515,0.0,0.0,0.0,United Kingdom,323.82,2
14659,6,5,1330.76,266.152,646,129.2,95,5,1.1798449612403101,129,32.0,32.0,-0.6019813213711668,0.0,0.0,0.0,United Kingdom,1148.17,4
14662,54,6,1079.54,179.92333333333332,647,107.83333333333333,137,6,0.36382470119521915,502,100.4,104.0,2.9463459335624282,0.0,0.0,0.0,United Kingdom,229.09,1
14665,116,5,1390.76,278.152,557,111.4,74,3,0.5141891891891892,296,98.66666666666667,117.0,9.948109965635739,0.0,0.0,0.0,United Kingdom,1036.24,2
14667,33,40,13060.03,326.50075000000004,6652,166.3,442,18,2.3236641221374046,524,14.527777777777779,14.0,0.023342752855292713,0.0,0.0,0.0,United Kingdom,4409.52,14
14673,186,3,1661.66,553.8866666666667,1030,343.3333333333333,64,3,2.123720930232558,43,21.0,21.0,-0.32541632048549646,0.0,0.0,0.0,United Kingdom,1198.75,4
14675,208,1,402.27,402.27,323,323.0,113,1,30.439999999999998,1,0.0,0.0,0.0,0.0,0.0,0.0,United Kingdom,583.61,1
14676,26,7,1726.23,246.6042857142857,725,103.57142857142857,17,6,0.49210161662817553,433,72.0,79.5,-0.2358586013428581,0.0,0.0,0.0,United Kingdom,696.0400000000001,3
14680,18,47,26635.88,566.7208510638299,11235,239.04255319148936,204,17,2.664208566108008,537,12.785714285714286,8.0,-0.5425258147988249,0.0,0.0,0.0,United Kingdom,924.03,7
14681,31,4,744.9000000000001,186.22500000000002,142,35.5,16,4,0.27485327313769753,443,147.33333333333334,176.0,2.798067632850241,0.0,0.0,0.0,United Kingdom,105.0,2
14684,34,3,690.06,230.01999999999998,452,150.66666666666666,193,3,0.5218285714285714,175,87.5,87.5,-0.10932105868814739,0.0,0.0,0.0,United Kingdom,708.07,3
14687,219,2,650.96,325.48,268,134.0,22,2,0.4005263157894737,152,151.0,151.0,0.08868638901366893,0.0,0.0,0.0,United Kingdom,337.02,1
14688,18,17,3558.42,209.31882352941176,2528,148.7058823529412,149,9,2.005736434108527,258,16.125,14.0,-0.128516734445986,0.0,0.0,0.0,United Kingdom,2397.67,10
14690,211,2,390.73,195.365,172,86.0,41,2,3.2042105263157894,19,18.0,18.0,-0.1413281324326896,0.0,0.0,0.0,United Kingdom,355.05,2
14691,32,1,364.6,364.6,156,156.0,16,1,30.439999999999998,1,0.0,0.0,0.0,0.0,0.0,0.0,United Kingdom,1649.23,4
14692,54,11,1460.49,132.7718181818182,698,63.45454545454545,93,9,0.8742558746736293,383,38.2,38.5,0.011952120794215027,0.0,0.0,0.0,United Kingdom,111.25,1
14696,6,5,1506.68,301.336,844,168.8,85,5,0.6476595744680852,235,58.5,51.5,-0.4009933563984462,0.0,0.0,0.0,United Kingdom,859.08,3
14700,9,4,2251.06,562.765,1040,260.0,86,4,0.41135135135135137,296,98.66666666666667,70.0,0.5552351979658553,0.0,0.0,0.0,United Kingdom,628.08,1
14701,66,11,3144.77,285.8881818181818,1370,124.54545454545455,354,7,0.7644748858447489,438,54.625,19.0,1.1968791298160004,0.0,0.0,0.0,United Kingdom,737.74,4
14702,100,18,3834.04,213.00222222222223,1791,99.5,229,13,1.2230357142857144,448,26.352941176470587,21.0,-0.21040790511620092,0.0,0.0,0.0,United Kingdom,1920.39,11
14704,244,2,246.21,123.105,120,60.0,52,2,0.3044,200,200.0,200.0,0.477210987020827,0.0,0.0,0.0,United Kingdom,1406.22,7
14708,188,2,506.28,253.14,311,155.5,13,2,0.6918181818181819,88,87.0,87.0,0.2455424465537125,0.0,0.0,0.0,United Kingdom,523.59,2
14709,7,17,5839.51,343.5005882352941,2527,148.64705882352942,82,16,0.9460329067641682,547,36.46666666666667,32.0,-0.034243122955654584,0.0,0.0,0.0,United Kingdom,2978.0,8
14710,198,9,1287.56,143.0622222222222,759,84.33333333333333,202,7,0.7673949579831933,357,44.625,26.5,0.2118083589576213,0.0,0.0,0.0,United Kingdom,599.48,4
14711,4,6,1329.3,221.54999999999998,573,95.5,137,4,2.371948051948052,77,15.4,16.0,-0.011785997397508014,0.0,0.0,0.0,United Kingdom,755.87,5
14712,237,1,411.0,411.0,96,96.0,7,1,30.439999999999998,1,0.0,0.0,0.0,0.0,0.0,0.0,United Kingdom,851.73,3
14713,5,17,3779.25,222.30882352941177,2563,150.76470588235293,181,14,0.9408727272727273,550,34.375,35.0,0.5780118834979767,0.0,0.0,0.0,United Kingdom,1212.56,4
14714,226,3,695.05,231.6833333333333,409,136.33333333333334,57,3,0.324982206405694,281,140.0,140.0,-0.4117499200219368,0.0,0.0,0.0,United Kingdom,66.8,1
14715,117,5,906.42,181.284,437,87.4,65,5,0.38826530612244897,392,97.75,84.5,-0.624489733978785,0.0,0.0,0.0,United Kingdom,518.98,2
14716,264,1,235.77,235.77,148,148.0,44,1,30.439999999999998,1,0.0,0.0,0.0,0.0,0.0,0.0,United Kingdom,257.11,2
14719,68,1,223.46,223.46,188,188.0,40,1,30.439999999999998,1,0.0,0.0,0.0,0.0,0.0,0.0,United Kingdom,1346.43,4
14722,296,2,309.1,154.55,96,48.0,53,1,6.088,10,9.0,9.0,0.0,0.0,0.0,0.0,United Kingdom,180.42000000000002,1
14723,177,8,1104.95,138.11875,690,86.25,177,6,0.6442328042328043,378,62.833333333333336,51.5,1.4304716709807306,0.0,0.0,0.0,United Kingdom,666.71,3
14725,214,3,471.04,157.01333333333335,407,135.66666666666666,36,2,0.6476595744680851,141,140.0,140.0,-0.12222443691449073,0.0,0.0,0.0,United Kingdom,490.82,1
14730,52,3,504.6,168.20000000000002,310,103.33333333333333,78,2,2.0754545454545457,44,22.0,22.0,-0.6261163145284252,0.0,0.0,0.0,United Kingdom,1221.92,5
14731,25,2,251.01999999999998,125.50999999999999,182,91.0,23,1,8.697142857142858,7,7.0,7.0,0.0,0.0,0.0,0.0,United Kingdom,116.5,1
14732,6,15,4019.63,267.97533333333337,1603,106.86666666666666,126,11,0.8377981651376147,545,41.84615384615385,41.0,0.11359238616047938,0.0,0.0,0.0,United Kingdom,1282.34,4
14733,23,11,10073.5,915.7727272727273,4022,365.6363636363636,124,6,1.6911111111111112,198,19.8,15.0,-0.9033305325143036,0.0,0.0,0.0,United Kingdom,1678.3300000000002,4
14735,15,39,7946.9800000000005,203.76871794871795,2554,65.48717948717949,148,18,2.198444444444444,540,19.962962962962962,21.0,0.22239063500630635,0.0,0.0,0.0,United Kingdom,3307.2,14
14737,172,2,1873.6,936.8,678,339.0,23,2,1.2683333333333333,48,47.0,47.0,-0.8044157998851381,0.0,0.0,0.0,United Kingdom,730.55,2
14738,18,6,972.74,162.12333333333333,371,61.833333333333336,38,5,0.34202247191011237,534,106.6,75.0,0.17590873504082336,0.0,0.0,0.0,United Kingdom,680.01,3
14739,39,21,5014.9,238.80476190476188,2296,109.33333333333333,96,13,1.234054054054054,518,25.9,19.5,-0.4580166285390992,0.0,0.0,0.0,United Kingdom,1422.98,4
14741,181,3,714.45,238.15,431,143.66666666666666,25,2,1.602105263157895,57,28.0,28.0,0.2844124700239808,0.0,0.0,0.0,United Kingdom,905.04,4
14744,117,10,1417.73,141.773,431,43.1,48,4,1.115018315018315,273,39.0,15.0,-0.4296300398759414,0.0,0.0,0.0,United Kingdom,156.95,2
14745,4,9,1835.06,203.89555555555555,1290,143.33333333333334,58,5,0.6047682119205298,453,64.71428571428571,42.0,-0.5359225779685491,0.0,0.0,0.0,United Kingdom,596.83,3
14748,31,8,2011.6799999999998,251.45999999999998,1648,206.0,93,6,0.5624018475750577,433,72.16666666666667,70.5,-0.3783966788924267,0.0,0.0,0.0,United Kingdom,640.62,2
14753,280,1,306.36,306.36,201,201.0,18,1,30.439999999999998,1,0.0,0.0,0.0,0.0,0.0,0.0,United Kingdom,563.15,1
14754,115,5,1087.15,217.43,693,138.6,87,5,0.3843434343434344,396,98.75,115.5,0.2773262390548411,0.0,0.0,0.0,United Kingdom,409.78,1
14755,26,18,6354.83,353.0461111111111,2908,161.55555555555554,173,14,1.0357655954631382,529,37.785714285714285,40.5,0.06632915179064973,0.0,0.0,0.0,United Kingdom,2997.91,7
14756,202,2,1603.7,801.85,988,494.0,63,2,1.4495238095238097,42,42.0,42.0,-0.6055995130858186,0.0,0.0,0.0,United Kingdom,681.76,1
14758,25,6,2122.93,353.82166666666666,662,110.33333333333333,71,6,0.4498522167487685,406,81.0,102.0,0.442957422324511,0.0,0.0,0.0,United Kingdom,232.9,1
14759,52,1,462.65,462.65,111,111.0,28,1,30.439999999999998,1,0.0,0.0,0.0,0.0,0.0,0.0,United Kingdom,1015.97,2
14761,154,2,289.52,144.76,146,73.0,20,2,0.5534545454545455,110,110.0,110.0,-0.49224039162587235,0.0,0.0,0.0,United Kingdom,158.4,1
14766,33,8,4818.21,602.27625,2899,362.375,194,8,0.7183480825958702,339,48.285714285714285,40.0,-0.6927180132784542,0.0,0.0,0.0,United Kingdom,1307.16,3
14769,20,13,10246.54,788.1953846153847,7147,549.7692307692307,603,11,0.7566347992351816,523,43.5,38.0,1.1316884125077558,0.0,0.0,0.0,United Kingdom,4428.83,4
14775,191,1,359.76,359.76,312,312.0,19,1,30.439999999999998,1,0.0,0.0,0.0,0.0,0.0,0.0,United Kingdom,556.38,2
14776,37,7,1462.2,208.8857142857143,1652,236.0,58,6,0.9304803493449783,229,38.0,24.5,-0.7134576612903226,0.0,0.0,0.0,United Kingdom,760.26,8
14778,128,1,334.05,334.05,141,141.0,18,1,30.439999999999998,1,0.0,0.0,0.0,0.0,0.0,0.0,United Kingdom,396.81,1
14784,143,2,274.62,137.31,182,91.0,14,2,0.9224242424242424,66,66.0,66.0,-0.28298111791921965,0.0,0.0,0.0,United Kingdom,116.64,1
14788,415,1,464.13,464.13,297,297.0,27,1,30.439999999999998,1,0.0,0.0,0.0,0.0,0.0,0.0,United Kingdom,593.82,2
14790,73,7,1625.57,232.2242857142857,1228,175.42857142857142,47,6,0.44858947368421054,475,79.16666666666667,93.0,-0.1483215437013748,0.0,0.0,0.0,United Kingdom,592.9,3
14793,354,1,396.91,396.91,270,270.0,25,1,30.439999999999998,1,0.0,0.0,0.0,0.0,0.0,0.0,United Kingdom,228.99,1
14794,23,6,862.18,143.69666666666666,408,68.0,51,6,0.6430985915492957,284,56.8,58.0,0.6351049848711754,0.0,0.0,0.0,United Kingdom,627.87,3
14796,37,19,5497.93,289.3647368421053,3485,183.42105263157896,308,13,1.138503937007874,508,28.22222222222222,19.5,5.810669129137663,0.0,0.0,0.0,United Kingdom,4265.7300000000005,8
14798,129,6,626.25,104.375,527,87.83333333333333,26,5,0.5387610619469027,339,67.6,71.0,-0.8187751098704189,0.0,0.0,0.0,United Kingdom,98.06,2
14799,557,1,151.65,151.65,61,61.0,9,1,30.439999999999998,1,0.0,0.0,0.0,0.0,0.0,0.0,United Kingdom,136.82,1
14800,10,12,5247.83,437.31916666666666,4113,342.75,268,8,1.4970491803278687,244,24.4,22.5,-0.6033459039822432,0.0,0.0,0.0,United Kingdom,790.44,5
14803,95,2,363.59,181.795,120,60.0,14,2,3.581176470588235,17,17.0,17.0,0.07825092883681051,0.0,0.0,0.0,United Kingdom,102.01,1
14805,133,4,592.75,148.1875,208,52.0,78,4,0.3953246753246753,308,102.66666666666667,105.0,-0.12331803071078053,0.0,0.0,0.0,United Kingdom,437.15,3
14806,258,1,110.03999999999999,110.03999999999999,93,93.0,9,1,30.439999999999998,1,0.0,0.0,0.0,0.0,0.0,0.0,United Kingdom,88.39,1
14810,18,10,1532.1,153.20999999999998,756,75.6,99,7,1.317748917748918,231,25.666666666666668,21.0,0.6397767018728785,0.0,0.0,0.0,United Kingdom,789.23,3
14818,73,4,575.76,143.94,247,61.75,60,4,0.30903553299492387,394,131.33333333333334,125.0,-0.7173097534833869,0.0,0.0,0.0,United Kingdom,351.3,2
14819,11,3,214.86,71.62,105,35.0,40,3,0.17361216730038023,526,263.0,263.0,-0.34900875979714147,0.0,0.0,0.0,United Kingdom,136.35,1
14820,199,5,590.7,118.14000000000001,372,74.4,27,4,0.5107382550335571,298,74.25,59.0,1.509803921568627,0.0,0.0,0.0,United Kingdom,507.29,4
14823,13,2,185.15,92.575,46,23.0,37,1,60.879999999999995,1,0.0,0.0,0.0,0.0,0.0,0.0,United Kingdom,110.78,1
14824,198,6,2835.4,472.56666666666666,1425,237.5,75,5,0.707906976744186,258,51.6,34.0,-0.24395379803672615,0.0,0.0,0.0,United Kingdom,961.3100000000001,4
14825,23,17,3095.9500000000003,182.11470588235295,1648,96.94117647058823,161,11,1.2652322738386308,409,25.5,18.5,-0.09122913018816738,0.0,0.0,0.0,United Kingdom,1188.29,7
14829,3,6,1249.63,208.27166666666668,773,128.83333333333334,71,4,0.7218972332015811,253,63.0,32.0,-0.8674014120888583,0.0,0.0,0.0,United Kingdom,165.92,1
14834,59,2,670.15,335.075,215,107.5,26,2,0.3645508982035928,167,167.0,167.0,-0.4285747784082915,0.0,0.0,0.0,United Kingdom,1322.23,5
14837,20,6,2282.92,380.4866666666667,1884,314.0,113,5,0.37735537190082646,484,96.6,93.0,-0.6526138993959238,0.0,0.0,0.0,United Kingdom,1134.68,3
14841,93,11,5218.52,474.4109090909091,2742,249.27272727272728,157,8,0.7231965442764579,463,46.3,35.0,0.8431364002876631,0.0,0.0,0.0,United Kingdom,1453.43,3
14842,11,2,1367.98,683.99,630,315.0,75,2,0.5203418803418803,117,117.0,117.0,89.19866666666667,0.0,0.0,0.0,United Kingdom,1123.46,2
14844,60,7,3145.51,449.35857142857145,1996,285.14285714285717,117,5,0.5821857923497268,366,91.25,78.5,-0.6611048170102571,0.0,0.0,0.0,United Kingdom,1548.26,3
14847,227,2,973.25,486.625,363,181.5,45,2,0.3877707006369427,157,157.0,157.0,1.193077427821523,0.0,0.0,0.0,United Kingdom,284.4,1
14849,32,28,8947.89,319.5675,6232,222.57142857142858,188,15,1.7537448559670783,486,32.333333333333336,35.0,-0.20625333274529992,0.0,0.0,0.0,United Kingdom,5005.71,15
14851,75,2,478.59000000000003,239.29500000000002,325,162.5,23,2,0.1623466666666667,375,374.0,374.0,-0.24344857960801586,0.0,0.0,0.0,United Kingdom,305.22,1
14852,71,13,3353.36,257.95076923076925,2337,179.76923076923077,89,8,1.0094897959183673,392,56.0,34.0,-0.7247157254230843,0.0,0.0,0.0,United Kingdom,2115.14,5
14853,30,3,759.8599999999999,253.28666666666663,224,74.66666666666667,18,3,0.23118987341772154,395,197.0,197.0,-0.6066818248496407,0.0,0.0,0.0,United Kingdom,261.3,1
14854,47,7,2628.78,375.54,1748,249.71428571428572,105,6,0.46321739130434786,460,76.5,92.5,0.1747921406411582,0.0,0.0,0.0,United Kingdom,1378.2,4
14855,293,5,4140.4,828.0799999999999,2140,428.0,150,3,1.110948905109489,137,68.0,68.0,0.5498214065771647,0.0,0.0,0.0,United Kingdom,563.15,2
14857,261,5,2333.941,466.78819999999996,1512,302.4,119,3,0.7886010362694301,193,96.0,96.0,0.09039318019832009,0.0,0.0,0.0,United Kingdom,1081.67,2
14859,23,2,442.96,221.48,278,139.0,15,2,0.17344729344729345,351,350.0,350.0,0.3700374531835206,0.0,0.0,0.0,United Kingdom,967.38,3
14861,200,9,1200.22,133.35777777777778,815,90.55555555555556,56,7,0.7805128205128206,351,50.142857142857146,31.0,-0.020614816280757117,0.0,0.0,0.0,United Kingdom,107.07000000000001,1
14865,191,1,28.08,28.08,48,48.0,2,1,30.439999999999998,1,0.0,0.0,0.0,0.0,0.0,0.0,United Kingdom,15.0,1
14866,223,6,843.1600000000001,140.52666666666667,188,31.333333333333332,4,2,4.566,40,10.0,8.5,2.7754870865428183,0.0,0.0,0.0,United Kingdom,1631.69,8
14868,52,5,1562.0,312.4,1003,200.6,77,3,0.8139037433155081,187,62.333333333333336,27.0,-0.730514783569838,0.0,0.0,0.0,United Kingdom,2371.46,7
14869,207,4,1984.21,496.0525,1389,347.25,134,4,0.3623809523809524,336,111.66666666666667,86.0,-0.2069959517096799,0.0,0.0,0.0,United Kingdom,692.0,2
14871,74,7,910.59,130.08428571428573,335,47.857142857142854,87,6,0.44024793388429756,484,80.5,87.0,-0.42483004376481165,0.0,0.0,0.0,United Kingdom,272.13,2
14875,82,2,1128.51,564.255,559,279.5,39,2,0.33822222222222226,180,179.0,179.0,-0.8761091912240692,0.0,0.0,0.0,United Kingdom,713.75,1
14878,0,19,3119.03,164.15947368421052,1476,77.6842105263158,147,15,1.2124947589098534,477,29.75,28.0,-0.1879367681963333,0.0,0.0,0.0,United Kingdom,443.71999999999997,4
14880,4,2,347.67,173.835,237,118.5,25,2,0.5853846153846154,104,103.0,103.0,0.6909442724458206,0.0,0.0,0.0,United Kingdom,315.42,1
14882,209,10,1633.45,163.345,494,49.4,30,5,1.3292576419213975,229,28.625,6.0,2.442551266586248,0.0,0.0,0.0,United Kingdom,589.7,2
14883,31,1,310.56,310.56,234,234.0,19,1,30.439999999999998,1,0.0,0.0,0.0,0.0,0.0,0.0,United Kingdom,432.31,5
14885,247,2,444.0,222.0,224,112.0,10,2,1.5610256410256411,39,38.0,38.0,2.3529411764705883,0.0,0.0,0.0,United Kingdom,451.4,1
14891,7,3,946.05,315.34999999999997,525,175.0,48,3,0.36674698795180727,249,124.5,124.5,-0.2872273015298271,0.0,0.0,0.0,United Kingdom,105.0,1
14893,437,1,571.76,571.76,248,248.0,33,1,30.439999999999998,1,0.0,0.0,0.0,0.0,0.0,0.0,United Kingdom,1159.53,2
14894,262,2,745.26,372.63,286,143.0,21,2,0.2063728813559322,295,294.0,294.0,0.4866866866866863,0.0,0.0,0.0,United Kingdom,614.95,1
14895,1,22,15318.95,696.3159090909091,5959,270.8636363636364,320,13,1.2242778793418647,547,34.1875,27.0,-0.39499711875949495,0.0,0.0,0.0,United Kingdom,5617.4800000000005,14
14897,116,5,1795.52,359.104,758,151.6,61,5,0.35560747663551406,428,107.0,122.5,1.1526899845483916,0.0,0.0,0.0,United Kingdom,1107.68,3
14898,59,12,2234.28,186.19000000000003,1172,97.66666666666667,127,10,0.7364516129032258,496,45.09090909090909,46.0,-0.23206570763898793,0.0,0.0,0.0,United Kingdom,487.08,2
14901,180,6,875.16,145.85999999999999,417,69.5,59,4,1.313956834532374,139,27.6,34.0,0.9470635775862065,0.0,0.0,0.0,United Kingdom,760.86,6
14902,215,2,662.16,331.08,450,225.0,34,2,0.38531645569620254,158,158.0,158.0,-0.3379518072289157,0.0,0.0,0.0,United Kingdom,332.66,1
14903,19,3,1672.28,557.4266666666666,867,289.0,151,3,1.1559493670886076,79,39.0,39.0,0.436564459038765,0.0,0.0,0.0,United Kingdom,956.75,2
14904,227,2,543.85,271.925,465,232.5,61,1,3.044,20,19.0,19.0,0.0,0.0,0.0,0.0,United Kingdom,775.38,2
14905,53,7,1663.79,237.68428571428572,863,123.28571428571429,43,7,0.4236182902584493,503,83.83333333333333,83.0,-0.29826122532474175,0.0,0.0,0.0,United Kingdom,307.6,1
14907,180,12,2936.96,244.74666666666667,1251,104.25,80,4,1.5094214876033059,242,34.57142857142857,11.0,8.909144937226062,0.0,0.0,0.0,United Kingdom,2311.09,4
14908,282,1,104.10000000000001,104.10000000000001,50,50.0,5,1,30.439999999999998,1,0.0,0.0,0.0,0.0,0.0,0.0,United Kingdom,277.8,1
14911,2,238,142847.77,600.2007142857143,68544,288.0,1894,19,13.030071942446042,556,3.3841463414634148,2.0,0.0099362196759005,0.0,0.0,0.0,Other,74590.3,131
14912,66,4,740.3199999999999,185.07999999999998,440,110.0,31,3,0.3529275362318841,345,172.0,172.0,1.0449553736684076,0.0,0.0,0.0,Other,191.38,1
14913,2,7,3450.39,492.91285714285715,3036,433.7142857142857,155,7,0.7032343234323433,303,50.333333333333336,32.5,-0.8229990687393186,0.0,0.0,0.0,United Kingdom,310.28000000000003,1
14915,97,10,1604.6000000000001,160.46,668,66.8,61,8,0.6631808278867103,459,57.375,58.5,0.49681013288519604,0.0,0.0,0.0,United Kingdom,165.20000000000002,1
14916,143,4,1336.39,334.0975,773,193.25,49,4,0.4141496598639456,294,97.66666666666667,107.0,-0.39968625760406196,0.0,0.0,0.0,United Kingdom,946.09,3
14918,223,6,3011.59,501.9316666666667,1027,171.16666666666666,49,6,0.8823188405797102,207,41.2,34.0,0.446522869259884,0.0,0.0,0.0,United Kingdom,1508.15,2
14921,20,1,903.01,903.01,631,631.0,53,1,30.439999999999998,1,0.0,0.0,0.0,0.0,0.0,0.0,United Kingdom,413.06,1
14929,241,1,592.65,592.65,303,303.0,22,1,30.439999999999998,1,0.0,0.0,0.0,0.0,0.0,0.0,United Kingdom,223.88,1
14930,93,4,3337.25,834.3125,1659,414.75,152,4,0.36564564564564567,333,110.66666666666667,93.0,-0.5952088296949849,0.0,0.0,0.0,Other,1087.48,2
14931,60,1,243.0,243.0,96,96.0,8,1,30.439999999999998,1,0.0,0.0,0.0,0.0,0.0,0.0,Other,621.6800000000001,3
14934,102,4,2081.75,520.4375,1288,322.0,82,3,0.7657861635220126,159,79.5,79.5,-0.5421510406453963,0.0,0.0,0.0,Other,838.2,1
14936,95,5,4852.01,970.402,2547,509.4,167,4,0.4941558441558442,308,102.66666666666667,115.0,0.16955298894209947,0.0,0.0,0.0,Other,6098.13,7
14944,5,12,5211.25,434.2708333333333,2506,208.83333333333334,122,8,0.7690105263157895,475,67.71428571428571,57.0,-0.3329974537125894,0.0,0.0,0.0,United Kingdom,3480.52,7
14947,207,4,517.22,129.305,220,55.0,29,4,0.5137552742616034,237,78.66666666666667,74.0,-0.5084638232834444,0.0,0.0,0.0,United Kingdom,275.82,2
14948,38,1,278.4,278.4,72,72.0,13,1,30.439999999999998,1,0.0,0.0,0.0,0.0,0.0,0.0,United Kingdom,823.57,5
14952,26,26,10155.460000000001,390.5946153846154,3402,130.84615384615384,190,13,1.4932830188679247,530,27.894736842105264,21.0,-0.06586613085998888,0.0,0.0,0.0,United Kingdom,2960.72,4
14953,237,3,645.2,215.0666666666667,667,222.33333333333334,151,2,5.073333333333333,18,17.0,17.0,0.6412313738333061,0.0,0.0,0.0,United Kingdom,271.99,1
14954,522,1,154.52,154.52,91,91.0,40,1,30.439999999999998,1,0.0,0.0,0.0,0.0,0.0,0.0,United Kingdom,236.65,1
14958,4,5,684.49,136.898,218,43.6,44,5,0.2757246376811594,552,137.75,85.0,-0.2924462405827471,0.0,0.0,0.0,United Kingdom,77.5,1
14959,35,2,422.38,211.19,342,171.0,31,2,0.7516049382716049,81,81.0,81.0,0.36415537893204974,0.0,0.0,0.0,United Kingdom,273.04,2
14961,51,18,10961.53,608.973888888889,5200,288.8888888888889,257,9,1.0871428571428572,504,35.92857142857143,22.5,-0.1190060265773434,0.0,0.0,0.0,United Kingdom,3460.77,4
14963,3,8,1932.83,241.60375,1235,154.375,215,5,0.712046783625731,342,57.0,20.0,-0.8204597743236729,0.0,0.0,0.0,United Kingdom,962.14,4
14966,206,5,676.87,135.374,442,88.4,86,2,0.4516320474777448,337,112.33333333333333,15.0,0.7814670228066575,0.0,0.0,0.0,United Kingdom,183.02,1
14967,261,4,605.3100000000001,151.32750000000001,230,57.5,15,3,0.4127457627118644,295,147.5,147.5,-0.32606952241365006,0.0,0.0,0.0,United Kingdom,259.8,1
14968,277,1,303.25,303.25,126,126.0,43,1,30.439999999999998,1,0.0,0.0,0.0,0.0,0.0,0.0,United Kingdom,147.59,1
14970,71,10,4109.54,410.954,847,84.7,56,7,0.740632603406326,411,58.714285714285715,56.0,-0.5604755516167564,0.0,0.0,0.0,United Kingdom,809.81,2
14972,200,1,30.300000000000004,30.300000000000004,12,12.0,2,1,30.439999999999998,1,0.0,0.0,0.0,0.0,0.0,0.0,United Kingdom,89.27,1
14973,45,1,69.6,69.6,48,48.0,3,1,30.439999999999998,1,0.0,0.0,0.0,0.0,0.0,0.0,United Kingdom,469.35,2
14975,240,1,179.7,179.7,126,126.0,14,1,30.439999999999998,1,0.0,0.0,0.0,0.0,0.0,0.0,United Kingdom,147.19,1
14976,15,3,358.81,119.60333333333334,108,36.0,33,3,0.6970992366412213,131,65.0,65.0,0.7026666666666668,0.0,0.0,0.0,United Kingdom,324.6,3
14978,55,9,2485.5,276.1666666666667,611,67.88888888888889,150,7,0.7695505617977528,356,44.375,40.5,0.8977605800380519,0.0,0.0,0.0,United Kingdom,394.14,1
14984,0,4,573.98,143.495,163,40.75,25,3,0.23551257253384916,517,258.5,258.5,-0.8734445534838077,0.0,0.0,0.0,United Kingdom,100.14,1
14987,185,6,454.15,75.69166666666666,177,29.5,4,3,0.49096774193548387,372,93.0,13.5,-0.413172606568833,0.0,0.0,0.0,United Kingdom,163.2,1
14995,99,1,119.31,119.31,51,51.0,37,1,30.439999999999998,1,0.0,0.0,0.0,0.0,0.0,0.0,United Kingdom,112.67,1
14997,475,1,217.79999999999998,217.79999999999998,228,228.0,11,1,30.439999999999998,1,0.0,0.0,0.0,0.0,0.0,0.0,United Kingdom,278.59999999999997,3
14998,60,3,392.25,130.75,189,63.0,78,3,0.25019178082191784,365,182.0,182.0,1.8344667440703264,0.0,0.0,0.0,United Kingdom,231.23,1
15002,116,8,3436.61,429.57625,1759,219.875,187,7,0.6088,400,57.142857142857146,29.0,-0.5527138116335092,0.0,0.0,0.0,United Kingdom,494.17,1
15005,6,41,10045.93,245.02268292682928,6198,151.17073170731706,487,19,2.2609420289855073,552,13.775,12.0,-0.18891965801461041,0.0,0.0,0.0,United Kingdom,3285.51,15
15006,272,1,222.2,222.2,97,97.0,45,1,30.439999999999998,1,0.0,0.0,0.0,0.0,0.0,0.0,United Kingdom,475.43,1
15012,192,2,378.78,189.39,238,119.0,103,2,0.29843137254901964,204,203.0,203.0,-0.13381287875055425,0.0,0.0,0.0,United Kingdom,203.73,1
15016,212,4,425.35,106.3375,165,41.25,76,3,0.8063576158940398,151,75.0,75.0,1.0315016748628036,0.0,0.0,0.0,United Kingdom,157.29,1
15018,72,2,159.94,79.97,86,43.0,12,2,0.5293913043478261,115,115.0,115.0,1.5306843267108168,0.0,0.0,0.0,United Kingdom,167.12,1
15021,38,6,1230.08,205.01333333333332,565,94.16666666666667,227,5,0.6522857142857142,280,56.0,43.0,-0.25255261865655215,0.0,0.0,0.0,United Kingdom,1174.31,6
15022,496,1,281.05,281.05,113,113.0,19,1,30.439999999999998,1,0.0,0.0,0.0,0.0,0.0,0.0,United Kingdom,812.44,3
15023,37,13,6977.36,536.72,3214,247.23076923076923,371,11,0.8678070175438597,456,41.45454545454545,42.0,-0.13919202910146042,0.0,0.0,0.0,United Kingdom,3420.18,7
15024,116,9,2472.0,274.6666666666667,1346,149.55555555555554,120,4,2.1403125,128,21.333333333333332,8.5,-0.895037025540972,0.0,0.0,0.0,United Kingdom,943.09,7
15025,387,1,554.48,554.48,314,314.0,68,1,30.439999999999998,1,0.0,0.0,0.0,0.0,0.0,0.0,United Kingdom,350.01,1
15026,59,4,795.72,198.93,450,112.5,82,4,0.5825837320574163,209,69.33333333333333,73.0,-0.5914964421000461,0.0,0.0,0.0,United Kingdom,233.42,1
15027,38,7,1404.23,200.6042857142857,723,103.28571428571429,42,5,0.5248275862068966,406,81.0,42.0,-0.6382696056089449,0.0,0.0,0.0,United Kingdom,331.13,2
15028,187,3,507.86,169.28666666666666,285,95.0,45,2,3.5123076923076924,26,13.0,13.0,-0.4876567106399452,0.0,0.0,0.0,United Kingdom,422.44,3
15030,87,6,760.9300000000001,126.82166666666667,263,43.833333333333336,16,5,0.4844562334217507,377,75.4,80.0,-0.6632292746341549,0.0,0.0,0.0,United Kingdom,194.4,1
15031,101,11,2481.63,225.6027272727273,1234,112.18181818181819,203,8,0.7440888888888889,450,56.125,38.0,-0.7077132174510764,0.0,0.0,0.0,United Kingdom,402.66,3
15033,27,3,1015.22,338.4066666666667,647,215.66666666666666,148,3,0.7547107438016529,121,60.5,60.5,-0.24789766173849226,0.0,0.0,0.0,United Kingdom,1389.06,7
15034,52,11,5375.7,488.7,2871,261.0,295,9,0.9705507246376812,345,38.333333333333336,33.0,0.7686816610956886,0.0,0.0,0.0,United Kingdom,1409.8700000000001,3
15038,7,7,928.79,132.68428571428572,290,41.42857142857143,174,6,0.8952941176470589,238,39.666666666666664,24.5,-0.3494633210122264,0.0,0.0,0.0,United Kingdom,175.29,2
15039,4,73,27668.32,379.0180821917808,11569,158.4794520547945,477,19,4.077284403669725,545,8.515625,7.0,0.9772010417296458,0.0,0.0,0.0,United Kingdom,5191.64,20
15041,263,1,109.05,109.05,89,89.0,34,1,30.439999999999998,1,0.0,0.0,0.0,0.0,0.0,0.0,United Kingdom,167.98,1
15044,26,26,11969.01,460.34653846153844,3714,142.84615384615384,252,15,1.533798449612403,516,24.571428571428573,19.0,0.4235486359577452,0.0,0.0,0.0,United Kingdom,2916.09,6
15045,77,1,286.9,286.9,30,30.0,3,1,30.439999999999998,1,0.0,0.0,0.0,0.0,0.0,0.0,United Kingdom,346.76,1
15046,14,18,4409.45,244.96944444444443,2136,118.66666666666667,191,13,1.09584,500,29.41176470588235,17.0,0.3300465539015974,0.0,0.0,0.0,United Kingdom,1198.65,7
15048,40,2,254.25,127.125,120,60.0,58,2,0.41135135135135137,148,148.0,148.0,0.5759878419452888,0.0,0.0,0.0,United Kingdom,126.75,2
15050,240,2,1654.25,827.125,879,439.5,53,2,1.0146666666666668,60,59.0,59.0,-0.31004116992041847,0.0,0.0,0.0,United Kingdom,1495.29,3
15051,198,6,2101.5,350.25,1485,247.5,109,6,0.5073333333333333,360,71.8,62.0,1.0315051498802688,0.0,0.0,0.0,United Kingdom,1297.56,3
15053,101,1,202.49,202.49,161,161.0,19,1,30.439999999999998,1,0.0,0.0,0.0,0.0,0.0,0.0,United Kingdom,427.94,2
15058,2,11,2137.8,194.34545454545457,1054,95.81818181818181,159,8,0.7109129511677282,471,58.75,60.5,1.1270386893878446,0.0,0.0,0.0,United Kingdom,1065.23,5
15059,34,14,2544.78,181.77,1113,79.5,239,11,0.8211175337186898,519,43.166666666666664,41.0,-0.2902924558091413,0.0,0.0,0.0,United Kingdom,716.29,5
15061,4,69,19264.86,279.2008695652174,5639,81.72463768115942,80,17,3.7912635379061377,554,12.311111111111112,9.0,0.2994830261064383,0.0,0.0,0.0,United Kingdom,6794.54,14
15062,37,7,2336.69,333.8128571428571,1401,200.14285714285714,93,6,0.5421882951653945,393,65.5,71.0,-0.4854324252500307,0.0,0.0,0.0,United Kingdom,155.2,1
15065,47,3,1207.18,402.3933333333334,773,257.6666666666667,73,3,0.49630434782608696,184,91.5,91.5,5.154507200853435,0.0,0.0,0.0,United Kingdom,1482.38,2
15067,102,3,2221.23,740.41,1254,418.0,108,3,0.2809846153846154,325,162.5,162.5,2.3941246290801184,0.0,0.0,0.0,United Kingdom,720.75,2
15068,75,3,821.05,273.68333333333334,595,198.33333333333334,136,3,0.24950819672131147,366,182.5,182.5,0.5664228557139284,0.0,0.0,0.0,United Kingdom,292.69,1
15071,95,3,914.26,304.75333333333333,262,87.33333333333333,29,3,0.30955932203389835,295,147.5,147.5,3.956479249462505,0.0,0.0,0.0,United Kingdom,393.40000000000003,1
15073,5,7,2467.92,352.56,1292,184.57142857142858,103,5,0.42873239436619726,497,82.66666666666667,51.0,1.6622544073128749,0.0,0.0,0.0,United Kingdom,181.45,1
15074,248,2,653.3,326.65,416,208.0,27,2,1.5610256410256411,39,38.0,38.0,0.05504875747090281,0.0,0.0,0.0,United Kingdom,735.67,1
15076,311,2,554.14,277.07,294,147.0,29,2,2.0293333333333337,30,30.0,30.0,-0.9798413078296728,0.0,0.0,0.0,United Kingdom,844.9,1
15078,10,34,11245.42,330.74764705882353,5643,165.97058823529412,95,17,1.8990091743119268,545,23.695652173913043,22.0,0.008530617383026256,0.0,0.0,0.0,United Kingdom,5558.95,18
15081,27,9,1302.82,144.75777777777776,652,72.44444444444444,56,8,0.8352439024390244,328,40.875,29.5,-0.7988789216996875,0.0,0.0,0.0,United Kingdom,240.10000000000002,3
15091,494,2,565.9,282.95,236,118.0,27,1,60.879999999999995,1,0.0,0.0,0.0,0.0,0.0,0.0,United Kingdom,480.71,1
15093,26,21,7822.1,372.4809523809524,3526,167.9047619047619,88,15,1.2176000000000002,525,30.88235294117647,32.0,-0.10717483363581379,0.0,0.0,0.0,United Kingdom,827.7,2
15095,22,7,1672.81,238.97285714285712,969,138.42857142857142,76,6,0.439340206185567,485,96.8,87.0,-0.19222123759915274,0.0,0.0,0.0,United Kingdom,452.5,3
15097,402,2,313.47,156.735,126,63.0,38,1,60.879999999999995,1,0.0,0.0,0.0,0.0,0.0,0.0,United Kingdom,248.08,1
15101,178,5,1033.8700000000001,206.77400000000003,415,83.0,46,4,0.658874458874459,231,57.75,35.5,-0.8902092122070868,0.0,0.0,0.0,United Kingdom,48.45,1
15105,249,2,754.22,377.11,392,196.0,47,2,0.30903553299492387,197,196.0,196.0,0.28288637326714705,0.0,0.0,0.0,United Kingdom,2136.21,7
15106,31,2,736.0,368.0,557,278.5,49,2,1.0496551724137932,58,58.0,58.0,-0.2079376673971268,0.0,0.0,0.0,United Kingdom,644.0699999999999,3
15108,6,2,459.85,229.925,153,76.5,19,2,1.4848780487804878,41,40.0,40.0,1.6010180109631948,0.0,0.0,0.0,Other,604.3,1
15110,138,3,559.55,186.51666666666665,157,52.333333333333336,16,3,0.5468263473053893,167,83.5,83.5,1.0778327832783277,0.0,0.0,0.0,United Kingdom,586.75,3
15111,192,3,1106.69,368.8966666666667,404,134.66666666666666,57,3,0.4150909090909091,220,110.0,110.0,2.329603693126247,0.0,0.0,0.0,United Kingdom,1253.98,2
15114,2,6,1544.29,257.38166666666666,1339,223.16666666666666,76,6,0.7641841004184101,239,47.8,38.0,0.3039581241933172,0.0,0.0,0.0,United Kingdom,1663.71,6
15115,552,1,191.74,191.74,88,88.0,14,1,30.439999999999998,1,0.0,0.0,0.0,0.0,0.0,0.0,United Kingdom,306.81,1
15116,24,1,479.65,479.65,147,147.0,15,1,30.439999999999998,1,0.0,0.0,0.0,0.0,0.0,0.0,United Kingdom,667.78,3
15117,34,4,866.75,216.6875,619,154.75,48,3,0.2905966587112172,419,209.5,209.5,-0.8386815837073759,0.0,0.0,0.0,United Kingdom,1062.73,4
15121,107,1,295.15,295.15,125,125.0,18,1,30.439999999999998,1,0.0,0.0,0.0,0.0,0.0,0.0,United Kingdom,120.92,1
15122,23,10,3644.1,364.40999999999997,1719,171.9,135,8,0.7317307692307693,416,51.875,38.5,-0.5941319752971809,0.0,0.0,0.0,United Kingdom,703.17,1
15123,25,4,2668.98,667.245,1417,354.25,105,4,0.28448598130841124,428,142.33333333333334,195.0,-0.21220254070495617,0.0,0.0,0.0,United Kingdom,926.68,1
15124,11,3,308.35,102.78333333333335,221,73.66666666666667,22,3,0.1985217391304348,460,230.0,230.0,-0.5829503676470588,0.0,0.0,0.0,United Kingdom,65.6,1
15125,27,11,6122.9800000000005,556.6345454545454,2125,193.1818181818182,80,7,0.8146958637469586,411,68.5,49.0,-0.5311522444201355,0.0,0.0,0.0,United Kingdom,1172.36,7
15127,339,1,265.02,265.02,212,212.0,11,1,30.439999999999998,1,0.0,0.0,0.0,0.0,0.0,0.0,United Kingdom,346.53,1
15128,39,2,676.6800000000001,338.34000000000003,442,221.0,42,2,0.2885308056872038,211,211.0,211.0,0.48889215830513466,0.0,0.0,0.0,United Kingdom,982.5,3
15129,30,16,3811.93,238.245625,2198,137.375,64,11,1.2176,400,28.571428571428573,19.0,-0.6469226864686235,0.0,0.0,0.0,United Kingdom,1017.32,6
15132,19,2,420.75,210.375,281,140.5,23,2,0.9663492063492063,63,63.0,63.0,-0.2801961986511343,0.0,0.0,0.0,United Kingdom,488.06,3
15133,77,4,1320.3799999999999,330.09499999999997,472,118.0,33,4,0.46296577946768064,263,87.66666666666667,81.0,-0.044103473534060675,0.0,0.0,0.0,United Kingdom,226.0,1
15134,32,4,447.75,111.9375,333,83.25,20,4,0.5798095238095239,210,69.66666666666667,41.0,0.14954392702832442,0.0,0.0,0.0,United Kingdom,1130.3,6
15140,18,4,1697.37,424.3425,867,216.75,63,4,0.49901639344262294,244,81.33333333333333,36.0,0.09489780805687188,0.0,0.0,0.0,United Kingdom,896.96,4
15142,229,5,1931.1,386.21999999999997,1406,281.2,94,3,1.6725274725274726,91,30.0,24.0,-0.3559229682099133,0.0,0.0,0.0,United Kingdom,480.02,1
15144,36,17,6742.51,396.61823529411765,2517,148.05882352941177,114,11,1.0146666666666668,510,39.15384615384615,42.0,0.0975560436278567,0.0,0.0,0.0,United Kingdom,4885.42,12
15145,46,2,667.63,333.815,434,217.0,32,1,2.7672727272727276,22,21.0,21.0,0.0,0.0,0.0,0.0,United Kingdom,470.7,2
15146,110,1,834.22,834.22,914,914.0,63,1,30.439999999999998,1,0.0,0.0,0.0,0.0,0.0,0.0,United Kingdom,381.1,1
15149,396,3,681.96,227.32000000000002,242,80.66666666666667,40,2,1.250958904109589,73,72.0,72.0,0.42362641268036105,0.0,0.0,0.0,United Kingdom,508.05,1
15150,5,5,4685.25,937.05,3142,628.4,303,4,0.4251396648044693,358,119.0,87.0,-0.6650682531134875,0.0,0.0,0.0,United Kingdom,3795.98,8
15152,6,2,1203.89,601.945,714,357.0,68,2,0.11821359223300971,515,514.0,514.0,0.3234840004631953,0.0,0.0,0.0,United Kingdom,3808.44,12
15154,297,2,1027.29,513.645,239,119.5,98,1,60.879999999999995,1,0.0,0.0,0.0,0.0,0.0,0.0,United Kingdom,203.78,1
15157,177,3,1368.7,456.23333333333335,1112,370.6666666666667,67,3,0.24614555256064694,371,185.5,185.5,1.6789054940328998,0.0,0.0,0.0,United Kingdom,700.8100000000001,2
15158,220,1,39.620000000000005,39.620000000000005,20,20.0,3,1,30.439999999999998,1,0.0,0.0,0.0,0.0,0.0,0.0,United Kingdom,401.40000000000003,1
15159,3,17,7548.56,444.0329411764706,3689,217.0,184,8,2.0866129032258063,248,22.454545454545453,19.0,-0.4215430425909198,0.0,0.0,0.0,United Kingdom,12460.28,15
15163,11,1,155.0,155.0,48,48.0,10,1,30.439999999999998,1,0.0,0.0,0.0,0.0,0.0,0.0,United Kingdom,149.47,1
15164,27,8,1526.31,190.78875,700,87.5,220,8,0.5052282157676349,482,68.85714285714286,62.0,0.1537365242422531,0.0,0.0,0.0,United Kingdom,461.35,1
15172,16,2,485.4,242.7,432,216.0,37,2,1.522,40,40.0,40.0,-0.598729792147806,0.0,0.0,0.0,United Kingdom,958.05,3
15179,53,11,5191.67,471.97,2990,271.8181818181818,171,10,0.665685884691849,503,50.3,48.5,-0.3958156306680716,0.0,0.0,0.0,United Kingdom,751.83,2
15181,89,2,468.0,234.0,96,48.0,4,2,0.4005263157894737,152,151.0,151.0,0.7857142857142857,0.0,0.0,0.0,United Kingdom,207.23999999999998,2
15182,87,10,2463.732,246.3732,978,97.8,72,6,0.7825192802056556,389,77.6,64.0,-0.18090316464247974,0.0,0.0,0.0,United Kingdom,252.37,1
15184,10,3,454.92,151.64000000000001,331,110.33333333333333,31,3,0.17101123595505618,534,266.5,266.5,1.6928322104066893,0.0,0.0,0.0,United Kingdom,154.22,1
15186,293,3,754.97,251.65666666666667,303,101.0,19,3,0.4095067264573991,223,111.0,111.0,2.620379436964505,0.0,0.0,0.0,United Kingdom,365.75,2
15187,31,1,431.6,431.6,172,172.0,9,1,30.439999999999998,1,0.0,0.0,0.0,0.0,0.0,0.0,United Kingdom,2962.46,12
15189,3,22,4848.9,220.40454545454543,1106,50.27272727272727,53,10,2.054233128834356,326,16.25,11.5,6.603900136628989,0.0,0.0,0.0,United Kingdom,5218.36,24
15192,10,4,1339.18,334.795,1095,273.75,56,4,0.24899795501022498,489,162.66666666666666,174.0,0.15278023373575325,0.0,0.0,0.0,United Kingdom,200.73000000000002,1
15194,18,22,6449.4800000000005,293.15818181818184,4218,191.72727272727272,185,12,1.2447583643122677,538,26.9,21.0,1.1641310693662887,0.0,0.0,0.0,United Kingdom,2745.53,6
15197,72,5,825.71,165.142,663,132.6,32,5,0.3197478991596639,476,119.0,75.0,4.999915225500169,0.0,0.0,0.0,United Kingdom,306.36,1
15198,228,3,322.31,107.43666666666667,203,67.66666666666667,18,3,0.32382978723404254,282,140.5,140.5,0.12171680600355476,0.0,0.0,0.0,United Kingdom,193.64,2
15199,54,8,1613.1000000000001,201.63750000000002,380,47.5,17,8,0.7141348973607039,341,48.57142857142857,41.0,-0.7418788753265999,0.0,0.0,0.0,United Kingdom,356.55,2
15201,23,4,1167.94,291.985,1012,253.0,34,4,0.29843137254901964,408,135.66666666666666,172.0,0.06470203475524579,0.0,0.0,0.0,United Kingdom,514.27,3
15203,17,10,3237.44,323.744,3006,300.6,124,10,0.5711069418386492,533,59.22222222222222,55.0,-0.3046590665109628,0.0,0.0,0.0,United Kingdom,1078.54,4
15206,95,1,17.700000000000003,17.700000000000003,6,6.0,1,1,30.439999999999998,1,0.0,0.0,0.0,0.0,0.0,0.0,United Kingdom,402.59999999999997,3
15208,172,2,165.8,82.9,60,30.0,8,2,0.8574647887323944,71,70.0,70.0,-0.348605577689243,0.0,0.0,0.0,United Kingdom,753.72,4
15211,184,1,329.87,329.87,113,113.0,20,1,30.439999999999998,1,0.0,0.0,0.0,0.0,0.0,0.0,United Kingdom,397.84000000000003,1
15214,3,2,607.41,303.705,506,253.0,43,2,1.0318644067796612,59,59.0,59.0,-0.7589440778047933,0.0,0.0,0.0,United Kingdom,956.73,6
15215,213,4,1530.0900000000001,382.52250000000004,539,134.75,58,4,0.5559817351598174,219,73.0,53.0,1.5068069306930694,0.0,0.0,0.0,United Kingdom,709.94,3
15216,438,1,359.59,359.59,187,187.0,21,1,30.439999999999998,1,0.0,0.0,0.0,0.0,0.0,0.0,United Kingdom,96.6,1
15218,37,13,5685.3,437.33076923076925,2502,192.46153846153845,104,11,0.8510107526881721,465,38.75,37.0,-0.44393549746440497,0.0,0.0,0.0,United Kingdom,2683.83,7
15219,468,1,379.7,379.7,226,226.0,17,1,30.439999999999998,1,0.0,0.0,0.0,0.0,0.0,0.0,United Kingdom,242.00000000000003,1
15220,23,3,774.67,258.2233333333333,495,165.0,50,3,1.1707692307692308,78,38.5,38.5,-0.08401998742512984,0.0,0.0,0.0,United Kingdom,895.77,3
15227,35,7,1863.79,266.2557142857143,872,124.57142857142857,71,7,0.50854415274463,419,69.66666666666667,68.0,0.392726012273089,0.0,0.0,0.0,United Kingdom,253.28,2
15228,114,3,2749.15,916.3833333333333,1333,444.3333333333333,113,3,0.44546341463414635,205,102.5,102.5,-0.7046975122502828,0.0,0.0,0.0,United Kingdom,2116.8,3
15237,22,2,1076.7,538.35,797,398.5,73,2,2.5366666666666666,24,24.0,24.0,-0.8321745826870722,0.0,0.0,0.0,United Kingdom,318.67,2
15238,3,1,164.94,164.94,142,142.0,13,1,30.439999999999998,1,0.0,0.0,0.0,0.0,0.0,0.0,United Kingdom,628.13,2
15240,11,10,3197.77,319.777,1922,192.2,99,9,0.5605893186003683,543,60.333333333333336,52.0,0.13081641443020295,0.0,0.0,0.0,United Kingdom,636.0699999999999,2
15241,3,7,2189.76,312.8228571428572,2029,289.85714285714283,97,6,0.4523991507430998,471,78.5,85.0,0.25342016377906856,0.0,0.0,0.0,United Kingdom,591.72,4
15243,254,1,573.49,573.49,309,309.0,37,1,30.439999999999998,1,0.0,0.0,0.0,0.0,0.0,0.0,United Kingdom,316.68,1
15244,67,2,476.6,238.3,304,152.0,26,2,0.1452983293556086,419,418.0,418.0,0.6676368521213476,0.0,0.0,0.0,United Kingdom,333.63,1
15245,6,7,2359.12,337.01714285714286,1463,209.0,69,6,0.5222549019607844,408,68.0,72.5,0.11103998719769548,0.0,0.0,0.0,United Kingdom,421.48,1
15247,297,2,358.26,179.13,142,71.0,8,2,1.0146666666666668,60,60.0,60.0,-0.31771224643125456,0.0,0.0,0.0,United Kingdom,356.0,1
15249,16,10,5246.26,524.626,2783,278.3,208,8,0.7128805620608899,427,47.44444444444444,21.0,0.36344523367424136,0.0,0.0,0.0,United Kingdom,3847.09,8
15251,30,12,6063.07,505.2558333333333,1633,136.08333333333334,66,10,0.7788486140724947,469,46.9,30.0,-0.6507291497444138,0.0,0.0,0.0,United Kingdom,2079.0,7
15252,2,4,1663.18,415.795,1007,251.75,82,4,0.28382284382284384,429,142.66666666666666,155.0,-0.7794338888766577,0.0,0.0,0.0,United Kingdom,440.23,1
15253,222,3,1105.19,368.3966666666667,720,240.0,56,3,0.49630434782608696,184,91.5,91.5,-0.7456559488814991,0.0,0.0,0.0,United Kingdom,857.24,5
15254,366,2,724.24,362.12,431,215.5,43,2,4.058666666666667,15,14.0,14.0,-0.34493475627870845,0.0,0.0,0.0,United Kingdom,270.12,1
15255,220,7,2374.52,339.21714285714285,1366,195.14285714285714,98,6,0.6322848664688427,337,67.2,46.0,7.117339886346182,0.0,0.0,0.0,United Kingdom,865.35,1
15256,381,1,71.95,71.95,37,37.0,4,1,30.439999999999998,1,0.0,0.0,0.0,0.0,0.0,0.0,United Kingdom,98.45,1
15258,36,1,245.51,245.51,73,73.0,14,1,30.439999999999998,1,0.0,0.0,0.0,0.0,0.0,0.0,United Kingdom,307.5,1
15260,6,22,7336.63,333.48318181818183,3642,165.54545454545453,166,14,1.222043795620438,548,32.1764705882353,20.0,-0.5033236169935639,0.0,0.0,0.0,United Kingdom,540.29,2
15261,201,3,1191.58,397.1933333333333,532,177.33333333333334,66,2,1.7230188679245284,53,26.5,26.5,-0.8559880182031145,0.0,0.0,0.0,United Kingdom,254.82,1
15264,349,1,454.66,454.66,178,178.0,32,1,30.439999999999998,1,0.0,0.0,0.0,0.0,0.0,0.0,United Kingdom,393.74,1
15265,55,3,2496.56,832.1866666666666,1194,398.0,143,3,0.1815506958250497,503,251.5,251.5,-0.6428198660520136,0.0,0.0,0.0,United Kingdom,730.13,1
15269,199,2,771.71,385.855,343,171.5,31,1,5.534545454545455,11,10.0,10.0,0.0,0.0,0.0,0.0,United Kingdom,118.80000000000001,1
15270,58,17,4807.72,282.8070588235294,1764,103.76470588235294,61,7,1.0691735537190084,484,48.4,34.5,0.042952084714360954,0.0,0.0,0.0,United Kingdom,535.34,3
15271,23,14,2586.76,184.76857142857145,1446,103.28571428571429,263,8,1.4797222222222222,288,22.076923076923077,16.0,-0.7192672360440648,0.0,0.0,0.0,United Kingdom,1678.53,10
15272,269,4,980.8100000000001,245.20250000000001,342,85.5,198,4,0.5689719626168225,214,71.0,63.0,-0.5329733610541902,0.0,0.0,0.0,United Kingdom,670.94,2
15276,213,3,474.21999999999997,158.07333333333332,255,85.0,114,2,2.227317073170732,41,40.0,40.0,-0.6881881051175657,0.0,0.0,0.0,United Kingdom,128.63,1
15277,244,1,220.44,220.44,168,168.0,14,1,30.439999999999998,1,0.0,0.0,0.0,0.0,0.0,0.0,United Kingdom,241.98,1
15280,308,2,222.45,111.225,252,126.0,37,2,0.7334939759036144,83,83.0,83.0,-0.012064343163538825,0.0,0.0,0.0,United Kingdom,113.12,1
15281,17,13,7392.76,568.6738461538462,4794,368.7692307692308,390,6,1.7205217391304348,230,20.90909090909091,14.0,-0.8321885998445606,0.0,0.0,0.0,United Kingdom,373.27000000000004,3
15287,199,3,212.34,70.78,127,42.333333333333336,12,3,0.25508379888268157,358,179.0,179.0,1.6484536082474226,0.0,0.0,0.0,United Kingdom,414.69,2
15288,20,7,2493.61,356.23,955,136.42857142857142,108,7,0.45823655913978495,465,77.5,67.0,1.02398709693067,0.0,0.0,0.0,United Kingdom,606.02,2
15289,68,3,850.9200000000001,283.64000000000004,656,218.66666666666666,44,3,0.24482573726541557,373,186.0,186.0,-0.5470006659494904,0.0,0.0,0.0,United Kingdom,424.17,2
15290,22,16,3754.81,234.675625,2437,152.3125,53,13,1.079911308203991,451,32.142857142857146,32.5,1.1005350861257452,0.0,0.0,0.0,United Kingdom,3488.08,10
15291,0,29,8321.86,286.9606896551724,2058,70.96551724137932,93,15,1.5848473967684023,557,20.59259259259259,13.0,-0.2893729280986285,0.0,0.0,0.0,United Kingdom,896.25,4
15296,3,9,7713.89,857.098888888889,3872,430.22222222222223,311,7,0.5435714285714286,504,84.0,90.5,-0.40004936397218205,0.0,0.0,0.0,United Kingdom,1555.85,3
15298,6,16,5853.77,365.860625,3709,231.8125,161,14,0.8952941176470588,544,36.266666666666666,32.0,-0.401160698354518,0.0,0.0,0.0,United Kingdom,1884.62,6
15301,6,10,3832.56,383.256,2284,228.4,175,7,1.153030303030303,264,37.57142857142857,22.0,-0.3883398793954634,0.0,0.0,0.0,United Kingdom,2103.88,6
15304,101,2,126.60000000000001,63.300000000000004,28,14.0,4,2,0.6997701149425287,87,87.0,87.0,-0.24532224532224534,0.0,0.0,0.0,United Kingdom,159.8,3
15306,319,6,1466.9,244.48333333333335,860,143.33333333333334,72,4,1.1486792452830188,159,31.8,19.0,0.6932892683374647,0.0,0.0,0.0,United Kingdom,1125.39,3
15311,4,158,44681.05,282.79145569620255,16238,102.77215189873418,665,19,8.681444043321301,554,3.7114093959731544,3.0,-0.3122291906644706,0.0,0.0,0.0,United Kingdom,10411.95,46
15312,34,10,2613.2400000000002,261.324,1517,151.7,111,9,0.5980353634577604,509,56.44444444444444,34.0,-0.1530436995102096,0.0,0.0,0.0,United Kingdom,316.95,2
15321,111,10,4597.400000000001,459.74000000000007,2650,265.0,195,5,0.7927083333333333,384,76.6,53.0,-0.38218268449148934,0.0,0.0,0.0,United Kingdom,1489.6200000000001,2
15322,295,1,575.49,575.49,456,456.0,36,1,30.439999999999998,1,0.0,0.0,0.0,0.0,0.0,0.0,United Kingdom,641.86,1
15325,214,7,1426.97,203.85285714285715,1150,164.28571428571428,140,5,0.8010526315789473,266,53.2,46.0,0.4684645723775256,0.0,0.0,0.0,United Kingdom,161.74,1
15329,194,8,1648.73,206.09125,711,88.875,57,7,0.6937891737891738,351,50.142857142857146,36.0,0.20412555814015695,0.0,0.0,0.0,United Kingdom,934.95,3
15339,137,6,1267.05,211.17499999999998,661,110.16666666666667,131,5,0.5203418803418804,351,87.75,74.5,2.7771745277683513,0.0,0.0,0.0,United Kingdom,304.01,1
15341,268,1,382.2,382.2,196,196.0,7,1,30.439999999999998,1,0.0,0.0,0.0,0.0,0.0,0.0,United Kingdom,905.16,1
15349,6,1,356.21,356.21,244,244.0,58,1,30.439999999999998,1,0.0,0.0,0.0,0.0,0.0,0.0,United Kingdom,56.949999999999996,1
15351,189,4,1631.51,407.8775,685,171.25,100,2,1.9326984126984126,63,21.0,18.0,-0.8106707294848337,0.0,0.0,0.0,United Kingdom,1647.24,6
15356,37,8,1683.2,210.4,887,110.875,232,6,1.1879024390243902,205,29.142857142857142,32.0,-0.04383701740929273,0.0,0.0,0.0,United Kingdom,1556.37,5
15358,27,31,11487.8,370.5741935483871,9552,308.1290322580645,295,17,1.797409523809524,525,25.0,24.0,0.691391287031288,0.0,0.0,0.0,United Kingdom,3863.7999999999997,11
15364,73,1,94.20000000000002,94.20000000000002,36,36.0,2,1,30.439999999999998,1,0.0,0.0,0.0,0.0,0.0,0.0,United Kingdom,581.39,1
15365,134,7,2383.62,340.51714285714286,1128,161.14285714285714,86,4,0.595195530726257,358,119.33333333333333,88.0,5.3315083661417315,0.0,0.0,0.0,United Kingdom,2057.91,6
15366,177,6,1577.1100000000001,262.8516666666667,1451,241.83333333333334,64,6,0.6212244897959184,294,58.6,51.0,-0.05724386848815587,0.0,0.0,0.0,United Kingdom,450.47,1
15367,65,9,4501.9,500.21111111111105,2347,260.77777777777777,186,7,0.5660330578512397,484,69.14285714285714,40.0,0.2600353420751423,0.0,0.0,0.0,United Kingdom,435.90999999999997,2
15368,213,1,65.8,65.8,8,8.0,3,1,30.439999999999998,1,0.0,0.0,0.0,0.0,0.0,0.0,United Kingdom,167.70000000000002,1
15370,23,4,2148.5,537.125,1005,251.25,74,4,0.5882125603864734,207,69.0,78.0,-0.3979091166689037,0.0,0.0,0.0,United Kingdom,972.76,4
15373,29,11,1358.68,123.51636363636364,431,39.18181818181818,88,9,0.8881697612732097,377,37.6,36.0,0.846118396246177,0.0,0.0,0.0,United Kingdom,1113.91,5
15374,444,1,139.32,139.32,164,164.0,6,1,30.439999999999998,1,0.0,0.0,0.0,0.0,0.0,0.0,United Kingdom,76.2,1
15376,41,1,594.92,594.92,368,368.0,55,1,30.439999999999998,1,0.0,0.0,0.0,0.0,0.0,0.0,United Kingdom,566.44,2
15379,5,7,4547.59,649.6557142857143,2803,400.42857142857144,172,6,0.9910697674418605,215,35.666666666666664,32.0,-0.7599251743160295,0.0,0.0,0.0,United Kingdom,130.8,1
15380,239,6,590.3,98.38333333333333,218,36.333333333333336,6,5,0.5725391849529781,319,63.6,72.0,-0.5504861997839111,0.0,0.0,0.0,United Kingdom,1441.44,4
15382,4,10,9412.130000000001,941.2130000000001,5641,564.1,236,8,0.5524500907441017,551,78.71428571428571,79.0,0.10246157116551893,0.0,0.0,0.0,United Kingdom,3586.07,2
15384,179,3,1648.15,549.3833333333333,1371,457.0,76,3,0.39193133047210305,233,116.5,116.5,3.9607594936708854,0.0,0.0,0.0,United Kingdom,338.84,1
15385,212,2,182.4,91.2,99,49.5,7,2,0.2136140350877193,285,285.0,285.0,0.8952380952380955,0.0,0.0,0.0,United Kingdom,158.96,1
15392,179,4,1402.46,350.615,974,243.5,50,3,1.691111111111111,72,23.666666666666668,22.0,-0.038965106809496955,0.0,0.0,0.0,United Kingdom,1158.72,3
15393,100,4,745.33,186.3325,319,79.75,33,4,0.27485327313769753,443,147.66666666666666,126.0,-0.800235017626322,0.0,0.0,0.0,United Kingdom,107.76,1
15394,23,9,4224.18,469.35333333333335,1848,205.33333333333334,112,8,0.5268461538461539,520,74.28571428571429,46.0,0.35013519377774827,0.0,0.0,0.0,United Kingdom,721.6,2
15400,3,4,765.25,191.3125,335,83.75,12,4,0.32297082228116714,377,125.33333333333333,94.0,-0.35483177469633453,0.0,0.0,0.0,United Kingdom,92.4,2
15402,15,5,1383.25,276.65,878,175.6,69,5,0.3843434343434344,396,98.75,76.0,-0.48304564297150887,0.0,0.0,0.0,United Kingdom,140.0,1
15406,120,3,717.45,239.15,423,141.0,101,2,0.5968627450980393,153,152.0,152.0,-0.4576274830165964,0.0,0.0,0.0,United Kingdom,249.3,1
15407,3,3,474.08,158.02666666666667,277,92.33333333333333,57,3,0.7485245901639344,122,61.0,61.0,0.8732121212121214,0.0,0.0,0.0,United Kingdom,293.51,1
15410,22,6,2677.54,446.25666666666666,1062,177.0,67,5,0.4600503778337532,397,79.2,31.0,0.5686300844205678,0.0,0.0,0.0,United Kingdom,1522.45,4
15411,2,1,156.4,156.4,48,48.0,10,1,30.439999999999998,1,0.0,0.0,0.0,0.0,0.0,0.0,United Kingdom,1141.53,3
15414,61,1,36.2,36.2,12,12.0,5,1,30.439999999999998,1,0.0,0.0,0.0,0.0,0.0,0.0,United Kingdom,695.62,2
15416,59,5,2501.01,500.20200000000006,1518,303.6,119,4,0.3482837528604119,437,145.66666666666666,196.0,2.3527620174736326,0.0,0.0,0.0,United Kingdom,1709.89,2
15421,34,9,3471.69,385.74333333333334,1703,189.22222222222223,166,8,0.5299032882011606,517,73.85714285714286,85.0,-0.22441746281786376,0.0,0.0,0.0,United Kingdom,211.0,1
15423,401,2,194.69,97.345,95,47.5,10,2,1.522,40,40.0,40.0,-0.44060873047657184,0.0,0.0,0.0,United Kingdom,7.5,1
15426,76,6,1335.41,222.56833333333336,636,106.0,216,5,0.5534545454545454,330,82.25,78.5,-0.16256638872836343,0.0,0.0,0.0,United Kingdom,707.44,3
15428,206,3,603.52,201.17333333333332,242,80.66666666666667,33,3,0.27259701492537314,335,167.5,167.5,-0.30576609960136997,0.0,0.0,0.0,United Kingdom,75.06,1
15432,360,1,73.07000000000001,73.07000000000001,21,21.0,4,1,30.439999999999998,1,0.0,0.0,0.0,0.0,0.0,0.0,United Kingdom,171.19,1
15434,19,7,1640.0400000000002,234.2914285714286,830,118.57142857142857,66,5,0.44024793388429756,484,80.66666666666667,23.5,1.822183283686701,0.0,0.0,0.0,United Kingdom,734.5200000000001,4
15436,53,1,484.1,484.1,246,246.0,124,1,30.439999999999998,1,0.0,0.0,0.0,0.0,0.0,0.0,United Kingdom,583.65,2
15440,28,1,125.8,125.8,78,78.0,20,1,30.439999999999998,1,0.0,0.0,0.0,0.0,0.0,0.0,United Kingdom,257.88,2
15443,139,8,2254.65,281.83125,1236,154.5,245,6,0.7539318885448917,323,46.0,35.0,-0.6985634400308522,0.0,0.0,0.0,United Kingdom,2628.63,6
15449,4,2,596.34,298.17,420,210.0,30,2,0.7906493506493506,77,76.0,76.0,-0.27607539315448665,0.0,0.0,0.0,United Kingdom,326.82,1
15452,83,4,1440.43,360.1075,937,234.25,145,4,0.49096774193548387,248,82.33333333333333,82.0,-0.8007330889703433,0.0,0.0,0.0,United Kingdom,291.48,2
15453,6,1,179.39000000000001,179.39000000000001,94,94.0,38,1,30.439999999999998,1,0.0,0.0,0.0,0.0,0.0,0.0,United Kingdom,1151.93,6
15458,221,1,208.79999999999998,208.79999999999998,144,144.0,6,1,30.439999999999998,1,0.0,0.0,0.0,0.0,0.0,0.0,United Kingdom,142.92,1
15462,6,2,594.7,297.35,398,199.0,31,2,0.23505791505791507,259,258.0,258.0,-0.7855830100061262,0.0,0.0,0.0,United Kingdom,129.6,2
15465,0,27,8099.19,299.96999999999997,1779,65.88888888888889,89,14,1.494327272727273,550,21.115384615384617,14.0,1.2681481063021036,0.0,0.0,0.0,United Kingdom,1576.61,5
15466,208,3,1225.93,408.6433333333334,695,231.66666666666666,172,3,0.26241379310344826,348,173.5,173.5,-0.6374165008725033,0.0,0.0,0.0,United Kingdom,334.53,1
15468,212,1,730.39,730.39,615,615.0,50,1,30.439999999999998,1,0.0,0.0,0.0,0.0,0.0,0.0,United Kingdom,467.51,2
15469,258,1,318.75,318.75,133,133.0,18,1,30.439999999999998,1,0.0,0.0,0.0,0.0,0.0,0.0,United Kingdom,415.45,2
15471,199,2,674.33,337.165,350,175.0,67,2,0.3560233918128655,171,170.0,170.0,4.3586044318717585,0.0,0.0,0.0,United Kingdom,454.48,1
15473,264,1,274.8,274.8,104,104.0,3,1,30.439999999999998,1,0.0,0.0,0.0,0.0,0.0,0.0,United Kingdom,510.0,4
15478,394,1,455.56,455.56,219,219.0,21,1,30.439999999999998,1,0.0,0.0,0.0,0.0,0.0,0.0,United Kingdom,1231.1200000000001,2
15480,288,2,2333.26,1166.63,1252,626.0,156,2,0.2926923076923077,208,207.0,207.0,2.2120407979059484,0.0,0.0,0.0,Other,784.35,1
15482,70,9,2587.2,287.46666666666664,656,72.88888888888889,36,7,0.5625462012320328,487,69.57142857142857,30.0,-0.31381366702512464,0.0,0.0,0.0,United Kingdom,3551.2200000000003,7
15483,86,7,689.65,98.52142857142857,675,96.42857142857143,189,5,0.5097607655502393,418,104.5,106.0,0.41296665617018313,0.0,0.0,0.0,United Kingdom,114.31,3
15484,359,2,952.73,476.365,588,294.0,47,2,0.3122051282051282,195,194.0,194.0,-0.41396703845513577,0.0,0.0,0.0,United Kingdom,2956.73,4
15485,155,6,3189.05,531.5083333333333,1134,189.0,54,5,0.45432835820895523,402,100.5,48.5,0.6956856181636828,0.0,0.0,0.0,United Kingdom,1236.6100000000001,1
15489,30,6,1610.76,268.46,827,137.83333333333334,64,6,0.37892116182572616,482,96.4,78.0,0.10599443630163621,0.0,0.0,0.0,United Kingdom,666.02,2
15491,37,3,1465.6200000000001,488.54,881,293.6666666666667,72,2,5.073333333333333,18,17.0,17.0,-0.28712674574884584,0.0,0.0,0.0,United Kingdom,1118.77,3
15493,69,6,2698.88,449.81333333333333,882,147.0,227,6,0.4498522167487685,406,81.0,111.0,0.7030968310564483,0.0,0.0,0.0,United Kingdom,960.8100000000001,3
15494,297,3,2143.83,714.61,1424,474.6666666666667,215,3,0.36382470119521915,251,125.5,125.5,1.2069739263115378,0.0,0.0,0.0,United Kingdom,1216.34,2
15497,139,8,7764.34,970.5425,2354,294.25,60,8,0.605771144278607,402,57.42857142857143,63.0,0.13884236507481784,0.0,0.0,0.0,United Kingdom,291.6,1
15498,9,30,16933.78,564.4593333333333,7672,255.73333333333332,474,15,1.7101123595505618,534,24.272727272727273,18.5,0.4646183091814069,0.0,0.0,0.0,United Kingdom,5900.55,14
15502,95,6,3751.15,625.1916666666667,1920,320.0,142,4,0.6522857142857142,280,69.75,81.0,-0.32988281597834396,0.0,0.0,0.0,United Kingdom,2892.07,5
15504,340,3,338.62,112.87333333333333,105,35.0,32,3,0.6297931034482759,145,72.5,72.5,-0.7765734518390057,0.0,0.0,0.0,United Kingdom,52.83,1
15506,200,3,969.15,323.05,729,243.0,79,3,0.9414432989690722,97,48.0,48.0,4.162724151087372,0.0,0.0,0.0,United Kingdom,811.28,3
15512,179,2,216.08,108.04,113,56.5,26,2,1.9638709677419355,31,31.0,31.0,-0.11908077994428963,0.0,0.0,0.0,United Kingdom,19.799999999999997,1
15513,18,26,13746.630000000001,528.7165384615384,4339,166.8846153846154,195,13,1.5924346076458755,497,27.555555555555557,23.0,0.36262389821139573,0.0,0.0,0.0,United Kingdom,6774.46,7
15514,45,12,3547.35,295.6125,2196,183.0,124,8,0.7162352941176471,510,51.0,56.5,0.4095898599356057,0.0,0.0,0.0,United Kingdom,773.94,5
15518,34,11,3150.31,286.39181818181817,2176,197.8181818181818,210,8,0.6630495049504951,505,56.0,45.0,-0.23507101039244793,0.0,0.0,0.0,United Kingdom,891.64,4
15521,31,11,4087.0099999999998,371.5463636363636,2991,271.90909090909093,159,8,0.6805691056910569,492,70.14285714285714,52.0,-0.15970099438967153,0.0,0.0,0.0,United Kingdom,1057.3799999999999,4
15523,234,13,4397.24,338.24923076923073,1289,99.15384615384616,50,9,1.2251393188854491,323,29.272727272727273,26.0,0.6849769171582462,0.0,0.0,0.0,United Kingdom,97.01,1
15525,192,2,403.08,201.54,251,125.5,64,2,6.088,10,9.0,9.0,0.5863330125120307,0.0,0.0,0.0,United Kingdom,441.99,2
15527,2,18,3609.7000000000003,200.5388888888889,1448,80.44444444444444,154,12,1.0109225092250924,542,38.714285714285715,38.0,-0.373327453936825,0.0,0.0,0.0,United Kingdom,1038.9,4
15529,30,8,2683.07,335.38375,2315,289.375,294,6,1.3234782608695652,184,26.285714285714285,28.0,-0.06890024470994678,0.0,0.0,0.0,United Kingdom,1997.96,4
15530,66,2,747.84,373.92,568,284.0,67,2,0.22801498127340825,267,266.0,266.0,0.825556353194544,0.0,0.0,0.0,United Kingdom,872.9,3
15532,177,7,2304.87,329.26714285714286,796,113.71428571428571,289,5,1.1097916666666667,192,31.833333333333332,24.5,-0.16427318017709114,0.0,0.0,0.0,United Kingdom,1084.93,3
15535,55,5,766.36,153.272,264,52.8,73,4,0.7145539906103286,213,71.0,77.0,-0.35180764350388205,0.0,0.0,0.0,United Kingdom,99.51,1
15540,195,1,247.38,247.38,244,244.0,16,1,30.439999999999998,1,0.0,0.0,0.0,0.0,0.0,0.0,United Kingdom,185.22,1
15544,30,15,5695.15,379.6766666666666,4508,300.53333333333336,144,10,0.9714893617021277,470,33.5,21.0,-0.39795269654450727,0.0,0.0,0.0,United Kingdom,1766.24,5
15545,190,1,135.32999999999998,135.32999999999998,75,75.0,31,1,30.439999999999998,1,0.0,0.0,0.0,0.0,0.0,0.0,United Kingdom,153.64000000000001,1
15547,13,18,6877.66,382.09222222222223,4315,239.72222222222223,438,14,1.0146666666666666,540,33.6875,29.0,0.1413191028307407,0.0,0.0,0.0,United Kingdom,2209.76,7
15549,135,6,1474.4,245.73333333333335,628,104.66666666666667,91,5,0.4781151832460733,382,76.2,81.0,1.3285923919178235,0.0,0.0,0.0,United Kingdom,684.61,2
15550,120,9,1538.1200000000001,170.90222222222224,932,103.55555555555556,138,6,0.6297931034482759,435,72.5,53.0,-0.041886086968931306,0.0,0.0,0.0,United Kingdom,361.23,3
15551,213,6,1231.0,205.16666666666666,577,96.16666666666667,94,4,1.1707692307692308,156,52.0,24.0,2.59122780844398,0.0,0.0,0.0,United Kingdom,436.06,1
15555,9,26,7370.34,283.4746153846154,4712,181.23076923076923,488,14,1.4548529411764706,544,25.857142857142858,17.0,-0.4193503150714056,0.0,0.0,0.0,United Kingdom,2701.52,10
15561,35,5,960.31,192.06199999999998,694,138.8,40,5,0.33973214285714287,448,112.0,123.0,-0.7589045698924731,0.0,0.0,0.0,United Kingdom,496.59000000000003,3
15563,20,5,2039.78,407.956,1644,328.8,147,5,0.31642411642411644,481,120.0,123.0,-0.4752272455447913,0.0,0.0,0.0,United Kingdom,541.76,1
15569,151,6,401.46,66.91,248,41.333333333333336,98,6,0.5743396226415094,318,63.4,58.0,-0.007642679900744659,0.0,0.0,0.0,United Kingdom,361.65999999999997,2
15570,25,21,6175.57,294.0747619047619,2755,131.1904761904762,370,12,1.5366346153846155,416,23.055555555555557,18.5,0.42598177777176693,0.0,0.0,0.0,United Kingdom,1607.46,4
15571,205,10,2826.22,282.62199999999996,1897,189.7,401,6,0.8747126436781609,348,43.375,19.5,2.327127415255535,0.0,0.0,0.0,United Kingdom,599.55,4
15572,68,6,2015.36,335.8933333333333,1147,191.16666666666666,168,5,0.5130337078651686,356,89.0,68.5,3.1786730515649944,0.0,0.0,0.0,United Kingdom,1588.33,4
15573,437,3,520.98,173.66,312,104.0,102,3,0.8227027027027027,111,55.5,55.5,0.17228870449901998,0.0,0.0,0.0,United Kingdom,533.04,2
15574,177,5,858.86,171.772,516,103.2,182,3,1.4358490566037736,106,35.333333333333336,44.0,0.46430620911281995,0.0,0.0,0.0,United Kingdom,86.60000000000001,1
15577,124,3,154.05,51.35,37,12.333333333333334,23,2,0.21691211401425178,421,210.5,210.5,-0.8767772511848341,0.0,0.0,0.0,United Kingdom,216.48,2
15579,133,4,1101.43,275.3575,650,162.5,124,3,1.0231932773109245,119,39.666666666666664,44.0,-0.7844009358996998,0.0,0.0,0.0,United Kingdom,132.25,1
15581,45,32,4074.35,127.3234375,2468,77.125,508,11,1.9024999999999999,512,22.217391304347824,11.0,-0.6732674292578197,0.0,0.0,0.0,United Kingdom,73.92,2
15582,39,1,303.61,303.61,255,255.0,22,1,30.439999999999998,1,0.0,0.0,0.0,0.0,0.0,0.0,United Kingdom,379.3,2
15584,219,2,502.69,251.345,167,83.5,91,2,0.22464944649446497,271,271.0,271.0,-0.3643847205049782,0.0,0.0,0.0,United Kingdom,691.46,4
15587,171,3,244.07999999999998,81.36,72,24.0,2,3,0.6476595744680851,141,70.0,70.0,0.0,0.0,0.0,0.0,United Kingdom,223.92,2
15594,54,1,267.91,267.91,145,145.0,15,1,30.439999999999998,1,0.0,0.0,0.0,0.0,0.0,0.0,United Kingdom,1503.87,4
15596,34,8,2710.82,338.8525,1206,150.75,82,7,0.8544561403508772,285,40.714285714285715,39.0,-0.2526322163602371,0.0,0.0,0.0,United Kingdom,16.9,1
15597,394,1,238.8,238.8,114,114.0,15,1,30.439999999999998,1,0.0,0.0,0.0,0.0,0.0,0.0,United Kingdom,324.57,1
15598,247,1,307.34,307.34,244,244.0,22,1,30.439999999999998,1,0.0,0.0,0.0,0.0,0.0,0.0,United Kingdom,240.68,1
15599,23,2,893.2,446.6,692,346.0,56,2,0.25157024793388433,242,241.0,241.0,-0.17087155963302753,0.0,0.0,0.0,United Kingdom,312.90999999999997,1
15601,23,25,11609.880000000001,464.39520000000005,7966,318.64,231,14,1.422429906542056,535,25.476190476190474,22.0,-0.01587656949887134,0.0,0.0,0.0,United Kingdom,1841.24,5
15602,19,10,1848.65,184.865,991,99.1,48,9,0.5657992565055763,538,59.666666666666664,56.0,1.1851309441764302,0.0,0.0,0.0,United Kingdom,507.24,4
15605,71,7,1181.2,168.74285714285716,464,66.28571428571429,57,6,0.4820814479638009,442,73.66666666666667,42.5,0.34472080512932507,0.0,0.0,0.0,United Kingdom,488.1,2
15606,42,14,3898.44,278.46,1174,83.85714285714286,71,10,1.0027294117647059,425,32.69230769230769,28.0,0.39468363379285964,0.0,0.0,0.0,United Kingdom,1012.69,3
15608,235,1,692.3,692.3,548,548.0,45,1,30.439999999999998,1,0.0,0.0,0.0,0.0,0.0,0.0,United Kingdom,971.45,4
15611,10,16,1340.68,83.7925,254,15.875,26,10,0.9879107505070995,493,35.142857142857146,31.5,-0.6153290024064529,0.0,0.0,0.0,United Kingdom,751.71,7
15615,3,35,15602.95,445.79857142857145,8594,245.54285714285714,228,19,1.9231046931407945,554,19.785714285714285,20.0,-0.022348252363504333,0.0,0.0,0.0,United Kingdom,4598.51,11
15620,40,3,1142.1200000000001,380.7066666666667,879,293.0,78,3,0.4831746031746032,189,94.5,94.5,-0.5206657599896379,0.0,0.0,0.0,United Kingdom,678.17,1
15622,16,13,6190.22,476.1707692307692,3465,266.53846153846155,281,8,0.8813363028953229,449,64.0,49.0,-0.3487406882869819,0.0,0.0,0.0,United Kingdom,1057.56,4
15623,213,7,1956.02,279.43142857142857,818,116.85714285714286,75,7,0.6341666666666667,336,56.0,56.0,0.08757924395397987,0.0,0.0,0.0,United Kingdom,301.03,1
15624,25,2,285.9,142.95,118,59.0,17,2,1.2176,50,50.0,50.0,-0.1950757575757576,0.0,0.0,0.0,United Kingdom,255.45000000000002,2
15625,54,6,2197.91,366.3183333333333,1829,304.8333333333333,96,5,0.5949185667752444,307,61.4,54.0,-0.31063599513993123,0.0,0.0,0.0,United Kingdom,509.65,3
15626,149,2,658.48,329.24,612,306.0,49,2,0.6617391304347826,92,92.0,92.0,-0.3190033697539059,0.0,0.0,0.0,United Kingdom,388.16,1
15628,2,11,3362.9900000000002,305.72636363636366,2048,186.1818181818182,101,10,0.6155147058823529,544,54.4,50.5,-0.25444276545990435,0.0,0.0,0.0,United Kingdom,1807.04,6
15630,24,2,666.41,333.205,465,232.5,40,2,0.13836363636363638,440,440.0,440.0,0.25863412980850714,0.0,0.0,0.0,United Kingdom,691.44,1
15632,1,4,1515.8600000000001,378.96500000000003,784,196.0,55,3,1.309247311827957,93,30.666666666666668,28.0,-0.7799919517102616,0.0,0.0,0.0,United Kingdom,1566.29,4
15634,202,1,311.1,311.1,128,128.0,19,1,30.439999999999998,1,0.0,0.0,0.0,0.0,0.0,0.0,United Kingdom,243.55,1
15636,101,3,1026.52,342.17333333333335,358,119.33333333333333,28,3,0.31708333333333333,288,143.5,143.5,-0.5739212580923009,0.0,0.0,0.0,United Kingdom,418.06,1
15637,233,4,453.6,113.4,234,58.5,21,4,0.39151125401929265,311,103.66666666666667,85.0,-0.533462657613967,0.0,0.0,0.0,United Kingdom,223.36,1
15639,271,2,607.86,303.93,524,262.0,39,2,0.3953246753246753,154,154.0,154.0,-0.3224043715846995,0.0,0.0,0.0,United Kingdom,391.42,1
15640,4,22,14932.77,678.7622727272727,6650,302.27272727272725,224,14,1.2401481481481482,540,31.764705882352942,33.0,0.4405255996499194,0.0,0.0,0.0,United Kingdom,5261.11,7
15641,80,11,4291.92,390.17454545454547,3158,287.09090909090907,210,9,0.707906976744186,473,47.3,45.0,0.81219777483652,0.0,0.0,0.0,United Kingdom,581.82,1
15644,75,3,423.19,141.06333333333333,279,93.0,85,1,18.264,5,5.0,5.0,0.0,0.0,0.0,0.0,United Kingdom,380.35,1
15645,233,2,426.21000000000004,213.10500000000002,139,69.5,15,1,5.073333333333333,12,11.0,11.0,0.0,0.0,0.0,0.0,United Kingdom,611.59,1
15646,66,4,644.3000000000001,161.07500000000002,748,187.0,56,4,0.7424390243902439,164,54.666666666666664,22.0,-0.728714903020856,0.0,0.0,0.0,United Kingdom,94.85000000000001,1
15651,80,3,826.16,275.38666666666666,582,194.0,43,3,0.2717857142857143,336,168.0,168.0,0.9788707002235522,0.0,0.0,0.0,United Kingdom,314.34,2
15652,206,4,654.8,163.7,293,73.25,68,3,1.2424489795918368,98,32.666666666666664,35.0,8.321563682219422,0.0,0.0,0.0,United Kingdom,337.74,1
15656,40,2,268.61,134.305,97,48.5,17,2,0.9512499999999999,64,64.0,64.0,-0.6877870053737176,0.0,0.0,0.0,United Kingdom,429.14,2
15659,206,2,226.04,113.02,50,25.0,8,2,0.22801498127340825,267,267.0,267.0,0.0844706750276651,0.0,0.0,0.0,United Kingdom,306.45,1
15660,23,10,1594.19,159.419,1049,104.9,51,9,0.6504273504273504,468,58.5,61.5,0.4742208840327789,0.0,0.0,0.0,United Kingdom,808.77,5
15664,268,3,845.1,281.7,367,122.33333333333333,45,3,0.45432835820895523,201,100.0,100.0,-0.3274620012666245,0.0,0.0,0.0,United Kingdom,311.43,1
15665,62,4,2913.12,728.28,1805,451.25,154,4,0.30982188295165397,393,130.66666666666666,161.0,0.5724958274829789,0.0,0.0,0.0,United Kingdom,678.44,1
15669,83,1,173.3,173.3,62,62.0,10,1,30.439999999999998,1,0.0,0.0,0.0,0.0,0.0,0.0,United Kingdom,313.7,3
15671,62,3,1007.63,335.87666666666667,559,186.33333333333334,40,2,3.1489655172413795,29,14.0,14.0,-0.40481580572134174,0.0,0.0,0.0,United Kingdom,443.68,3
15673,34,7,4906.74,700.9628571428572,2343,334.7142857142857,143,7,0.48317460317460315,441,73.5,60.0,-0.5015300045808521,0.0,0.0,0.0,United Kingdom,989.87,2
15674,34,11,4988.89,453.53545454545457,2535,230.45454545454547,208,10,0.6489147286821705,516,51.6,37.0,-0.391764906885358,0.0,0.0,0.0,United Kingdom,1039.1,1
15675,99,2,263.35,131.675,133,66.5,16,2,0.48704,125,124.0,124.0,-0.7939088619189375,0.0,0.0,0.0,United Kingdom,182.32,2
15676,103,1,866.9,866.9,553,553.0,59,1,30.439999999999998,1,0.0,0.0,0.0,0.0,0.0,0.0,United Kingdom,2332.51,2
15677,240,2,597.55,298.775,353,176.5,31,2,1.415813953488372,43,42.0,42.0,-0.051996740016299885,0.0,0.0,0.0,United Kingdom,597.43,1
15678,214,2,1423.94,711.97,780,390.0,67,2,0.47562499999999996,128,127.0,127.0,-0.01258932559178202,0.0,0.0,0.0,United Kingdom,352.7,1
15679,2,1,169.10000000000002,169.10000000000002,164,164.0,12,1,30.439999999999998,1,0.0,0.0,0.0,0.0,0.0,0.0,United Kingdom,584.34,3
15680,185,8,2920.79,365.09875,2068,258.5,124,8,0.6546236559139785,372,53.0,48.0,-0.19597415752544706,0.0,0.0,0.0,United Kingdom,796.35,2
15681,2,12,2073.44,172.78666666666666,918,76.5,38,7,0.9562303664921467,382,54.42857142857143,51.0,-0.4867831443125921,0.0,0.0,0.0,United Kingdom,722.94,2
15683,293,1,330.79,330.79,201,201.0,16,1,30.439999999999998,1,0.0,0.0,0.0,0.0,0.0,0.0,United Kingdom,152.95,1
15687,6,5,1513.7,302.74,644,128.8,64,4,1.0569444444444445,144,36.0,21.5,-0.8007447314213278,0.0,0.0,0.0,United Kingdom,1218.83,4
15689,181,2,319.43,159.715,175,87.5,18,2,0.23688715953307396,257,256.0,256.0,-0.5206779974991895,0.0,0.0,0.0,United Kingdom,150.6,1
15694,7,17,5689.32,334.66588235294114,1198,70.47058823529412,45,13,0.9495045871559634,545,34.0625,23.0,0.970654039656703,0.0,0.0,0.0,United Kingdom,2152.9,5
15696,40,11,2584.71,234.97363636363636,1079,98.0909090909091,111,8,0.7216379310344828,464,46.4,36.0,1.7616573524275232,0.0,0.0,0.0,United Kingdom,954.66,2
15704,6,4,2948.36,737.09,1343,335.75,110,4,0.3074747474747475,396,132.0,81.0,0.0459945594848167,0.0,0.0,0.0,United Kingdom,786.3000000000001,2
15708,42,7,2527.03,361.00428571428574,935,133.57142857142858,95,6,1.0445098039215688,204,33.833333333333336,31.5,-0.31910095917199904,0.0,0.0,0.0,United Kingdom,1252.54,2
15712,2,9,2769.6,307.73333333333335,961,106.77777777777777,71,9,0.4927338129496403,556,69.375,68.0,-0.34067624627671755,0.0,0.0,0.0,United Kingdom,473.7,3
15713,185,3,581.74,193.91333333333333,355,118.33333333333333,36,3,0.25508379888268157,358,178.5,178.5,-0.7102252571833984,0.0,0.0,0.0,United Kingdom,172.8,1
15714,272,3,453.93,151.31,175,58.333333333333336,14,2,0.8866019417475729,103,51.0,51.0,-0.4869,0.0,0.0,0.0,United Kingdom,330.03000000000003,2
15716,20,10,1955.0,195.5,986,98.6,169,10,0.5721804511278196,532,59.0,42.0,-0.2658292972838718,0.0,0.0,0.0,United Kingdom,216.37,1
15719,19,25,7488.92,299.5568,3922,156.88,360,17,1.411873840445269,539,22.458333333333332,22.0,0.09530098065274253,0.0,0.0,0.0,United Kingdom,2601.2,6
15720,369,1,127.74,127.74,45,45.0,24,1,30.439999999999998,1,0.0,0.0,0.0,0.0,0.0,0.0,United Kingdom,581.78,1
15722,7,7,2979.26,425.60857142857145,1110,158.57142857142858,77,6,0.47037527593818984,453,75.5,62.5,-0.7095843656335002,0.0,0.0,0.0,United Kingdom,758.6700000000001,3
15727,17,11,5902.7,536.6090909090909,3702,336.54545454545456,335,10,0.6875564681724846,487,48.6,39.0,0.08771464445505525,0.0,0.0,0.0,United Kingdom,1817.69,3
15730,25,3,1033.71,344.57,636,212.0,63,3,0.4058666666666667,225,112.5,112.5,-0.25666582342524674,0.0,0.0,0.0,United Kingdom,653.45,2
15734,19,3,812.5,270.8333333333333,202,67.33333333333333,21,3,0.26241379310344826,348,173.5,173.5,-0.1590574374079528,0.0,0.0,0.0,United Kingdom,270.8,1
15737,5,4,712.73,178.1825,369,92.25,39,2,2.1361403508771932,57,28.0,28.0,-0.5022904934016978,0.0,0.0,0.0,United Kingdom,443.44,4
15738,3,35,9739.880000000001,278.28228571428576,5292,151.2,65,18,1.9512820512820515,546,18.2,15.5,-0.34593672627235217,0.0,0.0,0.0,United Kingdom,1746.26,6
15743,4,1,284.3,284.3,88,88.0,16,1,30.439999999999998,1,0.0,0.0,0.0,0.0,0.0,0.0,United Kingdom,453.41,3
15745,55,1,277.35,277.35,125,125.0,17,1,30.439999999999998,1,0.0,0.0,0.0,0.0,0.0,0.0,United Kingdom,791.74,3
15747,195,6,1388.47,231.41166666666666,780,130.0,76,6,0.5798095238095239,315,63.0,59.0,2.0495603517186245,0.0,0.0,0.0,United Kingdom,725.34,3
15748,268,2,68.55,34.275,22,11.0,15,1,60.879999999999995,1,0.0,0.0,0.0,0.0,0.0,0.0,United Kingdom,144.36,1
15750,102,13,4366.571,335.8900769230769,2863,220.23076923076923,273,8,0.8697142857142857,455,41.36363636363637,20.0,1.302329327595726,0.0,0.0,0.0,United Kingdom,1833.41,5
15752,68,5,2340.9900000000002,468.19800000000004,1607,321.4,266,5,0.7282296650717703,209,52.0,42.5,-0.49740044673804207,0.0,0.0,0.0,United Kingdom,1563.97,4
15754,66,6,2448.86,408.1433333333334,1437,239.5,89,6,0.4465525672371638,409,81.8,37.0,-0.9610531764146861,0.0,0.0,0.0,United Kingdom,366.77,2
15755,54,13,4155.73,319.67153846153843,2769,213.0,204,12,0.7898602794411178,501,41.666666666666664,41.0,-0.35210648178090526,0.0,0.0,0.0,United Kingdom,1681.02,4
15756,32,2,231.42,115.71,104,52.0,82,2,1.6454054054054055,37,36.0,36.0,0.08787441356910858,0.0,0.0,0.0,United Kingdom,283.84,2
15757,37,5,2313.2,462.64,1420,284.0,131,5,0.46121212121212124,330,82.5,58.5,-0.879448152920546,0.0,0.0,0.0,United Kingdom,439.14,1
15764,3,5,2516.46,503.29200000000003,1467,293.4,116,4,0.5176870748299319,294,98.0,92.0,0.3009527641131614,0.0,0.0,0.0,United Kingdom,1457.77,3
15766,275,2,439.5,219.75,158,79.0,14,2,0.2693805309734513,226,226.0,226.0,0.1800595238095237,0.0,0.0,0.0,United Kingdom,289.56,1
15768,23,33,11199.01,339.3639393939394,3830,116.06060606060606,416,11,1.8846529080675425,533,17.193548387096776,7.0,-0.9802961226885047,0.0,0.0,0.0,United Kingdom,129.93,1
15769,54,3,244.44,81.48,84,28.0,3,3,0.6522857142857142,140,69.5,69.5,-0.002941176470588173,0.0,0.0,0.0,United Kingdom,208.0,1
15773,228,1,138.84,138.84,99,99.0,37,1,30.439999999999998,1,0.0,0.0,0.0,0.0,0.0,0.0,United Kingdom,128.8,1
15774,237,5,899.09,179.818,369,73.8,63,5,0.6368200836820084,239,59.5,57.0,-0.19329233984406388,0.0,0.0,0.0,United Kingdom,232.8,1
15781,125,1,70.6,70.6,28,28.0,4,1,30.439999999999998,1,0.0,0.0,0.0,0.0,0.0,0.0,United Kingdom,236.61,2
15782,249,1,419.2,419.2,228,228.0,10,1,30.439999999999998,1,0.0,0.0,0.0,0.0,0.0,0.0,United Kingdom,1828.68,3
15785,16,13,3551.93,273.2253846153846,2210,170.0,77,10,0.7508918406072106,527,58.55555555555556,54.0,-0.1181329306736601,0.0,0.0,0.0,United Kingdom,619.62,3
15786,237,2,3142.56,1571.28,2035,1017.5,150,2,0.5115966386554622,119,119.0,119.0,0.04974072986987574,0.0,0.0,0.0,United Kingdom,4501.75,3
15791,23,4,3046.99,761.7475,1555,388.75,110,4,0.2779908675799087,438,145.66666666666666,61.0,-0.3996649106866179,0.0,0.0,0.0,United Kingdom,389.45000000000005,1
15793,88,6,436.2,72.7,148,24.666666666666668,6,6,0.38859574468085106,470,94.0,110.0,-0.15247776365946644,0.0,0.0,0.0,United Kingdom,351.2,2
15795,249,7,1355.94,193.7057142857143,782,111.71428571428571,73,5,0.8163984674329503,261,52.0,27.0,-0.6253370911818974,0.0,0.0,0.0,United Kingdom,559.16,1
15796,7,13,3197.4900000000002,245.96076923076924,1250,96.15384615384616,123,10,0.9181438515081206,431,35.916666666666664,28.5,0.0421198515746245,0.0,0.0,0.0,United Kingdom,1385.14,4
15799,4,3,988.9399999999999,329.64666666666665,823,274.3333333333333,88,3,0.3902564102564103,234,116.5,116.5,-0.811255889989422,0.0,0.0,0.0,United Kingdom,402.90000000000003,1
15800,65,6,578.58,96.43,337,56.166666666666664,105,3,0.49096774193548387,372,186.0,186.0,-0.39095611546804615,0.0,0.0,0.0,United Kingdom,452.39,1
15803,264,3,1513.84,504.6133333333333,740,246.66666666666666,42,2,0.39532467532467536,231,115.5,115.5,0.5071878105332892,0.0,0.0,0.0,United Kingdom,154.86,1
15804,18,1,473.19,473.19,263,263.0,30,1,30.439999999999998,1,0.0,0.0,0.0,0.0,0.0,0.0,United Kingdom,3254.01,12
15805,4,20,6851.4800000000005,342.574,4052,202.6,241,13,1.1191176470588236,544,38.857142857142854,32.0,0.6470937077951312,0.0,0.0,0.0,United Kingdom,2757.36,10
15806,96,1,286.44,286.44,226,226.0,15,1,30.439999999999998,1,0.0,0.0,0.0,0.0,0.0,0.0,United Kingdom,456.38,2
15807,227,2,757.08,378.54,476,238.0,36,2,0.235968992248062,258,258.0,258.0,1.085085574572127,0.0,0.0,0.0,United Kingdom,903.9,3
15809,3,6,689.48,114.91333333333334,453,75.5,41,6,0.5188636363636364,352,70.2,52.0,0.14297258656057682,0.0,0.0,0.0,United Kingdom,116.56,1
15810,51,6,2393.38,398.8966666666667,1318,219.66666666666666,72,6,0.4132126696832579,442,88.2,78.0,0.45355628827131433,0.0,0.0,0.0,United Kingdom,520.91,2
15811,24,5,2354.02,470.804,1121,224.2,155,4,0.8316939890710383,183,45.75,41.5,-0.7453151787546418,0.0,0.0,0.0,United Kingdom,860.84,2
15812,8,10,1710.68,171.068,838,83.8,74,10,0.567910447761194,536,59.44444444444444,49.0,-0.5156706678186063,0.0,0.0,0.0,United Kingdom,281.52,2
15814,212,2,500.89,250.445,311,155.5,21,2,0.2885308056872038,211,210.0,210.0,0.1990078145579068,0.0,0.0,0.0,United Kingdom,1530.98,4
15815,65,2,665.0,332.5,272,136.0,9,2,4.058666666666667,15,14.0,14.0,0.20198675496688742,0.0,0.0,0.0,United Kingdom,602.24,2
15819,18,8,3106.38,388.2975,2303,287.875,160,6,0.5624018475750577,433,86.4,77.0,-0.24624207082131433,0.0,0.0,0.0,United Kingdom,728.3100000000001,2
15822,178,5,1267.29,253.458,613,122.6,33,5,0.40695187165775404,374,93.5,96.0,0.09875252379578882,0.0,0.0,0.0,United Kingdom,445.27,1
15826,30,2,1384.22,692.11,864,432.0,57,2,0.1700558659217877,358,358.0,358.0,-0.10515796966544375,0.0,0.0,0.0,United Kingdom,858.8100000000001,2
15827,2,24,2525.4700000000003,105.22791666666667,1269,52.875,92,15,1.4103474903474904,518,28.72222222222222,24.5,-0.06061280909230521,0.0,0.0,0.0,United Kingdom,682.42,4
15831,143,1,248.98,248.98,212,212.0,15,1,30.439999999999998,1,0.0,0.0,0.0,0.0,0.0,0.0,United Kingdom,319.5,2
15834,96,4,2349.26,587.315,1241,310.25,232,3,0.8227027027027027,148,73.5,73.5,-0.4032651618647581,0.0,0.0,0.0,United Kingdom,887.46,2
15835,79,2,437.46,218.73,240,120.0,24,2,0.8574647887323944,71,70.0,70.0,-0.2519779429393431,0.0,0.0,0.0,United Kingdom,420.93,2
15837,305,1,372.28000000000003,372.28000000000003,215,215.0,27,1,30.439999999999998,1,0.0,0.0,0.0,0.0,0.0,0.0,United Kingdom,379.48,1
15838,68,2,241.2,120.6,72,36.0,2,2,2.3415384615384616,26,25.0,25.0,-0.009900990099009807,0.0,0.0,0.0,United Kingdom,856.6800000000001,6
15841,37,7,1294.61,184.9442857142857,871,124.42857142857143,38,6,0.41617187499999997,512,85.16666666666667,67.5,0.929644715999095,0.0,0.0,0.0,United Kingdom,443.76,2
15845,30,6,2136.92,356.15333333333336,887,147.83333333333334,74,6,0.3869491525423729,472,94.4,77.0,1.562958516740029,0.0,0.0,0.0,United Kingdom,2054.59,5
15847,107,4,477.0,119.25,248,62.0,26,4,0.343954802259887,354,117.66666666666667,140.0,3.916645993549987,0.0,0.0,0.0,United Kingdom,193.64,1
15850,196,4,675.0699999999999,168.76749999999998,480,120.0,190,3,0.3478857142857143,350,116.66666666666667,148.0,4.329770276605719,0.0,0.0,0.0,United Kingdom,234.88,2
15854,23,15,3170.67,211.37800000000001,817,54.46666666666667,133,12,0.8680608365019012,526,37.5,30.0,0.6585529460100785,0.0,0.0,0.0,United Kingdom,1252.73,5
15855,3,5,764.29,152.858,513,102.6,63,5,0.5194539249146758,293,73.25,28.5,0.6391229281767956,0.0,0.0,0.0,United Kingdom,237.55,1
15856,1,34,17754.03,522.1773529411764,9081,267.0882352941176,226,18,1.8647927927927928,555,17.870967741935484,16.0,0.2230937984770579,0.0,0.0,0.0,United Kingdom,6251.26,17
15857,249,1,185.88,185.88,156,156.0,8,1,30.439999999999998,1,0.0,0.0,0.0,0.0,0.0,0.0,United Kingdom,256.2,1
15858,108,10,2458.57,245.85700000000003,2058,205.8,218,8,0.6902494331065759,441,48.888888888888886,52.0,-0.17648673104594076,0.0,0.0,0.0,United Kingdom,611.35,3
15860,52,12,1624.36,135.36333333333332,701,58.416666666666664,185,7,0.7291017964071858,501,45.54545454545455,24.0,1.0149414406889767,0.0,0.0,0.0,United Kingdom,528.95,5
15861,86,6,1796.91,299.485,1395,232.5,258,5,0.4411594202898551,414,103.25,101.0,0.1812719260976707,0.0,0.0,0.0,United Kingdom,2235.44,5
15862,23,11,1917.19,174.29,1165,105.9090909090909,357,7,0.6451637764932563,519,74.0,56.0,-0.5549400024119633,0.0,0.0,0.0,United Kingdom,294.02,2
15863,12,4,264.26,66.065,97,24.25,57,4,0.22930320150659134,531,176.66666666666666,69.0,-0.9639300556731749,0.0,0.0,0.0,United Kingdom,59.64,1
15864,135,2,178.7,89.35,44,22.0,6,2,0.9224242424242424,66,65.0,65.0,12.182539682539682,0.0,0.0,0.0,United Kingdom,276.1,2
15865,33,3,1440.56,480.18666666666667,841,280.3333333333333,94,3,0.18636734693877552,490,245.0,245.0,0.13847158719791,0.0,0.0,0.0,United Kingdom,372.0,2
15867,2,26,6814.23,262.0857692307692,3705,142.5,452,17,1.4575322283609577,543,22.583333333333332,20.5,-0.24444060624379277,0.0,0.0,0.0,United Kingdom,1561.47,5
15870,216,3,358.17,119.39,164,54.666666666666664,58,2,1.8264,50,50.0,50.0,-0.8052636845792055,0.0,0.0,0.0,United Kingdom,351.44,1
15872,198,2,394.05,197.025,279,139.5,69,2,0.353953488372093,172,172.0,172.0,1.3102318548387097,0.0,0.0,0.0,United Kingdom,316.25,2
15874,37,17,6595.01,387.94176470588235,2910,171.1764705882353,215,11,1.0691735537190084,484,40.333333333333336,28.0,-0.19795668544760006,0.0,0.0,0.0,United Kingdom,1270.8,2
15885,236,10,743.72,74.372,446,44.6,66,8,1.1232472324723248,271,30.11111111111111,34.0,0.2789030182319594,0.0,0.0,0.0,United Kingdom,298.35,1
15886,236,3,759.48,253.16,346,115.33333333333333,43,2,0.5017582417582418,182,182.0,182.0,0.8247108267936176,0.0,0.0,0.0,United Kingdom,172.45000000000002,1
15888,220,2,222.6,111.3,60,30.0,23,2,0.48317460317460315,126,126.0,126.0,0.7229357798165137,0.0,0.0,0.0,United Kingdom,86.14,1
15889,188,7,1178.47,168.35285714285715,662,94.57142857142857,232,5,0.5902493074792244,361,60.0,16.0,-0.3902222465064817,0.0,0.0,0.0,United Kingdom,132.1,1
15898,46,24,4178.43,174.10125000000002,1853,77.20833333333333,273,14,1.4552988047808766,502,22.818181818181817,17.0,-0.5279599798405913,0.0,0.0,0.0,United Kingdom,213.64000000000001,1
15900,233,3,508.49,169.49666666666667,392,130.66666666666666,68,2,0.6128859060402685,149,74.5,74.5,1.7328586110703272,0.0,0.0,0.0,United Kingdom,337.28,1
15901,270,3,301.19,100.39666666666666,313,104.33333333333333,47,2,0.9819354838709677,93,46.0,46.0,-0.49660577019067587,0.0,0.0,0.0,United Kingdom,328.15999999999997,3
15903,47,7,2505.92,357.98857142857145,1328,189.71428571428572,31,6,0.45529914529914534,468,77.83333333333333,57.0,11.120000000000001,0.0,0.0,0.0,United Kingdom,2150.52,5
15906,39,6,1363.06,227.17666666666665,410,68.33333333333333,78,5,0.7906493506493507,231,57.75,40.0,-0.2278359227718909,0.0,0.0,0.0,United Kingdom,812.18,4
15907,29,1,223.07,223.07,146,146.0,46,1,30.439999999999998,1,0.0,0.0,0.0,0.0,0.0,0.0,United Kingdom,631.35,2
15910,26,11,1824.14,165.8309090909091,1516,137.8181818181818,317,11,0.6961330561330561,481,48.0,42.0,0.06353013043133969,0.0,0.0,0.0,United Kingdom,665.77,4
15912,52,8,827.19,103.39875,494,61.75,74,5,0.489979879275654,497,124.0,126.0,-0.44105840447786504,0.0,0.0,0.0,United Kingdom,123.13,1
15916,11,10,2118.23,211.823,1053,105.3,170,9,0.5657992565055763,538,67.25,52.5,0.3166511729644009,0.0,0.0,0.0,United Kingdom,613.46,3
15919,188,1,188.57999999999998,188.57999999999998,173,173.0,37,1,30.439999999999998,1,0.0,0.0,0.0,0.0,0.0,0.0,United Kingdom,311.61,1
15920,243,5,348.94,69.788,137,27.4,40,4,0.5039735099337749,302,100.33333333333333,100.0,0.801830737112574,0.0,0.0,0.0,United Kingdom,163.55,3
15921,216,3,363.88,121.29333333333334,165,55.0,46,3,0.3742622950819672,244,122.0,122.0,1.6322619285286482,0.0,0.0,0.0,United Kingdom,224.96,1
15932,33,4,1141.25,285.3125,639,159.75,41,4,1.6234666666666666,75,25.0,27.0,-0.1581750399431919,0.0,0.0,0.0,United Kingdom,1029.9,4
15938,20,8,665.53,83.19125,401,50.125,24,8,0.6840449438202247,356,50.714285714285715,47.0,0.0153529358326015,0.0,0.0,0.0,United Kingdom,69.28,1
15939,46,8,2205.33,275.66625,1337,167.125,47,5,1.6454054054054055,148,21.0,19.0,-0.5881731581777676,0.0,0.0,0.0,United Kingdom,317.4,5
15948,244,1,553.85,553.85,285,285.0,35,1,30.439999999999998,1,0.0,0.0,0.0,0.0,0.0,0.0,United Kingdom,955.24,2
15950,179,7,5262.55,751.7928571428572,2299,328.42857142857144,184,6,0.6576543209876543,324,53.833333333333336,53.0,0.551279627286434,0.0,0.0,0.0,United Kingdom,1278.14,3
15951,105,2,654.62,327.31,279,139.5,33,2,0.6341666666666667,96,96.0,96.0,0.2403148528405201,0.0,0.0,0.0,United Kingdom,278.15000000000003,1
15952,44,1,219.9,219.9,122,122.0,13,1,30.439999999999998,1,0.0,0.0,0.0,0.0,0.0,0.0,United Kingdom,517.79,3
15953,31,13,1925.28,148.09846153846155,946,72.76923076923077,62,11,0.7537523809523811,525,43.75,36.5,3.181612660135644,0.0,0.0,0.0,United Kingdom,820.49,4
15955,23,11,4836.54,439.68545454545455,1998,181.63636363636363,130,9,0.7424390243902439,451,45.1,29.5,0.03629213908899145,0.0,0.0,0.0,United Kingdom,2679.14,11
15957,240,2,492.36,246.18,242,121.0,88,1,60.879999999999995,1,0.0,0.0,0.0,0.0,0.0,0.0,United Kingdom,428.89,1
15958,223,3,357.77,119.25666666666666,121,40.333333333333336,45,3,0.617027027027027,148,73.5,73.5,3.5857923497267774,0.0,0.0,0.0,United Kingdom,104.35,1
15965,186,10,1914.61,191.46099999999998,886,88.6,142,8,0.8227027027027027,370,46.125,50.5,0.8268271076332498,0.0,0.0,0.0,United Kingdom,652.6800000000001,3
15967,138,11,2544.27,231.2972727272727,1025,93.18181818181819,282,9,0.7972380952380953,420,46.666666666666664,41.0,0.7483931599926548,0.0,0.0,0.0,United Kingdom,223.28,1
15969,5,3,562.25,187.41666666666666,131,43.666666666666664,21,3,0.2709792284866469,337,168.5,168.5,-0.20568054890697304,0.0,0.0,0.0,United Kingdom,214.4,2
15971,61,4,245.10000000000002,61.275000000000006,88,22.0,6,4,0.25261410788381744,482,160.66666666666666,115.0,2.126262626262626,0.0,0.0,0.0,United Kingdom,708.4000000000001,5
15974,3,4,1840.73,460.1825,1060,265.0,83,4,1.1596190476190478,105,34.666666666666664,27.0,0.3623634800241275,0.0,0.0,0.0,United Kingdom,1303.98,3
15976,39,5,1383.91,276.78200000000004,725,145.0,237,5,0.45843373493975903,332,82.75,56.5,-0.8211206896551724,0.0,0.0,0.0,United Kingdom,217.65,1
15978,251,2,1639.38,819.69,906,453.0,64,2,0.28716981132075475,212,212.0,212.0,0.7831386663044955,0.0,0.0,0.0,United Kingdom,1044.06,1
15980,73,5,2356.78,471.35600000000005,1180,236.0,58,3,0.5023102310231023,303,151.0,151.0,-0.7286076495657334,0.0,0.0,0.0,United Kingdom,922.52,2
15981,30,17,6490.99,381.8229411764706,2751,161.8235294117647,107,12,1.2621463414634146,410,25.625,17.5,-0.7008333174988229,0.0,0.0,0.0,United Kingdom,1786.28,4
15983,180,7,2513.62,359.0885714285714,1464,209.14285714285714,117,3,0.571260053619303,373,62.166666666666664,6.5,0.4295808001237205,0.0,0.0,0.0,United Kingdom,326.75,1
15984,52,22,4857.46,220.79363636363635,2802,127.36363636363636,304,16,1.3260990099009902,505,29.705882352941178,31.0,-0.274528974671605,0.0,0.0,0.0,United Kingdom,1304.02,4
15985,56,6,1766.1200000000001,294.35333333333335,1176,196.0,45,5,0.5619692307692308,325,81.25,49.5,-0.6214465241893937,0.0,0.0,0.0,United Kingdom,242.84,1
15986,201,1,186.3,186.3,100,100.0,11,1,30.439999999999998,1,0.0,0.0,0.0,0.0,0.0,0.0,United Kingdom,154.2,1
15987,19,4,242.56,60.64,178,44.5,49,3,0.6764444444444445,180,60.0,20.0,-0.8806645131518228,0.0,0.0,0.0,United Kingdom,799.7900000000001,3
15988,370,2,566.86,283.43,293,146.5,91,2,0.5743396226415095,106,105.0,105.0,0.10885416666666663,0.0,0.0,0.0,United Kingdom,132.82999999999998,1
15990,106,6,1517.76,252.96,807,134.5,91,5,0.5031404958677687,363,72.4,32.0,-0.5503881728019019,0.0,0.0,0.0,United Kingdom,308.54,1
15992,215,2,854.61,427.305,497,248.5,51,2,1.0496551724137932,58,57.0,57.0,0.6644115354637569,0.0,0.0,0.0,United Kingdom,27.04,1
15994,231,2,761.4100000000001,380.70500000000004,289,144.5,69,2,0.2705777777777778,225,224.0,224.0,-0.049966705936587585,0.0,0.0,0.0,United Kingdom,397.32,1
15996,83,4,899.85,224.9625,445,111.25,101,4,0.9086567164179105,134,44.666666666666664,31.0,-0.4665916875415368,0.0,0.0,0.0,United Kingdom,383.46000000000004,3
15998,82,13,6674.19,513.3992307692307,4398,338.3076923076923,589,11,0.8296016771488469,477,43.27272727272727,37.0,-0.1560362261982385,0.0,0.0,0.0,United Kingdom,1262.35,3
16003,179,6,2992.71,498.785,1172,195.33333333333334,94,5,0.4844562334217507,377,94.25,67.0,1.528223809860649,0.0,0.0,0.0,United Kingdom,1554.3700000000001,4
16005,2,8,2049.02,256.1275,1103,137.875,230,5,0.9086567164179105,268,38.285714285714285,20.0,-0.844717835375308,0.0,0.0,0.0,United Kingdom,303.3,2
16007,0,5,2013.42,402.684,1630,326.0,266,5,0.4192837465564739,363,90.75,80.0,-0.465872205543957,0.0,0.0,0.0,United Kingdom,952.22,2
16008,24,13,4528.14,348.3184615384616,2413,185.6153846153846,56,8,0.9289201877934273,426,35.5,17.5,-0.3316246453508259,0.0,0.0,0.0,United Kingdom,320.91,2
16011,3,20,3279.21,163.9605,1891,94.55,152,14,1.096936936936937,555,29.157894736842106,22.0,0.5254414811277885,0.0,0.0,0.0,United Kingdom,2088.42,9
16012,220,2,1510.1000000000001,755.0500000000001,957,478.5,135,2,0.471937984496124,129,128.0,128.0,-0.3623784065153503,0.0,0.0,0.0,United Kingdom,1120.17,3
16013,3,9,1715.6499999999999,190.62777777777777,425,47.22222222222222,20,8,0.4999270072992701,548,78.14285714285714,85.0,0.6990482183591599,0.0,0.0,0.0,United Kingdom,1946.58,9
16014,110,3,707.08,235.69333333333336,306,102.0,168,3,0.23596899224806203,387,193.0,193.0,0.8635995464117935,0.0,0.0,0.0,United Kingdom,378.20000000000005,2
16016,15,7,1260.51,180.07285714285715,524,74.85714285714286,123,4,1.0293719806763286,207,41.2,15.0,-0.48580111957331285,0.0,0.0,0.0,United Kingdom,627.79,4
16017,236,4,1208.45,302.1125,526,131.5,79,3,0.4242508710801394,287,95.33333333333333,60.0,-0.5647862232779098,0.0,0.0,0.0,United Kingdom,191.93,1
16018,215,2,157.23,78.615,141,70.5,24,2,0.18065281899109795,337,336.0,336.0,-0.14543524416135878,0.0,0.0,0.0,United Kingdom,408.90000000000003,2
16019,51,24,12156.2,506.5083333333334,3420,142.5,177,13,1.4788663967611337,494,25.94736842105263,21.0,1.568400136171221,0.0,0.0,0.0,United Kingdom,1245.74,3
16023,11,2,472.99,236.495,225,112.5,57,2,0.8117333333333333,75,74.0,74.0,0.6596378767431398,0.0,0.0,0.0,United Kingdom,219.12,1
16024,231,2,60.46,30.23,57,28.5,20,1,60.879999999999995,1,0.0,0.0,0.0,0.0,0.0,0.0,United Kingdom,239.99,1
16027,38,6,536.95,89.49166666666667,227,37.833333333333336,8,4,0.37892116182572616,482,96.4,19.0,-0.9243790064102564,0.0,0.0,0.0,United Kingdom,86.2,2
16029,6,34,6854.63,201.60676470588237,1005,29.558823529411764,7,17,1.9024999999999999,544,17.0,14.0,-0.5606415473873404,0.0,0.0,0.0,United Kingdom,1404.5,13
16031,66,1,265.68,265.68,218,218.0,38,1,30.439999999999998,1,0.0,0.0,0.0,0.0,0.0,0.0,United Kingdom,242.27,1
16033,20,18,4835.31,268.62833333333333,1747,97.05555555555556,320,9,1.9225263157894739,285,19.0,13.0,0.4909127437950114,0.0,0.0,0.0,United Kingdom,5264.75,9
16036,82,3,1897.4,632.4666666666667,773,257.6666666666667,86,3,0.2557983193277311,357,178.5,178.5,0.23570721591176866,0.0,0.0,0.0,United Kingdom,539.95,1
16038,21,1,316.95,316.95,187,187.0,19,1,30.439999999999998,1,0.0,0.0,0.0,0.0,0.0,0.0,United Kingdom,154.83,2
16040,88,5,1387.52,277.504,732,146.4,64,5,0.44633431085043995,341,85.25,77.0,-0.13166363697569491,0.0,0.0,0.0,United Kingdom,819.96,2
16042,151,4,1035.53,258.8825,595,148.75,47,3,0.9980327868852459,122,60.5,60.5,-0.958680423297948,0.0,0.0,0.0,United Kingdom,1101.67,4
16043,30,6,1495.3400000000001,249.22333333333336,662,110.33333333333333,43,6,0.6739483394833948,271,54.0,65.0,-0.4595240548058103,0.0,0.0,0.0,United Kingdom,97.5,1
16045,65,6,2229.4900000000002,371.5816666666667,1295,215.83333333333334,96,4,0.7218972332015811,253,63.25,62.5,-0.43395099884802335,0.0,0.0,0.0,United Kingdom,479.45,2
16049,194,3,681.44,227.14666666666668,363,121.0,171,2,0.6430985915492957,142,70.5,70.5,0.9674272774777912,0.0,0.0,0.0,United Kingdom,1032.41,3
16050,202,2,162.8,81.4,110,55.0,9,1,3.382222222222222,18,18.0,18.0,0.0,0.0,0.0,0.0,United Kingdom,115.34,1
16053,233,4,1911.16,477.79,975,243.75,95,3,0.614949494949495,198,98.5,98.5,1.1477040648264052,0.0,0.0,0.0,United Kingdom,1152.5,2
16054,238,3,718.73,239.57666666666668,337,112.33333333333333,42,3,0.4588944723618091,199,99.5,99.5,-0.010584352865421746,0.0,0.0,0.0,United Kingdom,752.0,1
16057,30,6,2606.42,434.40333333333336,1202,200.33333333333334,126,5,0.37273469387755104,490,122.5,104.5,-0.33117560810075364,0.0,0.0,0.0,United Kingdom,1138.13,4
16059,74,9,2163.26,240.36222222222224,1052,116.88888888888889,188,8,0.8697142857142858,315,39.375,35.0,-0.03014115399582549,0.0,0.0,0.0,United Kingdom,812.16,3
16062,60,6,1978.29,329.715,1500,250.0,110,5,0.617027027027027,296,73.75,78.5,-0.7633617493079573,0.0,0.0,0.0,United Kingdom,493.04,2
16071,346,3,750.5600000000001,250.1866666666667,517,172.33333333333334,47,3,0.7134375,128,64.0,64.0,-0.6742970185106685,0.0,0.0,0.0,United Kingdom,326.24,1
16076,28,1,305.45000000000005,305.45000000000005,137,137.0,16,1,30.439999999999998,1,0.0,0.0,0.0,0.0,0.0,0.0,United Kingdom,1816.0,8
16080,93,3,515.66,171.88666666666666,236,78.66666666666667,24,3,0.5159322033898305,177,88.0,88.0,-0.6620134924753504,0.0,0.0,0.0,United Kingdom,86.9,1
16081,4,6,2362.06,393.6766666666667,1173,195.5,151,6,0.37273469387755104,490,97.8,100.0,6.93399901660426,0.0,0.0,0.0,United Kingdom,1756.05,2
16083,180,3,1155.18,385.06,850,283.3333333333333,50,2,3.2614285714285716,28,14.0,14.0,-0.607881417208966,0.0,0.0,0.0,United Kingdom,549.56,1
16085,56,9,1516.3700000000001,168.48555555555558,758,84.22222222222223,189,8,0.6061061946902655,452,56.5,58.0,-0.3374958886087052,0.0,0.0,0.0,United Kingdom,628.63,3
16086,19,8,2060.07,257.50875,1088,136.0,59,8,0.452639405204461,538,76.71428571428571,79.0,0.2507538676689101,0.0,0.0,0.0,United Kingdom,534.33,2
16091,18,1,157.25,157.25,83,83.0,10,1,30.439999999999998,1,0.0,0.0,0.0,0.0,0.0,0.0,United Kingdom,157.81,1
16092,16,5,1244.71,248.942,859,171.8,53,4,0.39842931937172776,382,127.33333333333333,75.0,-0.16001951277199625,0.0,0.0,0.0,United Kingdom,224.13,1
16094,38,8,2451.83,306.47875,1281,160.125,79,7,0.635822454308094,383,54.714285714285715,32.0,-0.28528967465801325,0.0,0.0,0.0,United Kingdom,734.68,3
16098,4,11,1918.15,174.37727272727273,923,83.9090909090909,66,10,0.6200740740740741,540,53.9,56.0,-0.10605462193171253,0.0,0.0,0.0,United Kingdom,619.49,3
16099,45,5,1159.6,231.92,732,146.4,36,5,0.36152019002375296,421,105.25,87.5,-0.30194757651193427,0.0,0.0,0.0,United Kingdom,413.6,2
16101,254,3,1843.51,614.5033333333333,1034,344.6666666666667,90,3,0.7190551181102361,127,63.5,63.5,0.3863898201965023,0.0,0.0,0.0,United Kingdom,1278.2,1
16103,6,19,5241.2,275.85263157894735,2140,112.63157894736842,100,12,1.1252140077821013,514,30.235294117647058,18.0,-0.5522186864668965,0.0,0.0,0.0,United Kingdom,594.14,3
16104,238,8,2328.7400000000002,291.09250000000003,820,102.5,157,6,0.7730793650793651,315,52.5,52.5,-0.6768447547997432,0.0,0.0,0.0,United Kingdom,247.36,1
16107,2,1,393.1,393.1,90,90.0,9,1,30.439999999999998,1,0.0,0.0,0.0,0.0,0.0,0.0,United Kingdom,659.2,5
16108,253,3,1326.47,442.1566666666667,853,284.3333333333333,75,3,0.46121212121212124,198,98.5,98.5,-0.3294670293687974,0.0,0.0,0.0,United Kingdom,828.58,1
16110,81,3,1069.67,356.5566666666667,497,165.66666666666666,230,3,0.3498850574712644,261,130.0,130.0,0.6461260637245202,0.0,0.0,0.0,United Kingdom,630.02,1
16112,152,1,64.14,64.14,150,150.0,8,1,30.439999999999998,1,0.0,0.0,0.0,0.0,0.0,0.0,United Kingdom,36.56,1
16115,32,7,1378.22,196.88857142857142,861,123.0,158,7,0.5869972451790634,363,60.333333333333336,52.0,-0.22469105554109292,0.0,0.0,0.0,United Kingdom,1154.58,5
16119,213,5,833.89,166.778,447,89.4,28,5,0.46121212121212124,330,82.25,85.0,1.0329890157852626,0.0,0.0,0.0,United Kingdom,423.36,2
16120,241,2,842.43,421.215,758,379.0,51,1,60.879999999999995,1,0.0,0.0,0.0,0.0,0.0,0.0,United Kingdom,770.5,4
16121,35,4,881.32,220.33,442,110.5,159,3,0.3468945868945869,351,175.0,175.0,0.8927649434037203,0.0,0.0,0.0,United Kingdom,555.97,1
16122,152,4,389.04,97.26,374,93.5,17,4,1.309247311827957,93,31.0,34.0,-0.1579545454545454,0.0,0.0,0.0,United Kingdom,242.82,2
16126,3,13,8448.05,649.8499999999999,3215,247.30769230769232,122,12,0.7142960288808665,554,46.083333333333336,45.0,0.3470782549265291,0.0,0.0,0.0,United Kingdom,4121.33,2
16127,546,1,132.31,132.31,67,67.0,34,1,30.439999999999998,1,0.0,0.0,0.0,0.0,0.0,0.0,United Kingdom,656.25,1
16128,102,6,1858.95,309.825,1097,182.83333333333334,97,4,0.8339726027397261,219,54.5,50.0,-0.69176642602577,0.0,0.0,0.0,United Kingdom,1491.92,4
16131,26,7,5890.11,841.4442857142857,2595,370.7142857142857,102,6,0.40128060263653487,531,106.0,136.0,0.03290202561615784,0.0,0.0,0.0,United Kingdom,1299.1399999999999,4
16133,5,34,7300.900000000001,214.7323529411765,2747,80.79411764705883,137,14,2.3902078521939956,433,14.433333333333334,10.0,0.17466028844950932,0.0,0.0,0.0,United Kingdom,4613.31,20
16134,178,4,1718.6200000000001,429.65500000000003,1168,292.0,70,4,0.669010989010989,182,60.333333333333336,64.0,-0.3228075775619697,0.0,0.0,0.0,United Kingdom,334.56,1
16136,97,2,256.8,128.4,132,66.0,14,2,0.15772020725388602,386,386.0,386.0,0.6338461538461541,0.0,0.0,0.0,United Kingdom,519.84,2
16139,26,3,595.38,198.46,308,102.66666666666667,28,2,0.17230188679245284,530,265.0,265.0,-0.6931384169629923,0.0,0.0,0.0,United Kingdom,495.61,2
16140,190,2,696.46,348.23,394,197.0,30,2,0.8574647887323944,71,70.0,70.0,-0.7830933743360359,0.0,0.0,0.0,United Kingdom,418.16,1
16141,236,1,252.79000000000002,252.79000000000002,167,167.0,16,1,30.439999999999998,1,0.0,0.0,0.0,0.0,0.0,0.0,United Kingdom,586.5,1
16143,32,10,3224.81,322.481,1464,146.4,89,9,0.5887814313346229,517,57.44444444444444,61.0,0.31403066899159704,0.0,0.0,0.0,United Kingdom,850.77,2
16145,45,12,3856.86,321.40500000000003,2663,221.91666666666666,137,10,1.0174930362116992,359,32.54545454545455,29.0,-0.3884290268799906,0.0,0.0,0.0,United Kingdom,2350.61,7
16147,219,4,1920.74,480.185,1094,273.5,97,4,0.44600732600732607,273,90.66666666666667,102.0,-0.2267909896602659,0.0,0.0,0.0,United Kingdom,310.08,1
16149,248,1,105.22,105.22,146,146.0,10,1,30.439999999999998,1,0.0,0.0,0.0,0.0,0.0,0.0,United Kingdom,251.24,2
16150,89,7,2640.03,377.1471428571429,1371,195.85714285714286,105,7,0.47141592920353986,452,75.33333333333333,83.0,0.256918144902757,0.0,0.0,0.0,United Kingdom,1088.54,3
16153,5,9,3095.61,343.9566666666667,1823,202.55555555555554,118,7,0.7266843501326261,377,47.125,36.5,-0.7309589108484706,0.0,0.0,0.0,United Kingdom,971.49,2
16156,25,14,3849.54,274.96714285714285,2057,146.92857142857142,132,11,0.8025612052730697,531,48.27272727272727,45.0,0.053361781570876204,0.0,0.0,0.0,United Kingdom,1997.67,6
16161,17,34,8976.9,264.02647058823527,4726,139.0,337,15,2.19271186440678,472,14.71875,10.0,0.23395439467050233,0.0,0.0,0.0,United Kingdom,2940.66,9
16168,5,49,5247.91,107.10020408163265,2217,45.244897959183675,101,17,2.7070054446460983,551,13.75,9.0,-0.6064143996969481,0.0,0.0,0.0,United Kingdom,1215.61,14
16170,2,17,5643.73,331.9841176470588,3953,232.52941176470588,210,11,1.0871428571428572,476,29.75,16.0,-0.7246586084012953,0.0,0.0,0.0,United Kingdom,758.51,3
16172,61,4,915.88,228.97,716,179.0,52,3,0.4476470588235294,272,90.66666666666667,35.0,-0.7217306350314027,0.0,0.0,0.0,United Kingdom,915.33,4
16174,311,4,1237.2,309.3,780,195.0,15,4,1.0871428571428572,112,37.333333333333336,44.0,-0.2707728065078442,0.0,0.0,0.0,United Kingdom,539.2,3
16175,24,5,1225.38,245.07600000000002,616,123.2,43,5,0.4239554317548747,359,89.75,46.0,-0.4660699755899105,0.0,0.0,0.0,United Kingdom,530.16,2
16177,256,7,1741.56,248.7942857142857,914,130.57142857142858,62,4,1.0098578199052133,211,42.2,37.0,0.7325875135330203,0.0,0.0,0.0,United Kingdom,331.95,1
16178,220,1,389.2,389.2,208,208.0,16,1,30.439999999999998,1,0.0,0.0,0.0,0.0,0.0,0.0,United Kingdom,150.1,1
16180,30,9,4173.83,463.75888888888886,2727,303.0,146,5,0.8455555555555556,324,54.0,21.5,-0.5662607560586023,0.0,0.0,0.0,United Kingdom,1550.75,4
16182,410,1,40.08,40.08,48,48.0,2,1,30.439999999999998,1,0.0,0.0,0.0,0.0,0.0,0.0,United Kingdom,102.64999999999999,1
16183,214,3,739.1,246.36666666666667,238,79.33333333333333,17,2,7.024615384615385,13,6.5,6.5,-0.37238493723849375,0.0,0.0,0.0,United Kingdom,338.71000000000004,1
16184,1,2,447.89,223.945,165,82.5,13,2,2.0293333333333337,30,29.0,29.0,1.021791930913507,0.0,0.0,0.0,United Kingdom,710.9,4
16185,52,2,450.31,225.155,214,107.0,28,2,0.18282282282282283,333,332.0,332.0,1.905212037117336,0.0,0.0,0.0,United Kingdom,194.41,1
16186,8,19,5855.08,308.1621052631579,4565,240.26315789473685,135,14,1.0670848708487086,542,33.8125,22.0,-0.4556889001547107,0.0,0.0,0.0,United Kingdom,2511.69,7
16187,22,7,2235.19,319.3128571428571,1342,191.71428571428572,84,3,2.5985365853658537,82,27.0,22.0,1.734653299916458,0.0,0.0,0.0,United Kingdom,3819.85,8
16188,46,3,646.07,215.35666666666668,493,164.33333333333334,45,2,0.5017582417582418,182,91.0,91.0,4.106521739130434,0.0,0.0,0.0,United Kingdom,401.14,2
16190,214,7,2077.15,296.7357142857143,955,136.42857142857142,80,7,0.6437462235649547,331,55.166666666666664,41.0,0.35464490166071516,0.0,0.0,0.0,United Kingdom,94.99000000000001,1
16191,82,17,5191.07,305.35705882352937,1726,101.52941176470588,54,8,1.1104721030042919,466,42.36363636363637,20.0,3.414753465666691,0.0,0.0,0.0,United Kingdom,1370.32,4
16198,256,1,629.36,629.36,255,255.0,18,1,30.439999999999998,1,0.0,0.0,0.0,0.0,0.0,0.0,United Kingdom,400.68100000000004,1
16200,202,10,4185.5,418.55,2185,218.5,238,6,0.8574647887323944,355,59.166666666666664,57.0,-0.4993259426047298,0.0,0.0,0.0,United Kingdom,1022.47,2
16201,235,1,223.15,223.15,133,133.0,12,1,30.439999999999998,1,0.0,0.0,0.0,0.0,0.0,0.0,United Kingdom,1794.0,4
16203,46,4,627.79,156.9475,414,103.5,45,4,0.43798561151079135,278,92.33333333333333,111.0,0.028466186306504025,0.0,0.0,0.0,United Kingdom,274.6,2
16204,199,2,509.33,254.665,333,166.5,46,2,0.17344729344729345,351,351.0,351.0,0.7081937576434306,0.0,0.0,0.0,United Kingdom,384.18,1
16205,216,3,790.26,263.42,526,175.33333333333334,86,3,0.6212244897959184,147,73.0,73.0,2.338274044795784,0.0,0.0,0.0,United Kingdom,720.79,4
16206,28,11,2169.96,197.26909090909092,1248,113.45454545454545,165,8,0.7034453781512605,476,52.888888888888886,48.0,-0.22008170417384038,0.0,0.0,0.0,United Kingdom,248.31,2
16208,108,9,2896.68,321.8533333333333,1375,152.77777777777777,155,9,0.7526373626373627,364,45.5,36.5,-0.08760932509477351,0.0,0.0,0.0,United Kingdom,166.67,1
16209,6,4,796.4,199.1,368,92.0,37,4,0.33822222222222226,360,120.0,136.0,0.09303547963206306,0.0,0.0,0.0,United Kingdom,348.28,2
16210,32,22,5348.0199999999995,243.09181818181816,1476,67.0909090909091,94,10,1.2755809523809525,525,27.57894736842105,16.0,-0.09254067780892673,0.0,0.0,0.0,United Kingdom,868.97,8
16211,257,1,243.57,243.57,125,125.0,12,1,30.439999999999998,1,0.0,0.0,0.0,0.0,0.0,0.0,United Kingdom,534.27,1
16212,102,3,1063.32,354.44,426,142.0,58,3,0.23596899224806203,387,193.5,193.5,-0.16706888230021383,0.0,0.0,0.0,United Kingdom,192.19,1
16214,72,3,1320.67,440.22333333333336,758,252.66666666666666,70,3,0.49901639344262294,183,91.5,91.5,-0.41380014412683164,0.0,0.0,0.0,United Kingdom,313.08000000000004,1
16218,26,9,2025.93,225.10333333333335,1493,165.88888888888889,67,6,0.771718309859155,355,44.375,27.0,1.3303629032258064,0.0,0.0,0.0,United Kingdom,1095.92,3
16221,95,8,1306.22,163.2775,741,92.625,114,6,1.1541232227488152,211,30.142857142857142,21.0,-0.7913539922089698,0.0,0.0,0.0,United Kingdom,525.81,1
16224,59,3,766.6,255.53333333333333,697,232.33333333333334,57,2,0.617027027027027,148,73.5,73.5,1.0794568972443155,0.0,0.0,0.0,United Kingdom,696.34,2
16225,96,12,2154.1,179.50833333333333,986,82.16666666666667,147,8,0.9271065989847717,394,43.666666666666664,35.0,-0.5054879487143907,0.0,0.0,0.0,United Kingdom,679.71,3
16229,32,5,2215.46,443.092,1066,213.2,120,5,0.4323863636363636,352,88.0,81.5,-0.6708809585063766,0.0,0.0,0.0,United Kingdom,577.4,1
16232,34,5,1703.36,340.67199999999997,1074,214.8,58,4,0.4529761904761905,336,111.66666666666667,66.0,-0.7258787185183522,0.0,0.0,0.0,United Kingdom,474.41,2
16233,149,8,1399.28,174.91,578,72.25,33,8,0.5968627450980393,408,58.285714285714285,50.0,0.0621619630093582,0.0,0.0,0.0,United Kingdom,210.18,1
16235,6,7,1587.49,226.78428571428572,689,98.42857142857143,67,7,0.7502816901408451,284,47.333333333333336,40.5,-0.46028424176167426,0.0,0.0,0.0,United Kingdom,152.12,1
16239,9,5,1070.1,214.01999999999998,498,99.6,19,4,0.5554744525547445,274,68.5,39.5,-0.6160113812726333,0.0,0.0,0.0,United Kingdom,66.3,1
16241,32,7,2060.41,294.3442857142857,1164,166.28571428571428,311,6,1.076161616161616,198,33.0,24.0,-0.7649125120636843,0.0,0.0,0.0,United Kingdom,1741.59,9
16242,33,9,4125.2,458.35555555555555,1979,219.88888888888889,257,8,0.6522857142857144,420,60.0,63.0,-0.4767321613236814,0.0,0.0,0.0,United Kingdom,3147.33,5
16245,76,1,415.73,415.73,255,255.0,28,1,30.439999999999998,1,0.0,0.0,0.0,0.0,0.0,0.0,United Kingdom,886.77,2
16249,20,2,768.9300000000001,384.46500000000003,367,183.5,22,2,1.5610256410256411,39,38.0,38.0,-0.6347850789198018,0.0,0.0,0.0,United Kingdom,743.54,3
16253,74,6,4640.48,773.4133333333333,3474,579.0,159,5,0.3836974789915967,476,95.2,112.0,0.33448033001308,0.0,0.0,0.0,United Kingdom,1582.78,1
16255,65,11,2694.2,244.9272727272727,1524,138.54545454545453,154,11,0.7627334851936218,439,43.8,43.0,0.28872880492031655,0.0,0.0,0.0,United Kingdom,1477.6,4
16258,38,11,6749.83,613.6209090909091,3110,282.72727272727275,188,8,0.7953444180522565,421,52.5,51.0,-0.5258296870847454,0.0,0.0,0.0,United Kingdom,2717.25,4
16261,65,3,534.24,178.08,288,96.0,81,3,0.46355329949238583,197,98.0,98.0,-0.29108822212270485,0.0,0.0,0.0,United Kingdom,476.02,3
16265,80,8,3755.41,469.42625,1857,232.125,139,5,1.6565986394557823,147,24.5,17.5,-0.08989969889322928,0.0,0.0,0.0,United Kingdom,2030.01,4
16266,19,10,1009.6,100.96000000000001,525,52.5,52,6,0.6435517970401692,473,67.57142857142857,61.0,-0.22131393033949368,0.0,0.0,0.0,United Kingdom,464.55,4
16271,177,5,2076.78,415.35600000000005,1412,282.4,120,5,0.5340350877192983,285,71.0,67.5,-0.5080496267932958,0.0,0.0,0.0,United Kingdom,1247.3,3
16276,298,2,407.48,203.74,198,99.0,12,2,0.471937984496124,129,128.0,128.0,-0.46396260554885405,0.0,0.0,0.0,United Kingdom,177.0,1
16278,299,2,500.46,250.23,224,112.0,27,2,3.2042105263157894,19,19.0,19.0,0.02165219147646934,0.0,0.0,0.0,United Kingdom,333.63,1
16279,205,6,4077.78,679.63,2489,414.8333333333333,161,6,0.8655924170616114,211,42.2,42.0,0.06224492376160009,0.0,0.0,0.0,United Kingdom,1458.6200000000001,3
16281,243,2,964.52,482.26,396,198.0,18,2,0.23505791505791507,259,259.0,259.0,0.5112476567381796,0.0,0.0,0.0,United Kingdom,489.58000000000004,1
16283,27,4,3044.57,761.1425,1790,447.5,311,4,0.2760997732426304,441,147.0,122.0,0.09036169394705035,0.0,0.0,0.0,United Kingdom,1221.73,4
16284,212,1,205.8,205.8,139,139.0,30,1,30.439999999999998,1,0.0,0.0,0.0,0.0,0.0,0.0,United Kingdom,784.84,2
16287,195,4,501.48,125.37,252,63.0,13,4,0.3877707006369427,314,104.33333333333333,60.0,1.3701612903225804,0.0,0.0,0.0,United Kingdom,125.22000000000001,1
16292,199,4,816.6,204.15,392,98.0,35,4,0.5435714285714286,224,74.66666666666667,80.0,-0.18855368234250222,0.0,0.0,0.0,United Kingdom,302.25,1
16293,27,9,2921.85,324.65,1302,144.66666666666666,119,7,0.5248275862068966,522,86.83333333333333,80.0,3.345890661592506,0.0,0.0,0.0,United Kingdom,1027.1000000000001,6
16298,6,4,512.55,128.1375,153,38.25,19,4,0.47562499999999996,256,85.33333333333333,26.0,-0.7129943502824858,0.0,0.0,0.0,United Kingdom,433.90000000000003,2
16303,152,5,3394.82,678.964,1618,323.6,82,5,0.5090301003344482,299,74.5,61.0,0.7637461940505074,0.0,0.0,0.0,United Kingdom,3679.95,2
16309,60,1,334.2,334.2,304,304.0,21,1,30.439999999999998,1,0.0,0.0,0.0,0.0,0.0,0.0,United Kingdom,372.37,1
16316,26,10,3582.41,358.241,2303,230.3,160,7,1.0606271777003484,287,35.875,27.0,-0.652808959186513,0.0,0.0,0.0,United Kingdom,982.2,3
16317,116,3,1302.67,434.22333333333336,719,239.66666666666666,66,3,0.31708333333333333,288,143.5,143.5,-0.3361178168627302,0.0,0.0,0.0,United Kingdom,655.27,2
16320,32,5,5201.18,1040.236,2824,564.8,175,4,0.32452025586353944,469,117.0,113.5,-0.7327219911917618,0.0,0.0,0.0,Other,185.78,1
16321,124,5,454.55,90.91,187,37.4,14,4,0.35069124423963133,434,144.33333333333334,112.0,-0.031398873971416275,0.0,0.0,0.0,Australia,150.0,2
16325,65,10,2846.47,284.647,1681,168.1,88,7,0.6212244897959184,490,54.44444444444444,26.0,0.33748306302607267,0.0,0.0,0.0,United Kingdom,403.42,2
16326,34,13,1977.11,152.0853846153846,496,38.15384615384615,147,9,0.8491845493562232,466,38.833333333333336,31.0,-0.4841368417824393,0.0,0.0,0.0,United Kingdom,2449.94,11
16327,18,14,8257.65,589.8321428571428,5125,366.07142857142856,264,13,0.80865275142315,527,40.46153846153846,39.0,-0.1851837200255817,0.0,0.0,0.0,United Kingdom,1144.17,2
16330,243,4,373.46999999999997,93.36749999999999,179,44.75,71,3,0.5094560669456067,239,119.0,119.0,5.261714952362435,0.0,0.0,0.0,United Kingdom,139.41,3
16332,124,5,498.17,99.634,315,63.0,45,4,0.5340350877192983,285,71.0,77.5,0.29096343987123485,0.0,0.0,0.0,United Kingdom,1460.5,6
16340,258,2,944.98,472.49,832,416.0,169,2,0.5435714285714286,112,112.0,112.0,0.5816304229046007,0.0,0.0,0.0,United Kingdom,465.44,1
16341,20,4,2035.43,508.8575,1524,381.0,76,3,0.29770171149144253,409,136.0,166.0,-0.630796862597371,0.0,0.0,0.0,United Kingdom,1080.14,3
16343,226,1,231.84,231.84,118,118.0,25,1,30.439999999999998,1,0.0,0.0,0.0,0.0,0.0,0.0,United Kingdom,328.58,2
16344,329,3,741.3199999999999,247.10666666666665,688,229.33333333333334,42,3,0.5743396226415094,159,79.5,79.5,0.3403207475691377,0.0,0.0,0.0,United Kingdom,101.10000000000001,1
16345,302,1,613.33,613.33,323,323.0,68,1,30.439999999999998,1,0.0,0.0,0.0,0.0,0.0,0.0,United Kingdom,465.46000000000004,1
16347,207,9,2442.93,271.43666666666667,1188,132.0,161,7,1.09584,250,35.57142857142857,20.0,0.17445058613047076,0.0,0.0,0.0,United Kingdom,777.2900000000001,2
16348,10,4,694.8199999999999,173.70499999999998,478,119.5,107,3,0.5073333333333334,240,119.5,119.5,0.6190960835312299,0.0,0.0,0.0,United Kingdom,776.03,4
16350,153,6,1463.1200000000001,243.85333333333335,724,120.66666666666667,57,3,1.9225263157894739,95,23.75,21.5,-0.6688865234677074,0.0,0.0,0.0,United Kingdom,725.85,3
16353,37,21,3343.27,159.20333333333332,1575,75.0,62,12,1.241242718446602,515,28.61111111111111,19.0,1.1191584643373609,0.0,0.0,0.0,United Kingdom,1550.43,7
16354,199,3,674.15,224.71666666666667,345,115.0,85,3,0.4307547169811321,212,106.0,106.0,1.236748607643557,0.0,0.0,0.0,United Kingdom,395.8,2
16357,33,2,331.44,165.72,164,82.0,19,2,0.3623809523809524,168,168.0,168.0,-0.41787197479593297,0.0,0.0,0.0,United Kingdom,508.23,2
16358,3,2,1339.18,669.59,912,456.0,60,2,0.2885308056872038,211,210.0,210.0,-0.4730510928930595,0.0,0.0,0.0,United Kingdom,1565.3500000000001,3
16359,33,11,1150.59,104.5990909090909,888,80.72727272727273,64,10,0.7474107142857144,448,44.7,30.0,0.0696670444120663,0.0,0.0,0.0,United Kingdom,113.0,3
16362,257,1,212.17,212.17,127,127.0,13,1,30.439999999999998,1,0.0,0.0,0.0,0.0,0.0,0.0,United Kingdom,709.99,5
16365,72,9,1686.12,187.34666666666666,517,57.44444444444444,61,8,0.575546218487395,476,59.375,67.0,-0.17622117423095235,0.0,0.0,0.0,United Kingdom,598.21,5
16366,401,3,1195.33,398.4433333333333,624,208.0,56,3,0.6430985915492957,142,70.5,70.5,-0.6468830301452358,0.0,0.0,0.0,United Kingdom,301.8,1
16367,182,2,716.9,358.45,547,273.5,119,2,2.8990476190476193,21,21.0,21.0,-0.6960950146414215,0.0,0.0,0.0,United Kingdom,614.86,1
16368,255,1,141.53,141.53,56,56.0,20,1,30.439999999999998,1,0.0,0.0,0.0,0.0,0.0,0.0,United Kingdom,462.96000000000004,2
16369,16,5,1452.85,290.57,757,151.4,41,5,0.3667469879518072,415,103.75,70.5,-0.6773033503277495,0.0,0.0,0.0,United Kingdom,1112.46,2
16370,2,2,530.46,265.23,324,162.0,87,2,1.415813953488372,43,43.0,43.0,0.04479222881813277,0.0,0.0,0.0,United Kingdom,595.2,2
16372,228,3,934.58,311.5266666666667,564,188.0,203,2,0.46121212121212124,198,99.0,99.0,6.423433979269942,0.0,0.0,0.0,United Kingdom,342.98,2
16374,81,4,1207.22,301.805,570,142.5,215,4,0.3723547400611621,327,108.66666666666667,136.0,-0.31636054279458314,0.0,0.0,0.0,United Kingdom,304.58,1
16383,87,6,2368.27,394.71166666666664,1315,219.16666666666666,211,6,0.45096296296296295,405,81.0,77.0,-0.4958494496630655,0.0,0.0,0.0,United Kingdom,334.3,1
16384,83,3,1124.51,374.83666666666664,705,235.0,69,3,0.2792660550458716,327,163.5,163.5,1.5168412822517594,0.0,0.0,0.0,United Kingdom,149.9,1
16385,185,3,473.69,157.89666666666668,285,95.0,64,3,0.34330827067669173,266,132.5,132.5,2.296118265916924,0.0,0.0,0.0,United Kingdom,407.66,2
16386,73,2,786.37,393.185,425,212.5,53,2,0.45096296296296295,135,134.0,134.0,-0.9157555117404552,0.0,0.0,0.0,United Kingdom,228.72,1
16389,24,2,593.85,296.925,235,117.5,15,2,0.7805128205128206,78,78.0,78.0,2.9632260760551605,0.0,0.0,0.0,United Kingdom,486.65999999999997,2
16393,4,16,3226.35,201.646875,1989,124.3125,279,12,0.8791335740072203,554,36.86666666666667,30.0,0.4571230560675065,0.0,0.0,0.0,United Kingdom,2071.42,7
16394,67,2,558.82,279.41,624,312.0,45,2,1.4495238095238097,42,41.0,41.0,-0.2112608431228192,0.0,0.0,0.0,United Kingdom,227.62,3
16395,143,11,2334.31,212.21,1705,155.0,347,6,0.8166829268292684,410,51.25,26.5,8.065585787590013,0.0,0.0,0.0,United Kingdom,905.98,3
16398,73,1,990.7,990.7,400,400.0,56,1,30.439999999999998,1,0.0,0.0,0.0,0.0,0.0,0.0,United Kingdom,271.0,1
16399,54,2,364.73,182.365,186,93.0,63,2,0.3953246753246753,154,154.0,154.0,-0.194763413185508,0.0,0.0,0.0,United Kingdom,204.61,1
16400,214,8,2526.36,315.795,1698,212.25,181,7,0.7226112759643918,337,48.0,40.0,-0.3428706363886812,0.0,0.0,0.0,United Kingdom,286.98,1
16401,29,16,2816.3199999999997,176.01999999999998,2078,129.875,85,10,1.4117101449275364,345,26.53846153846154,26.0,-0.39281413888936445,0.0,0.0,0.0,United Kingdom,1830.19,7
16406,270,2,333.56,166.78,138,69.0,82,2,0.29843137254901964,204,203.0,203.0,-0.10746099290780141,0.0,0.0,0.0,United Kingdom,154.35,1
16407,13,9,1397.81,155.3122222222222,668,74.22222222222223,69,6,1.1462761506276151,239,34.0,35.0,-0.41878485537493926,0.0,0.0,0.0,United Kingdom,1184.99,5
16409,61,9,4095.23,455.02555555555557,2496,277.3333333333333,302,8,0.5648659793814433,485,60.5,64.0,0.04401579205604816,0.0,0.0,0.0,United Kingdom,1115.35,3
16411,188,3,673.24,224.41333333333333,399,133.0,119,3,1.5477966101694915,59,29.5,29.5,-0.621544440191951,0.0,0.0,0.0,United Kingdom,83.15,1
16412,213,4,444.45,111.1125,224,56.0,71,4,0.43485714285714283,280,93.33333333333333,64.0,0.955316177937363,0.0,0.0,0.0,United Kingdom,135.99,1
16413,194,1,247.08,247.08,134,134.0,31,1,30.439999999999998,1,0.0,0.0,0.0,0.0,0.0,0.0,United Kingdom,247.25,1
16414,99,4,475.76,118.94,190,47.5,56,4,0.2933975903614458,415,138.0,151.0,0.04566367115277123,0.0,0.0,0.0,United Kingdom,75.45,1
16415,403,2,483.74,241.87,329,164.5,77,2,0.6546236559139785,93,93.0,93.0,0.6994419642857145,0.0,0.0,0.0,United Kingdom,200.27,1
16416,209,6,1772.98,295.49666666666667,1284,214.0,87,4,0.6892075471698114,265,66.0,54.5,1.111801460263971,0.0,0.0,0.0,United Kingdom,935.35,3
16418,45,3,465.68,155.22666666666666,318,106.0,68,2,0.46355329949238583,197,98.0,98.0,-0.6491065212346252,0.0,0.0,0.0,United Kingdom,430.26,2
16419,94,4,803.65,200.9125,397,99.25,45,4,0.30903553299492387,394,131.0,91.0,-0.1169896201879143,0.0,0.0,0.0,United Kingdom,292.78,4
16422,5,65,12195.81,187.62784615384615,5213,80.2,70,17,3.9651302605210423,499,9.072727272727272,7.0,1.5452420749698408,0.0,0.0,0.0,United Kingdom,2886.9500000000003,19
16426,95,1,309.65,309.65,109,109.0,10,1,30.439999999999998,1,0.0,0.0,0.0,0.0,0.0,0.0,United Kingdom,1535.39,9
16430,200,5,802.09,160.418,203,40.6,16,3,0.5056478405315615,301,75.0,71.0,4.523582658408767,0.0,0.0,0.0,United Kingdom,200.05,1
16433,228,1,200.26,200.26,108,108.0,17,1,30.439999999999998,1,0.0,0.0,0.0,0.0,0.0,0.0,United Kingdom,184.26,1
16434,11,8,1669.11,208.63875,801,100.125,75,6,0.48801603206412825,499,71.28571428571429,62.0,0.22470375429140982,0.0,0.0,0.0,United Kingdom,731.58,4
16440,34,2,488.76,244.38,205,102.5,58,2,0.21742857142857142,280,279.0,279.0,0.2596393897364769,0.0,0.0,0.0,United Kingdom,3284.21,4
16441,110,4,817.48,204.37,412,103.0,58,4,0.3623809523809524,336,112.0,126.0,2.082500998801438,0.0,0.0,0.0,United Kingdom,157.7,1
16442,47,4,685.41,171.3525,487,121.75,163,4,0.24352,500,166.33333333333334,133.0,0.5392138702626608,0.0,0.0,0.0,United Kingdom,176.87,1
16444,14,15,3087.2400000000002,205.816,1573,104.86666666666666,184,10,1.0593967517401393,431,33.15384615384615,22.0,-0.2631851832963595,0.0,0.0,0.0,United Kingdom,382.99,2
16445,206,3,352.65,117.55,176,58.666666666666664,93,2,3.6528,25,25.0,25.0,0.1808905380333952,0.0,0.0,0.0,United Kingdom,218.01,1
16447,409,2,442.49,221.245,92,46.0,25,2,0.8697142857142857,70,70.0,70.0,0.5017809690733307,0.0,0.0,0.0,United Kingdom,162.31,1
16450,403,2,1003.25,501.625,337,168.5,25,2,0.8455555555555555,72,72.0,72.0,0.45719953954297193,0.0,0.0,0.0,United Kingdom,311.92,1
16451,380,2,746.1800000000001,373.09000000000003,404,202.0,50,2,0.3478857142857143,175,174.0,174.0,0.42541849504306806,0.0,0.0,0.0,United Kingdom,266.97,1
16454,430,1,1.55,1.55,1,1.0,1,1,30.439999999999998,1,0.0,0.0,0.0,0.0,0.0,0.0,United Kingdom,5.9,1
16455,24,9,2949.43,327.71444444444444,1551,172.33333333333334,86,6,0.6585576923076923,416,59.285714285714285,29.0,1.075037125037125,0.0,0.0,0.0,United Kingdom,707.4,2
16456,47,11,4865.18,442.28909090909093,2739,249.0,216,9,0.8520101781170485,393,43.666666666666664,36.0,-0.4162516194977766,0.0,0.0,0.0,United Kingdom,581.76,2
16458,7,19,3501.1,184.26842105263157,2030,106.84210526315789,73,13,1.5422933333333335,375,20.833333333333332,19.5,-0.40525644529470706,0.0,0.0,0.0,United Kingdom,2177.04,11
16461,410,2,1249.1299999999999,624.5649999999999,753,376.5,189,2,1.0871428571428572,56,56.0,56.0,-0.14982077791272919,0.0,0.0,0.0,United Kingdom,115.02,1
16462,5,2,68.0,34.0,8,4.0,1,2,0.614949494949495,99,98.0,98.0,0.0,0.0,0.0,0.0,United Kingdom,68.0,1
16463,23,1,319.37,319.37,179,179.0,19,1,30.439999999999998,1,0.0,0.0,0.0,0.0,0.0,0.0,United Kingdom,1043.99,3
16466,0,11,2221.18,201.92545454545453,1084,98.54545454545455,149,11,0.7247619047619048,462,46.2,38.5,-0.6362587030465267,0.0,0.0,0.0,United Kingdom,1043.77,4
16468,289,2,712.62,356.31,340,170.0,37,1,5.073333333333333,12,11.0,11.0,0.0,0.0,0.0,0.0,United Kingdom,62.400000000000006,1
16469,65,3,430.83000000000004,143.61,182,60.666666666666664,72,2,0.3407462686567164,268,268.0,268.0,0.41388390856118307,0.0,0.0,0.0,United Kingdom,344.37,2
16470,12,9,1979.84,219.98222222222222,981,109.0,239,8,0.5111194029850746,536,76.57142857142857,56.0,0.2769867740080505,0.0,0.0,0.0,United Kingdom,393.19,2
16473,106,3,372.53000000000003,124.17666666666668,246,82.0,21,3,1.049655172413793,87,43.5,43.5,0.4077688728024819,0.0,0.0,0.0,United Kingdom,98.3,1
16475,93,1,310.0,310.0,192,192.0,20,1,30.439999999999998,1,0.0,0.0,0.0,0.0,0.0,0.0,United Kingdom,107.7,2
16477,33,9,3120.26,346.6955555555556,1866,207.33333333333334,150,8,1.0109225092250924,271,33.75,31.0,-0.5227090878962195,0.0,0.0,0.0,United Kingdom,914.11,2
16484,10,1,258.2,258.2,150,150.0,16,1,30.439999999999998,1,0.0,0.0,0.0,0.0,0.0,0.0,United Kingdom,118.60000000000001,1
16485,251,4,1854.42,463.605,822,205.5,92,4,0.4031788079470199,302,100.33333333333333,77.0,-0.5310244853016897,0.0,0.0,0.0,United Kingdom,313.15,1
16491,232,1,801.66,801.66,582,582.0,48,1,30.439999999999998,1,0.0,0.0,0.0,0.0,0.0,0.0,United Kingdom,683.7,1
16493,104,5,838.37,167.674,669,133.8,48,5,0.4489675516224189,339,84.5,89.5,-0.04297485935712778,0.0,0.0,0.0,United Kingdom,872.16,2
16495,95,2,205.70999999999998,102.85499999999999,118,59.0,31,1,60.879999999999995,1,0.0,0.0,0.0,0.0,0.0,0.0,United Kingdom,338.95,1
16496,27,5,1754.14,350.82800000000003,1144,228.8,95,4,0.5039735099337749,302,100.66666666666667,109.0,0.7121542433940969,0.0,0.0,0.0,United Kingdom,400.56,1
16497,22,22,4613.64,209.7109090909091,2393,108.77272727272727,191,12,1.2564352720450283,533,35.53333333333333,29.0,-0.05664557761808887,0.0,0.0,0.0,United Kingdom,1247.19,1
16500,194,3,443.05,147.68333333333334,263,87.66666666666667,19,2,0.5403550295857988,169,84.5,84.5,1.0027109454422232,0.0,0.0,0.0,United Kingdom,235.86,5
16503,33,10,3215.6,321.56,1407,140.7,154,8,0.9424148606811147,323,40.25,35.0,-0.5116132675448747,0.0,0.0,0.0,United Kingdom,304.64,1
16511,86,4,1078.06,269.515,471,117.75,161,4,0.3187434554973822,382,127.33333333333333,131.0,0.8919873396635015,0.0,0.0,0.0,United Kingdom,541.1800000000001,2
16515,66,7,2154.31,307.75857142857143,1049,149.85714285714286,149,6,0.7247619047619047,294,49.0,45.5,-0.4851704073150457,0.0,0.0,0.0,United Kingdom,918.4,3
16518,103,3,578.05,192.6833333333333,271,90.33333333333333,36,3,0.33450549450549455,273,136.0,136.0,-0.15677419354838718,0.0,0.0,0.0,United Kingdom,293.62,1
16519,184,3,276.68,92.22666666666667,116,38.666666666666664,24,3,0.32154929577464786,284,141.5,141.5,-0.3142630841406203,0.0,0.0,0.0,United Kingdom,46.53,1
16523,19,14,4612.71,329.4792857142857,1918,137.0,102,9,0.878680412371134,485,44.09090909090909,37.0,1.0358160626024233,0.0,0.0,0.0,United Kingdom,6385.91,13
16525,4,38,10921.94,287.4194736842105,3424,90.10526315789474,73,19,2.091717902350814,553,14.945945945945946,14.0,0.38132467351260607,0.0,0.0,0.0,United Kingdom,2961.68,10
16526,403,1,340.1,340.1,168,168.0,17,1,30.439999999999998,1,0.0,0.0,0.0,0.0,0.0,0.0,United Kingdom,237.66,1
16527,243,1,958.38,958.38,550,550.0,56,1,30.439999999999998,1,0.0,0.0,0.0,0.0,0.0,0.0,United Kingdom,228.06,1
16531,113,7,1438.1,205.44285714285712,1128,161.14285714285714,76,6,1.4397297297297298,148,24.5,22.5,-0.5496006131999355,0.0,0.0,0.0,United Kingdom,657.74,4
16535,204,1,317.49,317.49,259,259.0,34,1,30.439999999999998,1,0.0,0.0,0.0,0.0,0.0,0.0,United Kingdom,466.25,1
16539,39,9,2663.71,295.96777777777777,948,105.33333333333333,76,6,0.8752715654952078,313,39.125,27.5,-0.34562449537295803,0.0,0.0,0.0,United Kingdom,335.2,1
16542,220,1,137.7,137.7,96,96.0,9,1,30.439999999999998,1,0.0,0.0,0.0,0.0,0.0,0.0,United Kingdom,119.62,1
16545,195,1,219.0,219.0,76,76.0,3,1,30.439999999999998,1,0.0,0.0,0.0,0.0,0.0,0.0,United Kingdom,101.7,1
16549,153,25,8743.69,349.74760000000003,4795,191.8,642,10,2.6515679442508713,287,12.478260869565217,9.0,3.359436930803909,0.0,0.0,0.0,United Kingdom,3816.71,9
16550,4,16,7626.7300000000005,476.67062500000003,4297,268.5625,234,14,0.8807233273056059,553,36.8,33.0,-0.5884619831207367,0.0,0.0,0.0,United Kingdom,835.62,2
16551,156,5,1117.49,223.498,605,121.0,43,5,0.3902564102564103,390,97.5,72.0,-0.2751057327200321,0.0,0.0,0.0,United Kingdom,334.33,2
16554,41,7,2110.33,301.4757142857143,1057,151.0,86,7,0.4236182902584493,503,83.66666666666667,92.0,0.35464830848879775,0.0,0.0,0.0,United Kingdom,522.99,1
16555,324,4,961.81,240.4525,675,168.75,32,1,121.75999999999999,1,0.0,0.0,0.0,0.0,0.0,0.0,United Kingdom,285.89,2
16556,21,14,5620.61,401.47214285714284,3359,239.92857142857142,213,13,0.8010526315789473,532,40.84615384615385,44.0,-0.11593770531368582,0.0,0.0,0.0,United Kingdom,1540.78,3
16558,12,28,7796.46,278.445,4309,153.89285714285714,262,15,1.5667647058823528,544,21.76,17.0,1.2863038007764258,0.0,0.0,0.0,United Kingdom,4277.72,10
16560,177,7,2352.45,336.0642857142857,1210,172.85714285714286,104,6,0.5697326203208556,374,62.166666666666664,42.0,-0.6272204196914172,0.0,0.0,0.0,United Kingdom,471.48,1
16563,219,5,2039.33,407.866,978,195.6,42,5,0.4502958579881657,338,84.5,76.5,0.9611296645854508,0.0,0.0,0.0,United Kingdom,430.3,1
16566,12,2,203.8,101.9,56,28.0,5,2,0.6088,100,100.0,100.0,0.14752370916754495,0.0,0.0,0.0,United Kingdom,226.38,3
16569,450,4,670.55,167.6375,439,109.75,20,4,1.309247311827957,93,30.666666666666668,26.0,-0.3733595322999297,0.0,0.0,0.0,United Kingdom,124.2,1
16570,24,13,3447.76,265.2123076923077,1936,148.92307692307693,92,9,0.9535421686746988,415,41.4,40.5,0.5744674003990474,0.0,0.0,0.0,United Kingdom,1917.13,7
16571,101,8,3090.0,386.25,2443,305.375,111,8,0.6937891737891738,351,50.0,36.0,0.30769230769230793,0.0,0.0,0.0,United Kingdom,867.23,2
16572,95,1,342.58,342.58,202,202.0,21,1,30.439999999999998,1,0.0,0.0,0.0,0.0,0.0,0.0,United Kingdom,618.32,2
16573,109,1,267.13,267.13,109,109.0,15,1,30.439999999999998,1,0.0,0.0,0.0,0.0,0.0,0.0,United Kingdom,370.98,1
16574,243,2,850.34,425.17,586,293.0,58,2,0.2590638297872341,235,235.0,235.0,-0.5609652908226295,0.0,0.0,0.0,United Kingdom,425.04,1
16584,73,4,1348.92,337.23,616,154.0,39,4,0.29843137254901964,408,135.66666666666666,162.0,-0.03541988290466355,0.0,0.0,0.0,United Kingdom,254.54000000000002,1
16589,269,1,153.12,153.12,168,168.0,11,1,30.439999999999998,1,0.0,0.0,0.0,0.0,0.0,0.0,United Kingdom,459.24,3
16592,3,20,5030.82,251.541,3420,171.0,156,12,1.1315985130111526,538,44.833333333333336,40.5,-0.2543273562265295,0.0,0.0,0.0,United Kingdom,2471.7400000000002,8
16593,9,6,890.36,148.39333333333335,295,49.166666666666664,50,5,0.33450549450549455,546,109.0,35.0,0.756825601836903,0.0,0.0,0.0,United Kingdom,74.53,1
16595,195,4,1384.84,346.21,995,248.75,285,4,0.38531645569620254,316,105.0,85.0,-0.06294410563419664,0.0,0.0,0.0,United Kingdom,360.16,1
16596,185,3,329.48,109.82666666666667,130,43.333333333333336,17,3,0.2508791208791209,364,181.5,181.5,-0.422257338505004,0.0,0.0,0.0,United Kingdom,129.5,1
16600,72,9,1389.09,154.34333333333333,1149,127.66666666666667,65,6,0.584136460554371,469,58.5,30.5,3.4412237063731452,0.0,0.0,0.0,United Kingdom,519.9,4
16601,210,2,374.33,187.165,183,91.5,35,2,0.26128755364806866,233,233.0,233.0,3.566245353159851,0.0,0.0,0.0,United Kingdom,226.58,1
16602,208,1,235.25,235.25,93,93.0,11,1,30.439999999999998,1,0.0,0.0,0.0,0.0,0.0,0.0,United Kingdom,497.21,1
16607,27,17,3191.91,187.75941176470587,2295,135.0,142,12,1.3546596858638744,382,25.466666666666665,23.0,-0.35421897960762067,0.0,0.0,0.0,United Kingdom,1591.87,7
16609,16,3,1974.8700000000001,658.2900000000001,822,274.0,86,2,1.6307142857142858,56,27.5,27.5,1.6250780131429206,0.0,0.0,0.0,United Kingdom,3401.98,4
16612,6,7,2664.67,380.6671428571429,1237,176.71428571428572,93,6,0.38741818181818183,550,91.66666666666667,82.5,0.45564545856679484,0.0,0.0,0.0,United Kingdom,478.76,2
16618,30,3,899.52,299.84,564,188.0,39,3,0.8153571428571429,112,56.0,56.0,-0.6900010130685847,0.0,0.0,0.0,United Kingdom,1018.98,1
16620,80,5,1524.23,304.846,935,187.0,72,5,0.3184100418410042,478,119.5,111.5,-0.7207147473289298,0.0,0.0,0.0,United Kingdom,83.2,1
16621,35,2,271.75,135.875,125,62.5,12,2,0.9819354838709677,62,62.0,62.0,1.1470758540822237,0.0,0.0,0.0,United Kingdom,144.46,2
16624,16,1,340.88,340.88,147,147.0,19,1,30.439999999999998,1,0.0,0.0,0.0,0.0,0.0,0.0,United Kingdom,327.97999999999996,1
16626,4,2,1218.59,609.295,651,325.5,62,2,0.7424390243902439,82,82.0,82.0,-0.15337172298833163,0.0,0.0,0.0,United Kingdom,2183.59,14
16628,37,4,830.21,207.5525,408,102.0,42,4,0.28716981132075475,424,141.0,173.0,8.139871794871794,0.0,0.0,0.0,United Kingdom,1475.14,3
16633,0,2,658.47,329.235,298,149.0,36,2,1.1274074074074074,54,54.0,54.0,-0.4232795364206695,0.0,0.0,0.0,United Kingdom,1900.13,4
16637,45,1,217.8,217.8,90,90.0,14,1,30.439999999999998,1,0.0,0.0,0.0,0.0,0.0,0.0,United Kingdom,754.9,3
16638,76,11,1686.4,153.3090909090909,980,89.0909090909091,94,7,1.5082882882882884,222,24.555555555555557,22.0,0.4111751333266609,0.0,0.0,0.0,United Kingdom,444.28000000000003,4
16639,26,3,933.9200000000001,311.3066666666667,398,132.66666666666666,46,3,0.4498522167487685,203,101.5,101.5,0.01810834755926294,0.0,0.0,0.0,United Kingdom,699.06,1
16641,521,1,323.40000000000003,323.40000000000003,198,198.0,24,1,30.439999999999998,1,0.0,0.0,0.0,0.0,0.0,0.0,United Kingdom,140.38,1
16642,26,2,601.75,300.875,281,140.5,29,2,0.2926923076923077,208,208.0,208.0,-0.284243841240876,0.0,0.0,0.0,United Kingdom,342.38,1
16644,31,1,722.41,722.41,751,751.0,54,1,30.439999999999998,1,0.0,0.0,0.0,0.0,0.0,0.0,United Kingdom,111.37,1
16647,24,3,425.69,141.89666666666668,313,104.33333333333333,24,3,0.2685882352941176,340,170.0,170.0,-0.5712223937705578,0.0,0.0,0.0,United Kingdom,46.47,1
16648,275,2,382.14,191.07,222,111.0,18,2,0.45096296296296295,135,135.0,135.0,-0.488609397247271,0.0,0.0,0.0,United Kingdom,290.65999999999997,1
16650,239,6,1286.21,214.36833333333334,991,165.16666666666666,49,4,1.8264,100,24.75,24.0,-0.6891192237917609,0.0,0.0,0.0,United Kingdom,447.38,1
16652,31,11,9057.62,823.4200000000001,2362,214.72727272727272,87,7,0.7953444180522565,421,52.5,40.5,-0.7830666608242524,0.0,0.0,0.0,United Kingdom,2291.65,3
16654,6,7,1307.1,186.72857142857143,525,75.0,58,7,0.5001877934272301,426,70.83333333333333,61.5,-0.45231188206737316,0.0,0.0,0.0,United Kingdom,64.02,1
16655,5,9,3396.2,377.35555555555555,1867,207.44444444444446,273,9,0.5568292682926829,492,61.5,52.0,-0.34212825782390294,0.0,0.0,0.0,United Kingdom,2325.12,4
16656,12,18,1726.13,95.89611111111111,487,27.055555555555557,13,15,1.009060773480663,543,31.941176470588236,30.0,-0.40261891541736067,0.0,0.0,0.0,United Kingdom,1089.0,8
16657,74,1,190.68,190.68,293,293.0,63,1,30.439999999999998,1,0.0,0.0,0.0,0.0,0.0,0.0,United Kingdom,582.7,3
16660,138,4,268.1,67.025,96,24.0,7,4,0.32382978723404254,376,125.0,103.0,-0.10663841807909602,0.0,0.0,0.0,United Kingdom,208.17000000000002,1
16666,440,1,88.65,88.65,73,73.0,14,1,30.439999999999998,1,0.0,0.0,0.0,0.0,0.0,0.0,United Kingdom,118.98,1
16667,103,1,200.4,200.4,77,77.0,20,1,30.439999999999998,1,0.0,0.0,0.0,0.0,0.0,0.0,United Kingdom,307.38,1
16668,2,10,637.9,63.79,429,42.9,23,9,0.6779510022271715,449,56.125,52.5,-0.47436142734143316,0.0,0.0,0.0,United Kingdom,109.97999999999999,3
16670,66,14,5674.54,405.32428571428574,3036,216.85714285714286,197,11,0.8841493775933611,482,40.166666666666664,37.0,0.3259240649159461,0.0,0.0,0.0,United Kingdom,2034.24,6
16672,3,8,3044.7,380.5875,882,110.25,18,4,2.9339759036144577,83,11.714285714285714,11.0,-0.4207168421598631,0.0,0.0,0.0,United Kingdom,2929.4,9
16676,32,5,1605.43,321.086,688,137.6,83,5,0.7388349514563107,206,51.25,42.5,-0.5095576289281901,0.0,0.0,0.0,United Kingdom,480.87,1
16678,17,5,1236.41,247.282,729,145.8,52,3,1.7905882352941176,85,21.25,21.5,0.583477480940483,0.0,0.0,0.0,United Kingdom,1782.86,7
16680,354,1,350.25,350.25,133,133.0,16,1,30.439999999999998,1,0.0,0.0,0.0,0.0,0.0,0.0,United Kingdom,183.7,1
16681,24,4,936.74,234.185,529,132.25,16,4,0.27862700228832954,437,145.33333333333334,26.0,4.183102310231023,0.0,0.0,0.0,United Kingdom,727.6999999999999,2
16682,7,1,303.98,303.98,202,202.0,8,1,30.439999999999998,1,0.0,0.0,0.0,0.0,0.0,0.0,United Kingdom,361.54,4
16684,25,23,13800.15,600.0065217391304,3913,170.1304347826087,94,13,1.440576131687243,486,25.526315789473685,25.0,0.8288725202515673,0.0,0.0,0.0,United Kingdom,2216.6,4
16686,13,13,3028.5,232.96153846153845,2165,166.53846153846155,353,11,0.7341743970315399,539,53.9,49.5,0.6370554839608511,0.0,0.0,0.0,United Kingdom,1476.68,3
16690,21,3,213.95,71.31666666666666,117,39.0,7,3,0.36528,250,125.0,125.0,-0.32130247155747355,0.0,0.0,0.0,United Kingdom,122.13,1
16693,91,4,818.92,204.73,456,114.0,115,4,0.3162597402597403,385,128.33333333333334,140.0,0.04010861712463574,0.0,0.0,0.0,United Kingdom,252.05,1
16696,22,3,558.9000000000001,186.30000000000004,126,42.0,7,2,2.029333333333333,45,22.5,22.5,13.788135593220337,0.0,0.0,0.0,United Kingdom,99.0,1
16700,20,19,6406.41,337.1794736842105,4487,236.1578947368421,222,15,1.0770204841713222,537,35.733333333333334,37.0,0.4313305046794236,0.0,0.0,0.0,United Kingdom,2043.93,6
16701,9,19,3850.69,202.6678947368421,1889,99.42105263157895,84,15,1.0534790528233153,549,30.5,24.0,-0.35675912396099363,0.0,0.0,0.0,United Kingdom,1294.87,6
16705,27,27,17571.051,650.7796666666667,5613,207.88888888888889,241,13,1.571472275334608,523,34.86666666666667,36.0,-0.14534975587528495,0.0,0.0,0.0,United Kingdom,5664.34,12
16709,19,13,6319.96,486.15076923076924,2404,184.92307692307693,180,10,0.7452354048964218,531,53.1,51.0,0.1681418357965229,0.0,0.0,0.0,United Kingdom,1020.2800000000001,1
16710,26,18,4502.81,250.15611111111113,2961,164.5,479,11,1.0357655954631382,529,31.058823529411764,21.0,0.3212514563206897,0.0,0.0,0.0,United Kingdom,767.16,4
16711,121,5,913.01,182.602,183,36.6,8,5,0.34908256880733946,436,108.75,83.5,0.2170661227265001,0.0,0.0,0.0,United Kingdom,664.23,3
16712,31,6,1726.33,287.72166666666664,882,147.0,168,3,0.9663492063492064,189,63.0,43.0,0.8962352783276848,0.0,0.0,0.0,United Kingdom,2252.68,7
16713,55,25,8213.75,328.55,3907,156.28,394,13,1.5562372188139062,489,21.26086956521739,14.0,0.062303983258155136,0.0,0.0,0.0,United Kingdom,3496.75,7
16715,381,1,49.18,49.18,46,46.0,4,1,30.439999999999998,1,0.0,0.0,0.0,0.0,0.0,0.0,United Kingdom,113.08,1
16717,185,9,3048.65,338.7388888888889,1312,145.77777777777777,140,6,0.7464850136239782,367,61.0,59.0,0.7041902464120348,0.0,0.0,0.0,United Kingdom,3357.58,5
16719,55,11,2427.51,220.6827272727273,1419,129.0,173,11,0.6819551934826884,491,49.1,45.0,0.618418923729088,0.0,0.0,0.0,United Kingdom,713.76,3
16720,195,2,388.29,194.145,272,136.0,104,2,0.17595375722543352,346,346.0,346.0,0.8854127963141862,0.0,0.0,0.0,United Kingdom,139.03,1
16722,3,15,5136.3,342.42,4240,282.6666666666667,119,14,0.8256781193490055,553,39.5,42.5,0.3556686846450192,0.0,0.0,0.0,United Kingdom,1990.63,7
16723,263,2,559.1,279.55,366,183.0,67,2,0.20849315068493152,292,292.0,292.0,-0.5977980086775513,0.0,0.0,0.0,United Kingdom,314.02,1
16726,15,6,1469.55,244.92499999999998,889,148.16666666666666,116,5,0.8494883720930233,215,53.75,47.5,-0.212139276850455,0.0,0.0,0.0,United Kingdom,581.58,1
16728,56,2,326.93,163.465,210,105.0,82,2,2.1742857142857144,28,28.0,28.0,-0.543676778475656,0.0,0.0,0.0,United Kingdom,671.1,2
16729,1,11,3271.31,297.39181818181817,2305,209.54545454545453,120,3,5.675254237288136,59,7.375,7.5,-0.6009594882729211,0.0,0.0,0.0,United Kingdom,3664.54,10
16730,53,2,392.26,196.13,460,230.0,31,2,0.7162352941176471,85,85.0,85.0,1.2869113457348755,0.0,0.0,0.0,United Kingdom,262.17,1
16732,222,3,3304.09,1101.3633333333335,1840,613.3333333333334,169,3,0.2775683890577508,329,164.0,164.0,0.38235633427067567,0.0,0.0,0.0,United Kingdom,589.83,1
16735,59,11,4908.57,446.2336363636363,3208,291.6363636363636,141,9,0.679188640973631,493,54.666666666666664,45.0,0.30568368641082244,0.0,0.0,0.0,United Kingdom,1080.24,3
16739,356,1,463.43,463.43,219,219.0,25,1,30.439999999999998,1,0.0,0.0,0.0,0.0,0.0,0.0,United Kingdom,323.0,1
16743,30,10,2985.34,298.534,2390,239.0,84,9,0.7906493506493507,385,42.77777777777778,35.0,-0.46413376205787776,0.0,0.0,0.0,United Kingdom,1111.06,4
16745,3,10,2785.54,278.554,1698,169.8,123,5,2.3596899224806203,129,14.222222222222221,11.0,-0.1551241667277121,0.0,0.0,0.0,United Kingdom,2255.56,7
16746,13,31,8769.54,282.88838709677424,5080,163.8709677419355,296,17,1.7410332103321036,542,18.655172413793103,16.0,0.4393645636590718,0.0,0.0,0.0,United Kingdom,3330.52,10
16748,37,12,3031.63,252.63583333333335,1739,144.91666666666666,48,11,0.7134375,512,46.54545454545455,53.0,1.422283682338996,0.0,0.0,0.0,United Kingdom,605.7,2
16750,51,1,78.75,78.75,17,17.0,9,1,30.439999999999998,1,0.0,0.0,0.0,0.0,0.0,0.0,United Kingdom,430.23,4
16755,45,6,2162.25,360.375,1466,244.33333333333334,172,6,0.36238095238095236,504,100.8,89.0,-0.17672614586919974,0.0,0.0,0.0,United Kingdom,546.8,1
16767,2,8,3780.56,472.57,2901,362.625,135,8,0.5968627450980393,408,58.285714285714285,56.0,0.7466017654110214,0.0,0.0,0.0,United Kingdom,2162.52,7
16768,91,7,1224.48,174.9257142857143,476,68.0,84,7,0.4622125813449024,461,76.83333333333333,75.5,-0.40951836649867507,0.0,0.0,0.0,United Kingdom,183.84,2
16770,55,8,1562.41,195.30125,957,119.625,171,7,1.0231932773109245,238,34.0,28.0,-0.6356376838968288,0.0,0.0,0.0,United Kingdom,107.72,1
16771,94,7,2983.26,426.18,1655,236.42857142857142,254,7,0.467280701754386,456,75.83333333333333,46.0,0.04244743706482835,0.0,0.0,0.0,United Kingdom,549.3199999999999,2
16773,255,2,224.15,112.075,79,39.5,32,2,0.20429530201342283,298,297.0,297.0,-0.20679999999999993,0.0,0.0,0.0,United Kingdom,124.79,1
16774,242,4,806.63,201.6575,397,99.25,56,4,0.5115966386554622,238,79.33333333333333,87.0,-0.4443008678881389,0.0,0.0,0.0,United Kingdom,620.72,4
16775,25,9,1608.33,178.70333333333332,560,62.22222222222222,87,7,1.1559493670886076,237,29.625,19.5,-0.7730362314557598,0.0,0.0,0.0,United Kingdom,953.0600000000001,7
16776,235,1,220.97,220.97,181,181.0,48,1,30.439999999999998,1,0.0,0.0,0.0,0.0,0.0,0.0,United Kingdom,356.59000000000003,1
16777,76,4,1145.43,286.3575,449,112.25,114,4,0.32382978723404254,376,125.0,117.0,2.4094006236285948,0.0,0.0,0.0,United Kingdom,49.1,1
16778,93,1,93.18,93.18,66,66.0,5,1,30.439999999999998,1,0.0,0.0,0.0,0.0,0.0,0.0,United Kingdom,152.76,1
16779,2,41,18912.420000000002,461.2785365853659,9555,233.0487804878049,253,19,2.252779783393502,554,13.825,12.0,-0.6355884369278478,0.0,0.0,0.0,United Kingdom,4477.88,11
16780,78,2,297.8,148.9,178,89.0,41,2,0.41135135135135137,148,148.0,148.0,-0.15500898333436597,0.0,0.0,0.0,United Kingdom,260.35,1
16782,23,32,8099.0,253.09375,3434,107.3125,553,16,1.848349146110057,527,18.137931034482758,14.0,0.8496634518963154,0.0,0.0,0.0,United Kingdom,918.85,6
16784,196,4,784.73,196.1825,470,117.5,137,4,0.49697959183673474,245,81.66666666666667,89.0,1.7284648643512137,0.0,0.0,0.0,United Kingdom,107.6,1
16788,73,4,1589.11,397.2775,838,209.5,288,4,0.2919904076738609,417,138.66666666666666,146.0,0.08728146795739025,0.0,0.0,0.0,United Kingdom,299.92,1
16791,32,12,2558.11,213.17583333333334,1250,104.16666666666667,291,10,0.6984321223709369,523,58.111111111111114,54.0,0.12808738259835098,0.0,0.0,0.0,United Kingdom,1061.78,3
16794,199,5,784.1999999999999,156.83999999999997,589,117.8,148,4,0.6237704918032787,244,61.0,50.5,-0.40723062861785314,0.0,0.0,0.0,United Kingdom,1173.48,10
16801,12,3,1309.48,436.49333333333334,468,156.0,65,2,1.1274074074074074,81,40.5,40.5,-0.18681805594018286,0.0,0.0,0.0,United Kingdom,66.0,1
16804,89,1,105.3,105.3,33,33.0,18,1,30.439999999999998,1,0.0,0.0,0.0,0.0,0.0,0.0,United Kingdom,418.94,2
16805,179,3,791.16,263.71999999999997,658,219.33333333333334,179,3,0.25019178082191784,365,182.5,182.5,-0.6827830777683433,0.0,0.0,0.0,United Kingdom,230.70000000000002,1
16806,39,2,345.18,172.59,182,91.0,26,2,3.2042105263157894,19,19.0,19.0,-0.29118811881188117,0.0,0.0,0.0,United Kingdom,365.53,2
16807,35,5,1577.62,315.524,1128,225.6,91,5,0.3730392156862745,408,102.0,80.0,-0.29592024109139214,0.0,0.0,0.0,United Kingdom,454.76,1
16808,93,1,128.25,128.25,113,113.0,18,1,30.439999999999998,1,0.0,0.0,0.0,0.0,0.0,0.0,United Kingdom,121.92,1
16809,27,6,1155.82,192.63666666666666,717,119.5,94,6,0.4600503778337532,397,79.4,70.0,-0.5778723823116864,0.0,0.0,0.0,United Kingdom,571.61,3
16813,11,2,301.66,150.83,207,103.5,110,2,4.683076923076923,13,13.0,13.0,-0.4215373345193867,0.0,0.0,0.0,United Kingdom,1290.04,8
16814,12,27,8915.61,330.2077777777778,3640,134.8148148148148,216,13,1.980433734939759,415,15.961538461538462,14.5,-0.1427360219981667,0.0,0.0,0.0,United Kingdom,2255.09,9
16816,132,2,325.45,162.725,191,95.5,20,2,1.352888888888889,45,45.0,45.0,2.2946687780416997,0.0,0.0,0.0,United Kingdom,91.61,2
16817,5,11,1951.68,177.42545454545456,1144,104.0,84,7,1.3556275303643726,247,24.6,15.0,-0.4661427224143352,0.0,0.0,0.0,United Kingdom,425.32,2
16818,2,4,1103.57,275.8925,663,165.75,68,2,5.293913043478261,23,7.333333333333333,8.0,-0.2665713747172656,0.0,0.0,0.0,United Kingdom,2083.17,7
16824,213,1,200.1,200.1,152,152.0,12,1,30.439999999999998,1,0.0,0.0,0.0,0.0,0.0,0.0,United Kingdom,435.14,2
16825,5,4,932.65,233.1625,369,92.25,32,4,0.3488825214899714,349,116.33333333333333,120.0,-0.8145535430568795,0.0,0.0,0.0,United Kingdom,426.58,1
16829,207,1,290.6,290.6,114,114.0,15,1,30.439999999999998,1,0.0,0.0,0.0,0.0,0.0,0.0,United Kingdom,197.22,1
16830,261,3,881.59,293.86333333333334,435,145.0,47,3,0.320421052631579,285,142.0,142.0,-0.16484522991735875,0.0,0.0,0.0,United Kingdom,325.91,1
16833,79,5,1588.65,317.73,690,138.0,70,4,0.41813186813186815,364,121.33333333333333,105.0,1.335896722110098,0.0,0.0,0.0,United Kingdom,435.24,1
16835,192,5,1179.06,235.81199999999998,440,88.0,52,5,0.7725888324873097,197,49.0,34.5,-0.7181483132386036,0.0,0.0,0.0,United Kingdom,99.1,1
16836,225,2,530.5,265.25,374,187.0,31,2,0.3623809523809524,168,168.0,168.0,0.4031710079275199,0.0,0.0,0.0,United Kingdom,175.55,2
16837,17,7,1507.17,215.31,637,91.0,70,2,4.348571428571429,49,12.0,11.5,11.137813807531382,0.0,0.0,0.0,United Kingdom,1212.88,3
16839,5,24,6854.91,285.62125,2005,83.54166666666667,86,14,1.5188357588357588,481,20.91304347826087,16.0,1.6090024682281274,0.0,0.0,0.0,United Kingdom,4312.94,20
16841,4,9,3054.67,339.40777777777777,1909,212.11111111111111,139,9,0.535078125,512,63.875,55.5,-0.2833049528209105,0.0,0.0,0.0,United Kingdom,812.64,3
16842,121,1,469.57,469.57,366,366.0,29,1,30.439999999999998,1,0.0,0.0,0.0,0.0,0.0,0.0,United Kingdom,692.62,2
16843,16,24,8981.63,374.2345833333333,4201,175.04166666666666,150,13,1.3706566604127581,533,28.0,21.0,0.0580998340986792,0.0,0.0,0.0,United Kingdom,5074.39,10
16846,396,2,618.01,309.005,334,167.0,35,2,0.9663492063492063,63,62.0,62.0,-0.26333389535210483,0.0,0.0,0.0,United Kingdom,214.32,1
16847,437,1,370.45000000000005,370.45000000000005,173,173.0,23,1,30.439999999999998,1,0.0,0.0,0.0,0.0,0.0,0.0,United Kingdom,193.44,1
16848,195,3,1130.2,376.73333333333335,598,199.33333333333334,64,2,1.602105263157895,57,56.0,56.0,-0.49697453288117566,0.0,0.0,0.0,United Kingdom,281.42,1
16856,237,2,323.09000000000003,161.54500000000002,159,79.5,15,2,2.4352,25,25.0,25.0,-0.24197409946675383,0.0,0.0,0.0,United Kingdom,35.400000000000006,1
16859,80,6,1098.84,183.14,1064,177.33333333333334,57,5,0.4743896103896104,385,96.0,105.0,-0.17697823987506942,0.0,0.0,0.0,United Kingdom,423.02,1
16861,209,3,772.83,257.61,476,158.66666666666666,38,2,0.7673949579831933,119,59.0,59.0,3.624672489082969,0.0,0.0,0.0,United Kingdom,112.80000000000001,2
16863,186,2,495.72,247.86,336,168.0,27,2,1.415813953488372,43,43.0,43.0,-0.5044800434428456,0.0,0.0,0.0,United Kingdom,324.63,1
16871,30,4,1931.77,482.9425,854,213.5,101,2,1.9960655737704918,61,30.0,30.0,0.0831976361734479,0.0,0.0,0.0,United Kingdom,774.52,2
16873,17,9,8751.31,972.3677777777777,4497,499.6666666666667,158,8,0.5816560509554141,471,58.875,50.0,-0.2876226367837953,0.0,0.0,0.0,United Kingdom,3441.55,3
16875,115,9,2675.74,297.3044444444444,1404,156.0,105,7,0.6714705882352942,408,67.83333333333333,67.0,-0.3197759483576036,0.0,0.0,0.0,United Kingdom,1290.44,2
16877,27,1,60.8,60.8,34,34.0,24,1,30.439999999999998,1,0.0,0.0,0.0,0.0,0.0,0.0,United Kingdom,753.92,5
16880,8,2,431.73,215.865,251,125.5,34,2,0.1996065573770492,305,304.0,304.0,0.6674698795180724,0.0,0.0,0.0,United Kingdom,1113.89,6
16882,58,2,215.70000000000002,107.85000000000001,102,51.0,15,2,0.7805128205128206,78,78.0,78.0,19.78787878787879,0.0,0.0,0.0,United Kingdom,489.41999999999996,1
16884,375,2,503.73,251.865,192,96.0,35,2,4.058666666666667,15,14.0,14.0,-0.6125051645778818,0.0,0.0,0.0,United Kingdom,429.84000000000003,2
16885,176,2,386.19,193.095,212,106.0,63,2,2.0993103448275865,29,28.0,28.0,-0.24610563604160043,0.0,0.0,0.0,United Kingdom,272.46,2
16887,220,2,440.34000000000003,220.17000000000002,265,132.5,64,2,0.18011834319526626,338,338.0,338.0,0.0031844236193249156,0.0,0.0,0.0,United Kingdom,192.32999999999998,1
16891,191,7,1160.32,165.76,470,67.14285714285714,242,6,0.5853846153846154,364,60.666666666666664,53.0,-0.5638181998217646,0.0,0.0,0.0,United Kingdom,495.72,4
16892,3,3,275.79,91.93,203,67.66666666666667,52,3,0.16664233576642334,548,274.0,274.0,-0.40408541172385865,0.0,0.0,0.0,United Kingdom,335.51,4
16895,258,4,845.4300000000001,211.35750000000002,326,81.5,79,4,0.5340350877192983,228,75.66666666666667,81.0,0.6391646375725787,0.0,0.0,0.0,United Kingdom,202.27,1
16898,188,3,496.26,165.42,377,125.66666666666667,110,3,0.43693779904306224,209,104.0,104.0,0.5761004983388706,0.0,0.0,0.0,United Kingdom,363.7,2
16899,26,4,700.26,175.065,330,82.5,68,3,0.6374869109947644,191,63.333333333333336,19.0,-0.6617360394450178,0.0,0.0,0.0,United Kingdom,882.71,4
16903,199,2,665.8,332.9,469,234.5,106,2,1.691111111111111,36,35.0,35.0,-0.45722495133932706,0.0,0.0,0.0,United Kingdom,363.2,1
16904,44,11,2095.9900000000002,190.54454545454547,1045,95.0,309,7,1.800215053763441,186,23.25,20.0,-0.5638664699150756,0.0,0.0,0.0,United Kingdom,2269.86,9
16905,56,13,2081.45,160.11153846153846,722,55.53846153846154,97,11,0.8026774847870184,493,44.81818181818182,31.0,0.2748087431693987,0.0,0.0,0.0,United Kingdom,2096.42,4
16906,6,6,1001.61,166.935,403,67.16666666666667,133,5,0.46951156812339334,389,97.25,95.0,-0.696804496604127,0.0,0.0,0.0,United Kingdom,166.6,1
16907,53,7,1022.24,146.03428571428572,328,46.857142857142854,86,7,0.7297260273972602,292,48.666666666666664,42.0,-0.06898636140390647,0.0,0.0,0.0,United Kingdom,338.8,2
16912,27,9,2846.7400000000002,316.30444444444447,1122,124.66666666666667,89,7,0.5238240917782027,523,87.16666666666667,78.5,1.9219938278408464,0.0,0.0,0.0,United Kingdom,1231.82,6
16915,67,5,274.24,54.848,86,17.2,29,5,0.5700374531835206,267,66.5,64.0,0.24052287581699353,0.0,0.0,0.0,United Kingdom,280.04,4
16916,191,3,500.59,166.86333333333332,257,85.66666666666667,97,3,2.0754545454545457,44,21.5,21.5,0.6704651756101709,0.0,0.0,0.0,United Kingdom,365.98,1
16918,136,11,2235.0,203.1818181818182,1504,136.72727272727272,233,9,0.7972380952380953,420,46.55555555555556,37.0,-0.3140982122652184,0.0,0.0,0.0,United Kingdom,793.04,5
16919,11,21,4334.51,206.4052380952381,1888,89.9047619047619,214,7,2.242947368421053,285,15.0,8.0,-0.46248718594479943,0.0,0.0,0.0,United Kingdom,536.9,2
16921,261,2,199.43,99.715,117,58.5,24,2,0.38531645569620254,158,158.0,158.0,-0.09903727004098735,0.0,0.0,0.0,United Kingdom,154.18,1
16923,7,23,8803.09,382.74304347826086,4100,178.2608695652174,302,14,1.4259063136456211,491,23.333333333333332,21.0,0.8823277104015507,0.0,0.0,0.0,United Kingdom,2879.77,8
16928,9,16,1637.09,102.318125,1132,70.75,111,10,1.0042061855670104,485,32.266666666666666,19.0,5.227101490019679,0.0,0.0,0.0,United Kingdom,1502.6399999999999,10
16931,14,11,2367.71,215.24636363636364,1443,131.1818181818182,276,7,1.6494581280788179,203,20.3,19.0,-0.03428966013034811,0.0,0.0,0.0,United Kingdom,2601.51,12
16932,242,2,232.62,116.31,133,66.5,75,2,0.41135135135135137,148,148.0,148.0,0.36691086691086705,0.0,0.0,0.0,United Kingdom,150.23000000000002,1
16933,58,8,2559.1,319.8875,1358,169.75,187,7,0.4959674134419552,491,81.83333333333333,67.0,-0.529066893515272,0.0,0.0,0.0,United Kingdom,338.5,1
16934,203,4,1152.1100000000001,288.02750000000003,539,134.75,77,4,0.5115966386554622,238,79.33333333333333,63.0,-0.4378518067457783,0.0,0.0,0.0,United Kingdom,906.08,2
16936,205,1,286.39,286.39,168,168.0,81,1,30.439999999999998,1,0.0,0.0,0.0,0.0,0.0,0.0,United Kingdom,261.9,1
16938,128,6,4377.28,729.5466666666666,2566,427.6666666666667,425,6,0.5188636363636364,352,70.4,73.0,0.03444428949937266,0.0,0.0,0.0,United Kingdom,1531.19,3
16940,109,6,4057.7,676.2833333333333,2787,464.5,248,6,0.4132126696832579,442,88.4,70.0,-0.22229523997283748,0.0,0.0,0.0,United Kingdom,2235.65,2
16942,8,4,860.29,215.0725,343,85.75,88,3,3.1220512820512822,39,19.0,19.0,0.27093339737431965,0.0,0.0,0.0,United Kingdom,980.95,5
16945,21,22,5317.96,241.72545454545454,3405,154.77272727272728,185,13,1.2635471698113208,530,37.785714285714285,40.0,0.2714676234409703,0.0,0.0,0.0,United Kingdom,2501.4700000000003,11
16948,81,6,503.94,83.99,506,84.33333333333333,16,6,0.4623797468354431,395,79.0,78.0,-0.24349947716974543,0.0,0.0,0.0,United Kingdom,45.2,1
16949,5,4,393.75,98.4375,382,95.5,30,4,0.9294656488549619,131,43.666666666666664,36.0,-0.05276692547351751,0.0,0.0,0.0,United Kingdom,312.77,2
16950,186,8,2043.18,255.3975,1219,152.375,72,8,0.7657861635220126,318,45.285714285714285,35.0,0.8381441866925958,0.0,0.0,0.0,United Kingdom,812.48,2
16951,123,1,992.02,992.02,1015,1015.0,68,1,30.439999999999998,1,0.0,0.0,0.0,0.0,0.0,0.0,United Kingdom,223.96,2
16952,260,3,589.97,196.65666666666667,248,82.66666666666667,58,2,0.31708333333333333,288,143.5,143.5,0.6386242676327204,0.0,0.0,0.0,United Kingdom,129.61,2
16954,74,14,4008.25,286.30357142857144,2525,180.35714285714286,80,11,0.9774311926605506,436,33.53846153846154,29.0,-0.3851115605585682,0.0,0.0,0.0,United Kingdom,796.0799999999999,6
16960,72,6,1645.16,274.1933333333333,1277,212.83333333333334,298,4,0.4623797468354431,395,79.0,91.0,0.29793415557386865,0.0,0.0,0.0,United Kingdom,305.52,2
16961,207,2,526.49,263.245,355,177.5,36,2,0.41986206896551725,145,144.0,144.0,1.6284631288766365,0.0,0.0,0.0,United Kingdom,234.17,1
16966,23,2,180.12,90.06,120,60.0,3,2,1.6454054054054055,37,36.0,36.0,-0.5919324577861163,0.0,0.0,0.0,United Kingdom,3.25,1
16969,11,1,397.36,397.36,388,388.0,27,1,30.439999999999998,1,0.0,0.0,0.0,0.0,0.0,0.0,United Kingdom,192.93,2
16978,485,2,225.05,112.525,109,54.5,26,1,60.879999999999995,1,0.0,0.0,0.0,0.0,0.0,0.0,United Kingdom,344.33,1
16979,117,4,1114.44,278.61,528,132.0,38,4,0.7958169934640523,153,51.0,39.0,-0.5942809571260991,0.0,0.0,0.0,United Kingdom,1326.23,5
16983,90,7,1943.04,277.57714285714286,1064,152.0,87,6,1.2106818181818182,176,29.166666666666668,28.0,-0.6525706064965549,0.0,0.0,0.0,United Kingdom,1147.54,4
16984,223,7,5084.56,726.3657142857144,2448,349.7142857142857,449,6,0.8915481171548117,239,39.666666666666664,37.5,-0.3757371309553472,0.0,0.0,0.0,United Kingdom,3878.62,2
16985,31,17,6116.5,359.79411764705884,1964,115.52941176470588,103,12,0.998996138996139,518,39.84615384615385,45.0,-0.10046583850931681,0.0,0.0,0.0,United Kingdom,2222.36,4
16986,264,9,2558.5,284.27777777777777,1416,157.33333333333334,58,4,1.1963318777292578,229,76.0,70.0,-0.9778266080703156,0.0,0.0,0.0,United Kingdom,83.2,1
16987,24,5,1030.1,206.01999999999998,312,62.4,115,4,0.2855534709193246,533,133.0,144.0,-0.26713769030196,0.0,0.0,0.0,United Kingdom,1323.4,5
16988,199,1,190.6,190.6,110,110.0,10,1,30.439999999999998,1,0.0,0.0,0.0,0.0,0.0,0.0,United Kingdom,100.87,1
16992,19,10,3914.84,391.48400000000004,1519,151.9,170,8,0.6518201284796574,467,51.888888888888886,34.0,0.08736916752422028,0.0,0.0,0.0,United Kingdom,805.71,3
16996,64,7,1367.5300000000002,195.3614285714286,631,90.14285714285714,30,5,1.2316763005780347,173,34.4,24.0,-0.2780820710409348,0.0,0.0,0.0,United Kingdom,756.08,2
16998,23,3,204.5,68.16666666666667,54,18.0,2,3,0.3805,240,120.0,120.0,-0.08878504672897196,0.0,0.0,0.0,United Kingdom,7.9,1
17001,27,13,4096.67,315.1284615384615,2392,184.0,78,11,0.948968824940048,417,37.90909090909091,38.0,0.34655920999873996,0.0,0.0,0.0,United Kingdom,2112.93,6
17002,35,6,1635.02,272.50333333333333,800,133.33333333333334,44,5,0.4287323943661972,426,106.5,107.0,0.1261638491547464,0.0,0.0,0.0,United Kingdom,372.25,1
17004,211,2,688.94,344.47,294,147.0,19,2,1.9024999999999999,32,32.0,32.0,-0.4620158499832571,0.0,0.0,0.0,United Kingdom,689.04,2
17006,211,4,853.49,213.3725,300,75.0,77,3,0.48126482213438737,253,84.0,32.0,2.747941700044504,0.0,0.0,0.0,United Kingdom,766.78,4
17007,21,5,608.85,121.77000000000001,340,68.0,37,3,0.6449152542372881,236,78.66666666666667,80.0,-0.5214551106146337,0.0,0.0,0.0,United Kingdom,412.25,2
17011,471,1,183.12,183.12,150,150.0,9,1,30.439999999999998,1,0.0,0.0,0.0,0.0,0.0,0.0,United Kingdom,270.9,1
17015,4,1,506.63,506.63,498,498.0,115,1,30.439999999999998,1,0.0,0.0,0.0,0.0,0.0,0.0,United Kingdom,1318.06,2
17017,24,19,6952.29,365.91,4295,226.05263157894737,99,10,1.0871428571428572,532,40.92307692307692,22.0,11.954817342432756,0.0,0.0,0.0,United Kingdom,2682.2,9
17018,145,5,1772.6,354.52,340,68.0,18,5,0.3721271393643032,409,102.25,92.5,-0.15852898400166215,0.0,0.0,0.0,United Kingdom,440.1,1
17019,81,10,3209.37,320.937,2083,208.3,306,8,0.6394957983193278,476,59.5,59.5,1.5767366180387612,0.0,0.0,0.0,United Kingdom,249.4,1
17022,252,1,189.0,189.0,72,72.0,9,1,30.439999999999998,1,0.0,0.0,0.0,0.0,0.0,0.0,United Kingdom,71.0,1
17025,192,4,635.0699999999999,158.76749999999998,489,122.25,24,3,0.452639405204461,269,134.0,134.0,-0.5824963171286995,0.0,0.0,0.0,United Kingdom,196.8,1
17027,102,5,640.55,128.10999999999999,414,82.8,83,5,0.41135135135135137,370,92.5,81.0,32.62432432432433,0.0,0.0,0.0,United Kingdom,444.33,3
17031,197,3,683.5,227.83333333333334,360,120.0,14,3,0.44764705882352945,204,101.5,101.5,-0.9064,0.0,0.0,0.0,United Kingdom,380.35,2
17033,33,3,885.25,295.0833333333333,309,103.0,21,3,0.49630434782608696,184,91.5,91.5,-0.48662278827250205,0.0,0.0,0.0,United Kingdom,143.16,1
17034,107,3,603.1,201.03333333333333,334,111.33333333333333,30,3,0.404070796460177,226,113.0,113.0,-0.8640045206253532,0.0,0.0,0.0,United Kingdom,588.72,2
17038,234,1,618.02,618.02,506,506.0,40,1,30.439999999999998,1,0.0,0.0,0.0,0.0,0.0,0.0,United Kingdom,112.4,1
17040,369,1,13.52,13.52,8,8.0,1,1,30.439999999999998,1,0.0,0.0,0.0,0.0,0.0,0.0,United Kingdom,436.98,1
17041,180,4,888.21,222.0525,566,141.5,58,3,0.5073333333333334,240,120.0,120.0,2.0298080849326254,0.0,0.0,0.0,United Kingdom,766.99,2
17042,16,2,473.67,236.835,397,198.5,50,2,1.1937254901960785,51,51.0,51.0,-0.1165453894787069,0.0,0.0,0.0,United Kingdom,535.07,3
17043,85,5,831.04,166.208,547,109.4,93,4,0.3280172413793104,464,116.0,134.5,-0.2401423065520309,0.0,0.0,0.0,United Kingdom,1485.23,3
17045,195,2,319.39,159.695,131,65.5,23,2,1.148679245283019,53,53.0,53.0,-0.5579935888753442,0.0,0.0,0.0,United Kingdom,210.24,2
17046,263,3,1080.69,360.23,814,271.3333333333333,53,3,0.5188636363636364,176,88.0,88.0,1.0065935900289338,0.0,0.0,0.0,United Kingdom,372.26,1
17047,24,5,1843.06,368.61199999999997,950,190.0,94,4,0.2888045540796964,527,175.33333333333334,179.0,0.5986774389126233,0.0,0.0,0.0,United Kingdom,338.72,1
17048,102,6,1892.81,315.4683333333333,959,159.83333333333334,82,6,0.44764705882352945,408,81.6,84.0,1.8659564318651616,0.0,0.0,0.0,United Kingdom,125.0,1
17049,34,13,5271.58,405.50615384615384,2142,164.76923076923077,194,6,0.9181438515081206,431,47.888888888888886,27.0,0.03820784262173376,0.0,0.0,0.0,United Kingdom,3993.34,6
17050,6,9,3187.62,354.18,1645,182.77777777777777,181,8,0.5523387096774194,496,61.875,48.0,2.9238777842997936,0.0,0.0,0.0,United Kingdom,568.25,1
17054,26,3,761.57,253.85666666666668,489,163.0,42,2,2.403157894736842,38,19.0,19.0,-0.4154425533685656,0.0,0.0,0.0,United Kingdom,400.01,2
17058,18,2,794.16,397.08,453,226.5,41,2,1.4848780487804878,41,40.0,40.0,-0.5747819532680091,0.0,0.0,0.0,United Kingdom,360.23,1
17059,16,7,3078.2400000000002,439.74857142857144,1694,242.0,245,7,0.439340206185567,485,80.83333333333333,80.0,-0.12185627646463046,0.0,0.0,0.0,United Kingdom,1428.75,2
17061,12,6,1708.86,284.81,459,76.5,38,2,4.566,40,13.333333333333334,17.0,-0.742060863036085,0.0,0.0,0.0,United Kingdom,1567.0,4
17063,108,8,2471.26,308.9075,1312,164.0,110,7,0.5411555555555556,450,74.83333333333333,73.5,0.30691535043500995,0.0,0.0,0.0,United Kingdom,1111.53,5
17064,2,2,457.40000000000003,228.70000000000002,187,93.5,36,2,0.41986206896551725,145,145.0,145.0,1.1774921847863848,0.0,0.0,0.0,United Kingdom,296.05,1
17068,8,37,6987.64,188.85513513513516,3335,90.13513513513513,222,15,2.601108545034642,433,12.0,10.5,-0.12772730073924826,0.0,0.0,0.0,United Kingdom,1903.29,10
17069,46,9,3362.25,373.5833333333333,2070,230.0,138,6,0.5371764705882354,510,72.85714285714286,52.0,0.6880151579351312,0.0,0.0,0.0,United Kingdom,1555.93,5
17070,229,1,133.18,133.18,101,101.0,41,1,30.439999999999998,1,0.0,0.0,0.0,0.0,0.0,0.0,United Kingdom,304.24,1
17071,7,8,2258.61,282.32625,996,124.5,94,8,0.489979879275654,497,71.0,69.0,1.2039748063664992,0.0,0.0,0.0,United Kingdom,1385.01,5
17075,72,9,2014.88,223.87555555555556,728,80.88888888888889,136,9,0.5791966173361522,473,59.0,40.0,0.6578725200506544,0.0,0.0,0.0,United Kingdom,138.05,1
17076,93,5,684.87,136.974,327,65.4,26,5,0.3294372294372295,462,115.5,94.0,1.5716818774445893,0.0,0.0,0.0,United Kingdom,354.56,1
17080,198,5,649.96,129.99200000000002,402,80.4,18,2,1.0283783783783784,148,36.75,12.5,-0.13068737417313775,0.0,0.0,0.0,United Kingdom,211.29999999999998,1
17081,214,4,567.38,141.845,298,74.5,117,4,0.4683076923076923,260,86.66666666666667,90.0,0.5006831504253162,0.0,0.0,0.0,United Kingdom,263.91,2
17082,137,5,2844.82,568.964,1725,345.0,70,4,0.37395577395577395,407,135.33333333333334,99.0,-0.32023287946244056,0.0,0.0,0.0,United Kingdom,1233.21,1
17083,115,8,3640.03,455.00375,1745,218.125,29,7,0.6511229946524064,374,53.285714285714285,50.0,0.1934894876074891,0.0,0.0,0.0,United Kingdom,409.76,1
17084,215,1,1969.0,1969.0,1172,1172.0,125,1,30.439999999999998,1,0.0,0.0,0.0,0.0,0.0,0.0,United Kingdom,2289.75,2
17085,70,27,7383.67,273.4692592592593,3389,125.51851851851852,388,14,1.701614906832298,483,21.0,14.0,0.8619388790261224,0.0,0.0,0.0,United Kingdom,347.75,1
17088,2,2,1322.6100000000001,661.3050000000001,519,259.5,69,2,0.8574647887323944,71,71.0,71.0,-0.6291781971953608,0.0,0.0,0.0,United Kingdom,566.9,2
17090,47,9,1591.8600000000001,176.87333333333333,706,78.44444444444444,23,6,0.9749466192170819,281,40.142857142857146,45.0,-0.3115792153244025,0.0,0.0,0.0,United Kingdom,847.73,2
17091,5,15,5431.38,362.092,2677,178.46666666666667,213,13,0.8486988847583644,538,41.38461538461539,38.0,0.17863843531936566,0.0,0.0,0.0,United Kingdom,1743.8000000000002,4
17092,96,7,3648.06,521.1514285714286,2448,349.7142857142857,196,7,0.5353768844221106,398,66.33333333333333,49.0,-0.4708318487623918,0.0,0.0,0.0,United Kingdom,1591.31,3
17095,118,6,1445.82,240.97,904,150.66666666666666,75,6,0.4287323943661972,426,85.0,93.0,1.60796546302997,0.0,0.0,0.0,United Kingdom,780.1999999999999,1
17096,81,8,2759.44,344.93,1332,166.5,130,6,0.8282993197278912,294,42.0,25.0,-0.8101246173084385,0.0,0.0,0.0,United Kingdom,843.79,3
17097,143,3,446.63,148.87666666666667,237,79.0,96,3,0.8615094339622642,106,53.0,53.0,0.3638721287181116,0.0,0.0,0.0,Spain,641.53,6
17101,214,3,779.05,259.68333333333334,259,86.33333333333333,24,3,0.5853846153846154,156,78.0,78.0,2.6261876484560567,0.0,0.0,0.0,United Kingdom,1166.88,3
17105,125,1,309.4,309.4,259,259.0,37,1,30.439999999999998,1,0.0,0.0,0.0,0.0,0.0,0.0,United Kingdom,333.63,1
17107,28,6,7502.48,1250.4133333333332,2602,433.6666666666667,262,6,0.38942430703624736,469,93.8,84.0,0.1823555249157161,0.0,0.0,0.0,United Kingdom,4927.66,4
17109,51,4,845.11,211.2775,446,111.5,69,3,0.4577443609022556,266,132.5,132.5,0.05913454510014149,0.0,0.0,0.0,United Kingdom,416.7,4
17110,340,2,247.35,123.675,79,39.5,30,2,0.6764444444444445,90,90.0,90.0,-0.37536945812807887,0.0,0.0,0.0,United Kingdom,137.79999999999998,1
17111,244,1,217.89,217.89,227,227.0,18,1,30.439999999999998,1,0.0,0.0,0.0,0.0,0.0,0.0,United Kingdom,191.89000000000001,1
17114,27,4,401.99,100.4975,126,31.5,56,4,0.9587401574803149,127,42.0,41.0,-0.42843739004652265,0.0,0.0,0.0,United Kingdom,293.68,4
17115,2,6,2263.09,377.1816666666667,705,117.5,94,6,0.3308695652173913,552,110.4,54.0,-0.6842423502462225,0.0,0.0,0.0,United Kingdom,224.68,1
17122,207,3,432.18,144.06,288,96.0,19,3,0.8153571428571429,112,55.5,55.5,2.236228190550873,0.0,0.0,0.0,United Kingdom,138.32,1
17123,259,2,561.37,280.685,357,178.5,29,2,0.45432835820895523,134,133.0,133.0,0.713767765638596,0.0,0.0,0.0,United Kingdom,263.7,1
17126,119,6,1481.25,246.875,780,130.0,218,5,1.1002409638554218,166,33.2,31.0,-0.12648221343873509,0.0,0.0,0.0,United Kingdom,467.74,3
17133,65,4,303.93,75.9825,85,21.25,7,4,0.317911227154047,383,127.33333333333333,53.0,13.211711711711713,0.0,0.0,0.0,United Kingdom,8.25,1
17134,84,2,530.8,265.4,122,61.0,29,2,0.34202247191011237,178,178.0,178.0,0.5025931164545026,0.0,0.0,0.0,United Kingdom,94.5,1
17135,109,5,889.4,177.88,658,131.6,81,5,0.5248275862068965,290,72.5,80.5,0.7395656861235179,0.0,0.0,0.0,United Kingdom,291.82,3
17139,30,17,11745.210000000001,690.894705882353,5482,322.47058823529414,328,11,1.0604098360655738,488,44.27272727272727,40.0,0.09511167717559069,0.0,0.0,0.0,United Kingdom,5580.12,8
17146,82,12,5296.26,441.355,2112,176.0,154,9,0.884455205811138,413,37.45454545454545,26.0,-0.8229303949523616,0.0,0.0,0.0,United Kingdom,15.9,1
17147,26,7,1878.1200000000001,268.30285714285714,898,128.28571428571428,71,7,0.4330894308943089,492,81.83333333333333,86.0,0.04648957606247787,0.0,0.0,0.0,United Kingdom,548.76,2
17155,347,5,484.28000000000003,96.85600000000001,457,91.4,30,4,0.7282296650717703,209,52.25,47.0,-0.44717653043920635,0.0,0.0,0.0,United Kingdom,112.5,2
17157,299,16,2582.84,161.4275,1174,73.375,67,7,1.9024999999999999,256,17.0,10.0,0.46158244858281067,0.0,0.0,0.0,United Kingdom,319.0,2
17158,52,4,1360.58,340.145,826,206.5,59,4,0.29697560975609755,410,136.66666666666666,128.0,0.055163663278099066,0.0,0.0,0.0,United Kingdom,555.67,1
17159,297,2,369.46000000000004,184.73000000000002,222,111.0,23,2,0.3623809523809524,168,168.0,168.0,0.761285500747384,0.0,0.0,0.0,United Kingdom,1472.25,3
17160,44,13,7649.04,588.3876923076923,5937,456.6923076923077,182,11,0.7744031311154599,511,42.5,37.5,-0.05713983303123731,0.0,0.0,0.0,United Kingdom,2255.12,4
17162,10,8,1114.78,139.3475,685,85.625,67,4,2.1175652173913044,115,38.333333333333336,32.0,-0.47438836668522594,0.0,0.0,0.0,United Kingdom,550.1800000000001,2
17163,265,2,385.68,192.84,415,207.5,23,2,0.26469565217391305,230,230.0,230.0,0.7306711979609175,0.0,0.0,0.0,United Kingdom,293.1,2
17164,32,2,943.22,471.61,602,301.0,49,2,0.9980327868852459,61,61.0,61.0,-0.49597372155693403,0.0,0.0,0.0,United Kingdom,1493.23,5
17166,23,1,127.59,127.59,57,57.0,10,1,30.439999999999998,1,0.0,0.0,0.0,0.0,0.0,0.0,United Kingdom,78.75,1
17169,2,2,616.88,308.44,246,123.0,30,2,0.15373737373737376,396,395.0,395.0,0.0015574302401038878,0.0,0.0,0.0,United Kingdom,527.1,1
17172,250,2,381.45,190.725,347,173.5,17,2,0.204983164983165,297,296.0,296.0,-0.4091667361748269,0.0,0.0,0.0,United Kingdom,238.32,1
17175,0,2,821.7,410.85,514,257.0,30,2,0.5248275862068966,116,116.0,116.0,-0.4170070124065655,0.0,0.0,0.0,United Kingdom,380.98,2
17179,51,5,1283.78,256.756,543,108.6,69,5,0.45981873111782484,331,82.5,84.5,0.3988713655729126,0.0,0.0,0.0,United Kingdom,223.48,1
17180,60,10,1693.78,169.378,1449,144.9,174,9,0.6825112107623319,446,55.75,43.5,-0.12044476008699906,0.0,0.0,0.0,United Kingdom,231.17,1
17181,415,1,23.98,23.98,26,26.0,4,1,30.439999999999998,1,0.0,0.0,0.0,0.0,0.0,0.0,United Kingdom,84.39999999999999,1
17188,134,9,3267.02,363.0022222222222,1549,172.11111111111111,102,8,0.6585576923076923,416,52.0,56.5,0.5313962498062914,0.0,0.0,0.0,United Kingdom,1049.79,4
17189,178,4,776.29,194.0725,429,107.25,87,3,0.32126649076517155,379,126.0,162.0,-0.5878447209488467,0.0,0.0,0.0,United Kingdom,157.18,1
17190,222,4,754.81,188.7025,435,108.75,131,2,0.8282993197278912,147,146.0,146.0,-0.29955619635495284,0.0,0.0,0.0,United Kingdom,228.74,1
17191,11,13,3051.39,234.72230769230768,1466,112.76923076923077,217,9,0.723436928702011,547,60.77777777777778,59.0,0.20654720583130845,0.0,0.0,0.0,United Kingdom,819.73,2
17193,205,2,275.1,137.55,138,69.0,6,2,0.17295454545454547,352,351.0,351.0,4.113333333333333,0.0,0.0,0.0,United Kingdom,1192.9,7
17198,184,2,457.91,228.955,237,118.5,71,1,10.146666666666667,6,6.0,6.0,0.0,0.0,0.0,0.0,United Kingdom,170.56,1
17201,343,3,779.0699999999999,259.69,743,247.66666666666666,115,3,0.6341666666666667,144,72.0,72.0,-0.05969814704124324,0.0,0.0,0.0,United Kingdom,207.28,1
17203,207,4,520.21,130.0525,391,97.75,66,1,121.75999999999999,1,0.0,0.0,0.0,0.0,0.0,0.0,United Kingdom,1240.45,6
17204,60,7,4073.03,581.8614285714286,1963,280.42857142857144,92,6,0.6940716612377851,307,61.2,37.0,-0.45110628986968776,0.0,0.0,0.0,United Kingdom,238.55,2
17205,235,2,107.13,53.565,137,68.5,9,2,0.40859060402684566,149,148.0,148.0,-0.863100923272843,0.0,0.0,0.0,United Kingdom,84.74,1
17211,52,10,2670.65,267.065,1513,151.3,165,6,0.6161943319838057,494,54.77777777777778,31.0,0.11452889944576412,0.0,0.0,0.0,United Kingdom,986.86,3
17213,135,9,2985.17,331.68555555555554,1233,137.0,90,6,0.6698288508557457,409,51.0,32.0,0.2998228043143299,0.0,0.0,0.0,United Kingdom,1778.8300000000002,4
17214,68,4,471.72,117.93,166,41.5,51,3,1.096936936936937,111,36.666666666666664,43.0,-0.08368258330470632,0.0,0.0,0.0,United Kingdom,362.15000000000003,2
17218,33,13,2636.1,202.77692307692308,1483,114.07692307692308,187,9,0.8419574468085107,470,39.083333333333336,19.0,1.3630229781754284,0.0,0.0,0.0,United Kingdom,982.89,5
17219,236,1,144.9,144.9,99,99.0,24,1,30.439999999999998,1,0.0,0.0,0.0,0.0,0.0,0.0,United Kingdom,114.23,1
17220,25,12,2676.19,223.01583333333335,1455,121.25,274,8,0.7562732919254659,483,68.85714285714286,52.0,1.8962864046801475,0.0,0.0,0.0,United Kingdom,1669.82,9
17221,411,3,580.31,193.43666666666664,317,105.66666666666667,55,1,5.7075,16,16.0,16.0,0.0,0.0,0.0,0.0,United Kingdom,245.66,2
17222,296,5,1174.9,234.98000000000002,683,136.6,67,4,0.6886877828054299,221,55.25,51.0,-0.18031161911842142,0.0,0.0,0.0,United Kingdom,328.65,1
17227,76,8,684.41,85.55125,643,80.375,46,8,0.5572540045766591,437,62.42857142857143,61.0,0.885370994940978,0.0,0.0,0.0,United Kingdom,361.81,4
17228,27,9,1575.8999999999999,175.1,1311,145.66666666666666,130,7,0.6371162790697674,430,53.75,54.5,-0.25566722748605314,0.0,0.0,0.0,United Kingdom,1218.51,4
17231,9,21,5305.86,252.66,2790,132.85714285714286,425,17,1.1772375690607735,543,31.88235294117647,29.0,-0.11361285024051518,0.0,0.0,0.0,United Kingdom,1316.64,4
17233,267,2,355.03000000000003,177.51500000000001,166,83.0,31,2,0.21978339350180506,277,276.0,276.0,0.15941852685359786,0.0,0.0,0.0,United Kingdom,165.88,1
17235,191,7,1259.67,179.95285714285714,698,99.71428571428571,40,5,1.1772375690607735,181,30.166666666666668,15.0,0.15800383745631502,0.0,0.0,0.0,United Kingdom,208.16,1
17236,61,10,1113.25,111.325,421,42.1,74,9,0.7591022443890274,401,44.44444444444444,44.0,0.4313138813662969,0.0,0.0,0.0,United Kingdom,335.36,2
17237,195,2,666.69,333.345,308,154.0,57,1,8.697142857142858,7,6.0,6.0,0.0,0.0,0.0,0.0,United Kingdom,314.69,2
17238,4,24,4899.7,204.15416666666667,2355,98.125,390,13,1.3187003610108303,554,27.7,19.5,-0.02507887642551602,0.0,0.0,0.0,United Kingdom,2157.56,8
17242,276,3,1489.48,496.49333333333334,676,225.33333333333334,25,3,0.39877729257641925,229,114.0,114.0,3.177337110481586,0.0,0.0,0.0,United Kingdom,1015.04,2
17243,56,54,12712.11,235.40944444444446,4761,88.16666666666667,279,17,3.2744223107569725,502,10.04,8.5,-0.30569114397799513,0.0,0.0,0.0,United Kingdom,4826.32,15
17244,202,4,721.98,180.495,567,141.75,78,2,0.3468945868945869,351,350.0,350.0,2.5507721399306647,0.0,0.0,0.0,United Kingdom,666.18,1
17248,301,1,181.89000000000001,181.89000000000001,63,63.0,34,1,30.439999999999998,1,0.0,0.0,0.0,0.0,0.0,0.0,United Kingdom,277.85,1
17250,80,1,142.7,142.7,69,69.0,22,1,30.439999999999998,1,0.0,0.0,0.0,0.0,0.0,0.0,United Kingdom,193.82,1
17252,5,1,337.01,337.01,190,190.0,85,1,30.439999999999998,1,0.0,0.0,0.0,0.0,0.0,0.0,United Kingdom,11.9,1
17254,220,1,198.29,198.29,146,146.0,36,1,30.439999999999998,1,0.0,0.0,0.0,0.0,0.0,0.0,United Kingdom,258.44,2
17255,118,3,554.47,184.82333333333335,378,126.0,128,3,0.6212244897959184,147,73.5,73.5,-0.7573788126666815,0.0,0.0,0.0,United Kingdom,183.22,1
17256,131,3,184.03,61.343333333333334,122,40.666666666666664,18,2,0.3159861591695502,289,288.0,288.0,1.2786388740424015,0.0,0.0,0.0,United Kingdom,22.4,1
17259,187,5,1131.36,226.272,659,131.8,156,4,0.5303135888501742,287,95.66666666666667,84.0,-0.07539466521502443,0.0,0.0,0.0,United Kingdom,213.28,1
17262,46,5,342.96,68.592,91,18.2,6,4,0.41813186813186815,364,121.0,112.0,-0.5781094527363184,0.0,0.0,0.0,United Kingdom,298.0,1
17265,0,1,365.34000000000003,365.34000000000003,213,213.0,71,1,30.439999999999998,1,0.0,0.0,0.0,0.0,0.0,0.0,United Kingdom,172.17,1
17266,318,2,205.14,102.57,90,45.0,43,2,0.4287323943661972,142,141.0,141.0,-0.21197594351956775,0.0,0.0,0.0,United Kingdom,296.58,3
17268,311,6,809.6,134.93333333333334,404,67.33333333333333,21,5,0.761,240,48.0,34.0,0.6633744855967078,0.0,0.0,0.0,United Kingdom,35.0,1
17272,18,2,1287.0,643.5,989,494.5,57,2,0.9512499999999999,64,63.0,63.0,0.15592334494773505,0.0,0.0,0.0,United Kingdom,684.47,1
17274,215,1,465.4,465.4,194,194.0,52,1,30.439999999999998,1,0.0,0.0,0.0,0.0,0.0,0.0,United Kingdom,107.82,1
17282,119,3,1002.88,334.29333333333335,635,211.66666666666666,161,3,0.36674698795180727,249,124.5,124.5,-0.2542821334076035,0.0,0.0,0.0,United Kingdom,131.39999999999998,2
17284,55,3,1773.27,591.09,1405,468.3333333333333,223,3,0.592987012987013,154,77.0,77.0,-0.8676653703952032,0.0,0.0,0.0,United Kingdom,724.13,4
17286,219,2,165.81,82.905,151,75.5,45,1,60.879999999999995,1,0.0,0.0,0.0,0.0,0.0,0.0,United Kingdom,151.37,1
17287,25,18,2531.79,140.655,1546,85.88888888888889,222,11,1.031864406779661,531,37.92857142857143,32.0,-0.046639200074067036,0.0,0.0,0.0,United Kingdom,472.22,3
17288,26,9,1461.1200000000001,162.3466666666667,1054,117.11111111111111,132,6,1.4650267379679145,187,31.166666666666668,32.0,-0.7710010301897994,0.0,0.0,0.0,United Kingdom,596.13,2
17289,195,6,941.5600000000001,156.92666666666668,574,95.66666666666667,125,5,0.6866165413533835,266,53.0,68.0,-0.05614430167351098,0.0,0.0,0.0,United Kingdom,918.52,3
17290,201,6,761.77,126.96166666666666,380,63.333333333333336,90,5,0.5293913043478261,345,86.25,86.0,4.718140929535234,0.0,0.0,0.0,United Kingdom,488.74,2
17293,127,10,1773.1,177.31,958,95.8,88,9,0.7095571095571096,429,47.55555555555556,42.0,-0.01154466980138966,0.0,0.0,0.0,United Kingdom,1190.76,6
17298,193,3,376.1,125.36666666666667,295,98.33333333333333,35,3,0.3407462686567164,268,133.5,133.5,4.464420763148848,0.0,0.0,0.0,United Kingdom,458.58,2
17299,258,2,336.62,168.31,251,125.5,52,2,1.4495238095238097,42,42.0,42.0,-0.45530469897209985,0.0,0.0,0.0,United Kingdom,625.41,4
17301,443,1,131.15,131.15,79,79.0,52,1,30.439999999999998,1,0.0,0.0,0.0,0.0,0.0,0.0,United Kingdom,163.24,1
17302,28,2,303.12,151.56,190,95.0,35,2,0.6212244897959184,98,97.0,97.0,-0.3422477440525021,0.0,0.0,0.0,United Kingdom,807.01,3
17306,23,3,453.6,151.20000000000002,216,72.0,2,3,0.7738983050847458,118,59.0,59.0,-0.5,0.0,0.0,0.0,United Kingdom,774.1200000000001,8
17309,200,2,199.39000000000001,99.69500000000001,137,68.5,21,2,0.20849315068493152,292,292.0,292.0,-0.8383243999067816,0.0,0.0,0.0,United Kingdom,82.75,1
17311,136,5,1959.31,391.86199999999997,1114,222.8,70,5,0.4251396648044693,358,89.5,95.0,0.4169915128787131,0.0,0.0,0.0,United Kingdom,633.54,1
17314,76,12,2808.98,234.08166666666668,1572,131.0,107,10,0.761,480,43.63636363636363,49.0,0.019105807935595284,0.0,0.0,0.0,United Kingdom,1545.28,5
17315,11,25,5476.79,219.0716,2453,98.12,311,9,3.0809716599190287,247,10.73913043478261,9.0,-0.580973380247387,0.0,0.0,0.0,United Kingdom,2873.74,16
17320,55,5,2083.77,416.754,846,169.2,66,5,0.3374722838137472,451,112.75,101.0,0.6916528882918259,0.0,0.0,0.0,United Kingdom,290.52,1
17321,213,4,860.75,215.1875,420,105.0,154,3,0.6617391304347826,184,91.5,91.5,0.40695170716702556,0.0,0.0,0.0,United Kingdom,627.26,2
17323,34,7,932.19,133.17000000000002,908,129.71428571428572,120,7,0.44024793388429756,484,80.5,77.0,-0.18297175603765864,0.0,0.0,0.0,United Kingdom,615.45,5
17324,151,10,1440.48,144.048,862,86.2,83,8,0.7805128205128206,390,48.75,48.0,1.0032524393294973,0.0,0.0,0.0,United Kingdom,209.25,2
17329,134,4,708.7,177.175,307,76.75,72,2,0.28921615201900236,421,210.5,210.5,-0.477027549748571,0.0,0.0,0.0,United Kingdom,279.75,1
17330,364,1,9.95,9.95,1,1.0,1,1,30.439999999999998,1,0.0,0.0,0.0,0.0,0.0,0.0,United Kingdom,363.9,2
17337,30,3,1832.41,610.8033333333334,1212,404.0,414,3,0.9132,100,49.5,49.5,-0.047262303118139795,0.0,0.0,0.0,United Kingdom,32.95,1
17338,24,14,8848.55,632.0392857142857,4203,300.2142857142857,472,13,0.9819354838709677,434,33.38461538461539,30.0,0.7914441755775754,0.0,0.0,0.0,United Kingdom,2785.2,3
17339,184,2,119.0,59.5,36,18.0,5,2,0.41986206896551725,145,144.0,144.0,0.01694915254237282,0.0,0.0,0.0,United Kingdom,139.20000000000002,1
17340,12,11,11356.02,1032.3654545454547,5325,484.09090909090907,235,10,0.7109129511677282,471,47.1,40.5,0.10412393483082363,0.0,0.0,0.0,United Kingdom,6075.79,7
17341,185,3,955.53,318.51,630,210.0,179,2,0.5248275862068965,174,174.0,174.0,-0.22695390781563118,0.0,0.0,0.0,United Kingdom,245.52,2
17344,548,1,286.99,286.99,134,134.0,35,1,30.439999999999998,1,0.0,0.0,0.0,0.0,0.0,0.0,United Kingdom,132.62,1
17345,16,8,916.19,114.52375,869,108.625,116,5,0.44929889298892994,542,135.5,157.0,-0.20150367084134882,0.0,0.0,0.0,United Kingdom,307.36,2
17346,6,17,3134.34,184.3729411764706,2295,135.0,363,12,1.249951690821256,414,25.8125,16.0,-0.538499932410652,0.0,0.0,0.0,United Kingdom,1517.79,9
17348,117,5,1329.9,265.98,1331,266.2,202,4,0.4450292397660819,342,85.5,94.0,0.18740748050922723,0.0,0.0,0.0,United Kingdom,914.22,4
17349,199,3,434.4,144.79999999999998,334,111.33333333333333,63,2,0.36238095238095236,252,125.5,125.5,16.175732217573223,0.0,0.0,0.0,United Kingdom,43.0,1
17350,213,3,533.981,177.99366666666666,354,118.0,61,3,0.3226855123674912,283,141.0,141.0,-0.7008425360261398,0.0,0.0,0.0,United Kingdom,1231.32,4
17351,92,10,1563.08,156.308,294,29.4,28,8,0.6675438596491229,456,57.0,46.5,-0.059924535795849436,0.0,0.0,0.0,United Kingdom,388.55,2
17354,247,2,409.59,204.795,351,175.5,58,1,60.879999999999995,1,0.0,0.0,0.0,0.0,0.0,0.0,United Kingdom,56.690000000000005,1
17359,467,1,143.85,143.85,75,75.0,22,1,30.439999999999998,1,0.0,0.0,0.0,0.0,0.0,0.0,United Kingdom,84.3,1
17360,3,4,895.52,223.88,457,114.25,134,3,0.48509960159362553,251,125.0,125.0,-0.4753732740861808,0.0,0.0,0.0,United Kingdom,247.34,2
17361,5,4,619.8100000000001,154.95250000000001,284,71.0,39,3,0.24848979591836737,490,245.0,245.0,-0.38418624051721895,0.0,0.0,0.0,United Kingdom,211.53,1
17364,23,21,8485.55,404.0738095238095,5078,241.8095238095238,378,14,1.2106818181818182,528,27.789473684210527,26.0,-0.19638279692395322,0.0,0.0,0.0,United Kingdom,2293.96,6
17365,19,11,4756.09,432.3718181818182,3812,346.54545454545456,300,9,0.7019706498951782,477,53.0,54.0,0.771275077059334,0.0,0.0,0.0,United Kingdom,2491.3,4
17368,78,8,907.65,113.45625,651,81.375,125,5,0.5236989247311828,465,77.5,54.5,0.7314995937283697,0.0,0.0,0.0,United Kingdom,654.95,5
17371,180,4,312.36,78.09,166,41.5,60,3,0.32819407008086254,371,185.0,185.0,-0.6592265098510537,0.0,0.0,0.0,United Kingdom,301.01,2
17372,2,24,3401.05,141.71041666666667,1556,64.83333333333333,352,15,1.3210849909584088,553,24.043478260869566,19.0,-0.14473828596510468,0.0,0.0,0.0,United Kingdom,454.62,3
17373,132,4,665.83,166.4575,419,104.75,44,4,0.3613056379821959,337,112.33333333333333,106.0,2.0673793524740383,0.0,0.0,0.0,United Kingdom,501.67,3
17376,130,3,356.29,118.76333333333334,193,64.33333333333333,37,3,0.4307547169811321,212,105.5,105.5,-0.5773438747803865,0.0,0.0,0.0,United Kingdom,97.35,1
17377,75,65,14794.23,227.60353846153845,5838,89.81538461538462,418,15,4.104979253112034,482,8.763636363636364,7.0,-0.09787547539516621,0.0,0.0,0.0,United Kingdom,2460.7,13
17381,23,9,1736.17,192.9077777777778,487,54.111111111111114,11,7,0.7940869565217392,345,43.125,27.0,0.4384410112359552,0.0,0.0,0.0,United Kingdom,168.0,2
17382,255,6,553.2,92.2,288,48.0,11,4,1.3629850746268657,134,26.8,14.0,0.3424657534246575,0.0,0.0,0.0,United Kingdom,50.400000000000006,1
17383,272,1,110.69999999999999,110.69999999999999,12,12.0,2,1,30.439999999999998,1,0.0,0.0,0.0,0.0,0.0,0.0,United Kingdom,193.39000000000001,1
17384,38,2,398.8,199.4,76,38.0,7,2,0.2444979919678715,249,248.0,248.0,0.3301197779725386,0.0,0.0,0.0,United Kingdom,108.75,1
17386,204,1,126.35000000000001,126.35000000000001,53,53.0,10,1,30.439999999999998,1,0.0,0.0,0.0,0.0,0.0,0.0,United Kingdom,373.14,3
17388,240,5,408.62,81.724,262,52.4,28,3,0.9694267515923567,157,39.25,32.5,0.6286265680283051,0.0,0.0,0.0,United Kingdom,138.43,2
17389,4,34,10084.69,296.6085294117647,2886,84.88235294117646,46,14,2.3415384615384616,442,14.7,12.5,0.12153386248840327,0.0,0.0,0.0,United Kingdom,5556.34,17
17396,191,7,1126.8,160.97142857142856,316,45.142857142857146,11,3,3.044,70,11.666666666666666,3.0,-0.7608050148465852,0.0,0.0,0.0,United Kingdom,790.8000000000001,2
17397,235,1,516.87,516.87,441,441.0,44,1,30.439999999999998,1,0.0,0.0,0.0,0.0,0.0,0.0,United Kingdom,664.46,2
17398,29,2,515.7,257.85,258,129.0,25,2,1.352888888888889,45,45.0,45.0,-0.31294163831457733,0.0,0.0,0.0,United Kingdom,124.92999999999999,1
17400,29,7,3545.26,506.46571428571434,1482,211.71428571428572,269,6,0.4153606237816765,513,85.33333333333333,70.5,-0.5382541148530526,0.0,0.0,0.0,United Kingdom,778.72,1
17402,2,13,1588.96,122.22769230769231,637,49.0,97,11,0.7328148148148148,540,49.09090909090909,41.0,0.09674951115141543,0.0,0.0,0.0,United Kingdom,760.36,7
17403,270,1,76.25,76.25,75,75.0,11,1,30.439999999999998,1,0.0,0.0,0.0,0.0,0.0,0.0,United Kingdom,263.92,1
17404,30,11,2129.04,193.5490909090909,642,58.36363636363637,37,10,0.6819551934826884,491,49.0,47.0,-0.11644097335483075,0.0,0.0,0.0,Sweden,1334.04,5
17408,333,1,101.25,101.25,39,39.0,3,1,30.439999999999998,1,0.0,0.0,0.0,0.0,0.0,0.0,United Kingdom,19.9,1
17410,34,1,302.4,302.4,100,100.0,15,1,30.439999999999998,1,0.0,0.0,0.0,0.0,0.0,0.0,United Kingdom,793.67,4
17411,80,3,932.02,310.67333333333335,428,142.66666666666666,46,3,0.19184873949579834,476,237.5,237.5,0.7062137049941927,0.0,0.0,0.0,United Kingdom,493.36,2
17412,15,13,3000.8,230.83076923076925,1978,152.15384615384616,137,10,0.7301107011070112,542,45.083333333333336,44.5,-0.5088673891762695,0.0,0.0,0.0,United Kingdom,534.32,3
17416,23,17,11186.6,658.035294117647,5366,315.6470588235294,259,9,0.9913409961685824,522,58.0,44.0,-0.011447871300328694,0.0,0.0,0.0,United Kingdom,2845.89,4
17418,143,2,333.67,166.835,275,137.5,22,2,0.9512499999999999,64,64.0,64.0,0.006675487130142012,0.0,0.0,0.0,United Kingdom,296.07,1
17419,69,13,3845.43,295.8023076923077,1973,151.76923076923077,135,11,0.9117972350230416,434,39.45454545454545,38.0,2.069195034973175,0.0,0.0,0.0,United Kingdom,2095.77,5
17420,193,4,465.65,116.4125,233,58.25,23,2,4.348571428571429,28,14.0,14.0,-0.6873854827343199,0.0,0.0,0.0,United Kingdom,411.08,2
17422,40,7,2120.68,302.9542857142857,1374,196.28571428571428,91,7,0.6764444444444445,315,52.333333333333336,41.5,-0.579213592298055,0.0,0.0,0.0,United Kingdom,1006.74,4
17423,37,2,638.6,319.3,453,226.5,25,2,0.34590909090909094,176,176.0,176.0,0.4723190089043746,0.0,0.0,0.0,United Kingdom,248.99,1
17426,101,8,3674.93,459.36625,2001,250.125,139,4,0.6425329815303431,379,126.0,158.0,2.302642516771844,0.0,0.0,0.0,United Kingdom,3316.46,5
17428,32,28,12838.81,458.52892857142854,6048,216.0,275,13,1.6203802281368822,526,25.047619047619047,15.0,0.41052354890493153,0.0,0.0,0.0,United Kingdom,5607.02,13
17429,4,4,1189.96,297.49,948,237.0,69,4,0.49697959183673474,245,81.33333333333333,33.0,-0.5706872943041775,0.0,0.0,0.0,United Kingdom,127.5,1
17430,184,3,469.40999999999997,156.47,325,108.33333333333333,24,3,0.7940869565217392,115,57.0,57.0,0.22680265654648957,0.0,0.0,0.0,United Kingdom,153.16,1
17432,204,7,1286.68,183.8114285714286,796,113.71428571428571,171,5,0.6070655270655271,351,87.75,80.5,0.986375768829059,0.0,0.0,0.0,United Kingdom,365.76,2
17433,204,1,221.95000000000002,221.95000000000002,117,117.0,37,1,30.439999999999998,1,0.0,0.0,0.0,0.0,0.0,0.0,United Kingdom,303.15999999999997,1
17436,46,4,440.15999999999997,110.03999999999999,136,34.0,5,4,0.24063241106719369,506,168.66666666666666,182.0,0.037777777777777764,0.0,0.0,0.0,United Kingdom,93.89999999999999,1
17440,67,3,159.78,53.26,78,26.0,3,2,0.3023841059602649,302,302.0,302.0,-0.8350831146106736,0.0,0.0,0.0,United Kingdom,30.599999999999998,1
17442,39,11,3063.35,278.48636363636365,2068,188.0,140,8,0.7575565610859729,442,49.111111111111114,55.0,-0.476187870587767,0.0,0.0,0.0,United Kingdom,1419.81,4
17446,129,1,68.10000000000001,68.10000000000001,102,102.0,5,1,30.439999999999998,1,0.0,0.0,0.0,0.0,0.0,0.0,United Kingdom,52.800000000000004,1
17449,53,9,3630.38,403.3755555555556,1964,218.22222222222223,233,9,0.5512273641851108,497,62.0,49.5,0.949322457998895,0.0,0.0,0.0,United Kingdom,1154.6200000000001,4
17450,79,7,3912.2999999999997,558.9,1414,202.0,55,5,1.1970786516853933,178,35.6,35.0,1.5007774081573617,0.0,0.0,0.0,United Kingdom,6334.52,8
17457,71,12,2037.11,169.75916666666666,737,61.416666666666664,16,10,0.761,480,43.63636363636363,40.0,-0.16523101018010958,0.0,0.0,0.0,United Kingdom,62.11,1
17458,201,1,213.08,213.08,112,112.0,32,1,30.439999999999998,1,0.0,0.0,0.0,0.0,0.0,0.0,United Kingdom,316.5,1
17460,45,15,1947.1200000000001,129.80800000000002,891,59.4,88,13,0.9904555314533623,461,32.92857142857143,34.0,-0.23691120809866176,0.0,0.0,0.0,United Kingdom,147.10000000000002,1
17462,103,1,463.40999999999997,463.40999999999997,155,155.0,14,1,30.439999999999998,1,0.0,0.0,0.0,0.0,0.0,0.0,United Kingdom,199.53,1
17463,53,4,1534.11,383.5275,909,227.25,168,4,0.34202247191011237,356,118.66666666666667,80.0,0.3265241128298454,0.0,0.0,0.0,United Kingdom,908.0,3
17464,341,2,493.28000000000003,246.64000000000001,190,95.0,26,2,0.6212244897959184,98,97.0,97.0,0.6225742995374557,0.0,0.0,0.0,United Kingdom,248.20000000000002,1
17468,194,1,57.8,57.8,68,68.0,3,1,30.439999999999998,1,0.0,0.0,0.0,0.0,0.0,0.0,United Kingdom,137.0,2
17469,24,13,3389.85,260.7576923076923,1546,118.92307692307692,131,9,0.762466281310212,519,57.666666666666664,35.0,-0.7350314763470271,0.0,0.0,0.0,United Kingdom,1565.6100000000001,4
17470,37,9,1975.71,219.52333333333334,1555,172.77777777777777,83,8,0.9414432989690722,291,36.375,28.5,-0.7731002375556344,0.0,0.0,0.0,United Kingdom,415.8,2
17480,264,1,370.40999999999997,370.40999999999997,243,243.0,24,1,30.439999999999998,1,0.0,0.0,0.0,0.0,0.0,0.0,United Kingdom,511.82,1
17483,2,2,269.04,134.52,119,59.5,13,2,0.2624137931034483,232,231.0,231.0,0.361242759347025,0.0,0.0,0.0,United Kingdom,258.94,2
17489,32,1,208.56,208.56,232,232.0,16,1,30.439999999999998,1,0.0,0.0,0.0,0.0,0.0,0.0,United Kingdom,168.07999999999998,1
17490,207,2,658.18,329.09,397,198.5,37,2,0.3345054945054945,182,181.0,181.0,-0.13620660361329773,0.0,0.0,0.0,United Kingdom,1718.6399999999999,7
17491,3,11,2550.4,231.85454545454547,1588,144.36363636363637,72,10,0.8227027027027027,407,45.111111111111114,42.0,-0.31197563498448455,0.0,0.0,0.0,United Kingdom,1827.3700000000001,6
17495,210,1,258.16,258.16,134,134.0,19,1,30.439999999999998,1,0.0,0.0,0.0,0.0,0.0,0.0,United Kingdom,485.06,2
17505,25,4,1659.88,414.97,906,226.5,63,3,0.3044,400,200.0,200.0,-0.5847948230439342,0.0,0.0,0.0,United Kingdom,607.85,1
17510,240,1,185.92,185.92,160,160.0,14,1,30.439999999999998,1,0.0,0.0,0.0,0.0,0.0,0.0,United Kingdom,282.98,1
17511,25,38,32613.47,858.2492105263158,11075,291.44736842105266,226,18,2.1742857142857144,532,14.75,14.0,-0.040503370624496736,0.0,0.0,0.0,United Kingdom,10184.15,14
17512,19,11,2300.37,209.12454545454545,1547,140.63636363636363,75,7,0.63296786389414,529,52.9,28.0,0.2047922557147651,0.0,0.0,0.0,United Kingdom,1014.89,4
17513,228,2,645.6,322.8,186,93.0,12,2,0.8574647887323944,71,71.0,71.0,-0.3317829457364341,0.0,0.0,0.0,United Kingdom,140.39999999999998,1
17514,488,1,313.35,313.35,149,149.0,41,1,30.439999999999998,1,0.0,0.0,0.0,0.0,0.0,0.0,United Kingdom,208.65,1
17515,25,8,1012.86,126.6075,472,59.0,75,8,0.7058550724637682,345,49.142857142857146,47.0,-0.200447729372468,0.0,0.0,0.0,United Kingdom,67.65,1
17516,36,4,560.3100000000001,140.07750000000001,363,90.75,111,3,0.7516049382716049,162,80.5,80.5,-0.3993558776167471,0.0,0.0,0.0,United Kingdom,277.97,2
17519,26,12,3278.57,273.2141666666667,2034,169.5,114,12,0.6853283302063791,533,48.36363636363637,52.0,-0.494639405306874,0.0,0.0,0.0,United Kingdom,696.3000000000001,3
17521,18,3,661.76,220.58666666666667,400,133.33333333333334,34,3,0.3869491525423729,236,117.5,117.5,-0.6822779769016328,0.0,0.0,0.0,United Kingdom,544.93,2
17522,2,3,650.92,216.97333333333333,591,197.0,46,2,2.609142857142857,35,17.5,17.5,2.245499608661623,0.0,0.0,0.0,United Kingdom,133.41,2
17526,110,11,2918.3599999999997,265.3054545454545,610,55.45454545454545,51,9,0.7750925925925927,432,48.0,53.0,0.4131241886271367,0.0,0.0,0.0,United Kingdom,132.4,1
17527,37,1,228.36,228.36,52,52.0,6,1,30.439999999999998,1,0.0,0.0,0.0,0.0,0.0,0.0,United Kingdom,623.36,3
17530,25,8,1660.53,207.56625,963,120.375,264,6,0.4612121212121212,528,87.83333333333333,66.0,2.194634602268421,0.0,0.0,0.0,United Kingdom,947.49,4
17534,270,4,1419.97,354.9925,755,188.75,68,4,0.605771144278607,201,67.0,85.0,-0.27637983564570356,0.0,0.0,0.0,United Kingdom,223.36,1
17537,122,1,579.95,579.95,321,321.0,59,1,30.439999999999998,1,0.0,0.0,0.0,0.0,0.0,0.0,United Kingdom,248.2,1
17540,135,5,1280.5,256.1,458,91.6,35,5,0.5359154929577464,284,70.75,75.5,0.13648118795361625,0.0,0.0,0.0,United Kingdom,310.1,1
17545,209,3,645.89,215.29666666666665,270,90.0,109,2,0.48574468085106387,188,187.0,187.0,0.7708708708708708,0.0,0.0,0.0,United Kingdom,465.07,3
17552,191,10,1975.24,197.524,980,98.0,58,6,1.1890625,256,42.5,45.0,-0.47423508601178743,0.0,0.0,0.0,United Kingdom,617.97,2
17555,154,4,760.88,190.22,547,136.75,174,3,0.48317460317460315,252,84.0,91.0,3.040609473335542,0.0,0.0,0.0,United Kingdom,284.86,1
17557,552,1,34.0,34.0,4,4.0,1,1,30.439999999999998,1,0.0,0.0,0.0,0.0,0.0,0.0,United Kingdom,541.46,3
17560,23,6,995.32,165.88666666666668,614,102.33333333333333,22,6,0.39964989059080963,457,91.2,91.0,0.582563570316554,0.0,0.0,0.0,United Kingdom,177.60000000000002,2
17561,209,3,537.9,179.29999999999998,237,79.0,129,3,0.26623906705539363,343,171.5,171.5,0.8355297838692674,0.0,0.0,0.0,United Kingdom,152.62,1
17567,52,5,2367.82,473.564,1284,256.8,98,5,0.7282296650717703,209,52.0,58.5,0.34020557422415504,0.0,0.0,0.0,United Kingdom,1317.6299999999999,4
17571,97,3,525.29,175.09666666666666,361,120.33333333333333,93,3,0.3446037735849057,265,132.5,132.5,0.7289209829082025,0.0,0.0,0.0,United Kingdom,949.77,2
17572,58,8,577.6600000000001,72.20750000000001,288,36.0,14,7,0.500041067761807,487,69.42857142857143,66.0,2.108242656994524,0.0,0.0,0.0,United Kingdom,74.55,2
17576,2,32,6030.96,188.4675,3411,106.59375,309,19,1.7582671480144405,554,19.06896551724138,20.0,0.03183334997076576,0.0,0.0,0.0,United Kingdom,1797.74,9
17579,397,1,222.98,222.98,113,113.0,40,1,30.439999999999998,1,0.0,0.0,0.0,0.0,0.0,0.0,United Kingdom,436.15000000000003,3
17581,33,27,9714.97,359.81370370370365,5025,186.11111111111111,281,14,1.571472275334608,523,40.23076923076923,43.0,-0.02064525330317946,0.0,0.0,0.0,United Kingdom,7224.06,15
17584,286,4,2975.35,743.8375,997,249.25,55,4,0.5611059907834102,217,72.0,84.0,1.741166855274739,0.0,0.0,0.0,United Kingdom,1212.4,2
17585,82,5,1242.36,248.47199999999998,1101,220.2,198,4,0.7079069767441861,215,53.75,47.0,-0.407455358859648,0.0,0.0,0.0,United Kingdom,493.43,2
17588,52,5,1606.23,321.246,447,89.4,28,5,0.37580246913580245,405,101.25,94.0,-0.17085169621809973,0.0,0.0,0.0,United Kingdom,197.52,1
17589,6,16,11968.73,748.045625,7205,450.3125,537,9,1.0680701754385966,456,35.0,21.0,-0.8157393756493346,0.0,0.0,0.0,United Kingdom,1083.72,2
17591,22,6,1651.02,275.17,838,139.66666666666666,90,6,0.3742622950819672,488,97.6,48.0,16.40602006688963,0.0,0.0,0.0,United Kingdom,576.4,2
17593,172,7,4443.51,634.7871428571428,2425,346.42857142857144,153,5,0.5563446475195823,383,63.833333333333336,67.5,-0.3797331611792554,0.0,0.0,0.0,United Kingdom,2908.7400000000002,4
17594,74,3,1781.45,593.8166666666667,1035,345.0,51,3,0.2601709401709402,351,175.0,175.0,-0.7851955402502643,0.0,0.0,0.0,United Kingdom,678.18,1
17596,10,9,1762.83,195.87,1567,174.11111111111111,200,9,0.5130337078651686,534,66.625,64.0,-0.33423566383521586,0.0,0.0,0.0,United Kingdom,830.71,4
17602,143,9,2806.41,311.8233333333333,2210,245.55555555555554,266,6,0.928677966101695,295,42.142857142857146,23.0,-0.5818571706273995,0.0,0.0,0.0,United Kingdom,3869.97,5
17603,437,3,1380.91,460.30333333333334,563,187.66666666666666,92,3,0.808141592920354,113,56.0,56.0,-0.6901618196649782,0.0,0.0,0.0,United Kingdom,144.72,1
17608,268,2,296.07,148.035,299,149.5,90,2,0.3828930817610063,159,158.0,158.0,-0.10065434949961516,0.0,0.0,0.0,United Kingdom,191.99,2
17609,121,8,1142.28,142.785,778,97.25,226,6,0.7906493506493506,308,61.4,28.0,0.4314176245210728,0.0,0.0,0.0,United Kingdom,535.63,3
17611,20,19,6099.86,321.04526315789474,3795,199.73684210526315,627,14,1.0750185873605949,538,31.58823529411765,35.0,-0.11231664294114017,0.0,0.0,0.0,United Kingdom,1882.06,9
17612,34,14,3955.59,282.5421428571429,2149,153.5,154,11,0.8372495088408646,509,42.333333333333336,38.5,-0.06227710937806172,0.0,0.0,0.0,United Kingdom,1173.3,4
17613,14,7,2433.82,347.68857142857144,1360,194.28571428571428,159,4,1.9025,112,22.2,25.0,-0.21407710708991914,0.0,0.0,0.0,United Kingdom,1869.9,7
17615,23,5,562.95,112.59,299,59.8,43,4,0.5397163120567375,282,70.5,49.0,-0.5164053234945316,0.0,0.0,0.0,United Kingdom,57.3,1
17618,67,10,3525.7200000000003,352.572,1502,150.2,187,8,0.6965675057208238,437,48.44444444444444,35.0,-0.3196534188665577,0.0,0.0,0.0,United Kingdom,224.9,1
17621,131,5,2329.8,465.96000000000004,730,146.0,50,3,1.2683333333333333,120,29.75,28.0,-0.49731040621251016,0.0,0.0,0.0,United Kingdom,478.12,1
17623,228,6,1668.92,278.15333333333336,522,87.0,105,6,0.5779746835443038,316,63.2,35.0,6.137888198757763,0.0,0.0,0.0,United Kingdom,503.15000000000003,1
17624,37,3,1052.75,350.9166666666667,711,237.0,67,3,0.18191235059760957,502,250.5,250.5,2.102209406538597,0.0,0.0,0.0,United Kingdom,443.18,1
17625,77,5,4462.28,892.4559999999999,2695,539.0,341,5,0.3252136752136752,468,116.75,115.5,-0.04047039811700244,0.0,0.0,0.0,United Kingdom,1478.3700000000001,3
17629,34,5,1183.99,236.798,714,142.8,74,5,0.7352657004830918,207,51.75,34.5,-0.5793256539476843,0.0,0.0,0.0,United Kingdom,1127.17,5
17630,51,1,242.35,242.35,107,107.0,15,1,30.439999999999998,1,0.0,0.0,0.0,0.0,0.0,0.0,United Kingdom,106.3,1
17631,51,5,730.51,146.102,346,69.2,46,4,0.30562248995983937,498,124.5,98.0,0.17569096974029072,0.0,0.0,0.0,United Kingdom,225.78,2
17633,199,3,657.55,219.1833333333333,195,65.0,28,1,9.132,10,5.0,5.0,0.0,0.0,0.0,0.0,United Kingdom,1324.84,4
17634,32,5,1687.74,337.548,446,89.2,126,4,1.2176,125,31.25,31.5,-0.18957668889533197,0.0,0.0,0.0,United Kingdom,532.35,4
17640,198,5,1640.8600000000001,328.172,876,175.2,43,4,0.6137096774193548,248,61.75,75.5,-0.4256711377199548,0.0,0.0,0.0,United Kingdom,114.3,1
17642,248,3,1078.12,359.3733333333333,905,301.6666666666667,56,3,0.2994098360655738,305,152.5,152.5,-0.28475061649828964,0.0,0.0,0.0,United Kingdom,712.29,2
17644,22,12,3952.14,329.34499999999997,2087,173.91666666666666,115,10,0.7958169934640523,459,45.8,40.0,-0.43786463027083433,0.0,0.0,0.0,United Kingdom,1818.79,8
17647,488,2,108.89999999999999,54.449999999999996,46,23.0,4,1,60.879999999999995,1,0.0,0.0,0.0,0.0,0.0,0.0,United Kingdom,116.11,1
17648,12,4,1475.26,368.815,752,188.0,93,3,0.6308808290155441,193,96.5,96.5,1.5219996657674215,0.0,0.0,0.0,United Kingdom,652.11,1
17649,289,2,684.9,342.45,322,161.0,43,1,20.293333333333333,3,3.0,3.0,0.0,0.0,0.0,0.0,United Kingdom,813.29,1
17651,318,6,1640.52,273.42,922,153.66666666666666,82,1,6.297931034482759,29,7.0,6.5,0.0,0.0,0.0,0.0,United Kingdom,3795.53,10
17652,2,4,1498.51,374.6275,725,181.25,64,3,1.22989898989899,99,32.666666666666664,43.0,0.5193510423671824,0.0,0.0,0.0,United Kingdom,2947.11,8
17655,29,6,1632.24,272.04,664,110.66666666666667,53,5,0.8823188405797102,207,41.2,34.0,-0.27520764207367326,0.0,0.0,0.0,United Kingdom,947.44,3
17658,30,1,165.79999999999998,165.79999999999998,116,116.0,6,1,30.439999999999998,1,0.0,0.0,0.0,0.0,0.0,0.0,United Kingdom,176.29999999999998,1
17659,4,7,1520.41,217.20142857142858,715,102.14285714285714,67,5,1.054851485148515,202,33.666666666666664,14.5,-0.30155946290131586,0.0,0.0,0.0,United Kingdom,1768.57,7
17660,556,1,152.97,152.97,88,88.0,41,1,30.439999999999998,1,0.0,0.0,0.0,0.0,0.0,0.0,United Kingdom,178.75,1
17663,17,13,3242.57,249.42846153846156,1489,114.53846153846153,112,10,0.8833035714285715,448,37.25,30.5,-0.6862753558776445,0.0,0.0,0.0,United Kingdom,935.2,4
17664,31,3,807.83,269.2766666666667,766,255.33333333333334,49,3,0.22382352941176473,408,204.0,204.0,-0.4537363142179007,0.0,0.0,0.0,United Kingdom,278.45,1
17666,297,3,571.44,190.48000000000002,296,98.66666666666667,12,2,1.7905882352941178,51,25.0,25.0,0.27303102625298337,0.0,0.0,0.0,United Kingdom,152.7,2
17667,30,7,3137.11,448.15857142857146,1871,267.2857142857143,132,6,0.47990990990990995,444,88.6,87.0,-0.298922562208883,0.0,0.0,0.0,United Kingdom,609.59,2
17669,29,6,1880.63,313.43833333333333,1081,180.16666666666666,64,5,0.44874692874692873,407,81.4,67.0,-0.8102022611237291,0.0,0.0,0.0,United Kingdom,842.72,4
17671,30,3,1074.71,358.2366666666667,469,156.33333333333334,37,3,0.5534545454545454,165,82.0,82.0,-0.6595614647774894,0.0,0.0,0.0,United Kingdom,553.98,2
17672,128,5,3254.9300000000003,650.9860000000001,1542,308.4,115,4,0.4570570570570571,333,110.66666666666667,108.0,0.7430495276459831,0.0,0.0,0.0,United Kingdom,1570.98,1
17673,5,10,3449.71,344.971,2488,248.8,180,9,0.6840449438202247,445,55.5,54.5,-0.39425140223892746,0.0,0.0,0.0,United Kingdom,521.07,3
17674,188,1,96.18,96.18,133,133.0,9,1,30.439999999999998,1,0.0,0.0,0.0,0.0,0.0,0.0,United Kingdom,198.54000000000002,1
17675,7,50,20077.77,401.5554,8008,160.16,203,19,2.808118081180812,542,12.318181818181818,13.0,0.2686807689138442,0.0,0.0,0.0,United Kingdom,12082.880000000001,18
17676,185,5,1358.0,271.6,952,190.4,56,5,0.5992125984251968,254,63.25,55.5,-0.005024165944381583,0.0,0.0,0.0,United Kingdom,1070.48,5
17677,31,30,8522.710000000001,284.0903333333334,3992,133.06666666666666,218,16,1.7835937499999999,512,24.333333333333332,23.0,-0.4472006573613356,0.0,0.0,0.0,United Kingdom,2582.22,16
17679,341,5,1542.66,308.53200000000004,894,178.8,40,4,0.7079069767441861,215,71.66666666666667,62.0,-0.6185051851055827,0.0,0.0,0.0,United Kingdom,1592.16,2
17680,202,2,153.3,76.65,54,27.0,7,2,0.47562499999999996,128,128.0,128.0,0.3122171945701358,0.0,0.0,0.0,United Kingdom,184.4,1
17682,12,8,2685.61,335.70125,1488,186.0,72,8,0.5423608017817372,449,64.14285714285714,55.0,-0.29830819921429486,0.0,0.0,0.0,United Kingdom,1305.78,3
17685,86,10,2803.36,280.336,1663,166.3,76,9,0.761,400,44.44444444444444,31.0,1.929576675077096,0.0,0.0,0.0,United Kingdom,1350.91,2
17686,19,6,5034.53,839.0883333333333,2242,373.6666666666667,195,4,0.5468263473053893,334,111.0,110.0,0.06468585958005241,0.0,0.0,0.0,United Kingdom,2677.21,3
17690,6,15,4194.4400000000005,279.62933333333336,1971,131.4,176,10,0.935655737704918,488,37.53846153846154,17.0,3.20740322124894,0.0,0.0,0.0,United Kingdom,1626.22,5
17692,46,11,2738.89,248.98999999999998,2013,183.0,85,9,1.0663694267515924,314,34.888888888888886,34.0,-0.6674668751948116,0.0,0.0,0.0,United Kingdom,117.47999999999999,1
17694,331,2,849.5699999999999,424.78499999999997,613,306.5,40,2,1.1707692307692308,52,51.0,51.0,-0.4206093956238033,0.0,0.0,0.0,United Kingdom,251.92000000000002,1
17695,213,3,435.90000000000003,145.3,310,103.33333333333333,16,3,0.3181881533101046,287,143.0,143.0,0.6466302367941712,0.0,0.0,0.0,United Kingdom,681.34,2
17696,5,23,5129.35,223.01521739130436,3401,147.8695652173913,157,13,1.286985294117647,544,28.63157894736842,21.0,-0.38011040973777693,0.0,0.0,0.0,United Kingdom,1324.21,4
17700,32,12,4915.54,409.62833333333333,2545,212.08333333333334,201,11,0.6944486692015209,526,52.5,49.0,-0.2994153260681544,0.0,0.0,0.0,United Kingdom,1371.32,2
17702,25,3,1666.28,555.4266666666666,1139,379.6666666666667,92,2,0.4683076923076923,195,97.0,97.0,-0.6816570669029686,0.0,0.0,0.0,United Kingdom,631.13,3
17703,237,1,296.1,296.1,307,307.0,23,1,30.439999999999998,1,0.0,0.0,0.0,0.0,0.0,0.0,United Kingdom,798.74,3
17704,59,1,346.49,346.49,127,127.0,15,1,30.439999999999998,1,0.0,0.0,0.0,0.0,0.0,0.0,United Kingdom,457.1,1
17705,34,5,562.0,112.4,375,75.0,33,5,0.42044198895027624,362,90.25,83.5,0.7454811919882757,0.0,0.0,0.0,United Kingdom,1466.22,6
17706,7,19,8664.22,456.0115789473684,3995,210.26315789473685,280,10,1.1521115537848607,502,38.61538461538461,23.0,-0.456571695269719,0.0,0.0,0.0,United Kingdom,7968.47,12
17709,289,4,440.06,110.015,228,57.0,28,2,0.9154887218045112,133,44.333333333333336,18.0,-0.5043164978587451,0.0,0.0,0.0,United Kingdom,74.75,1
17711,109,1,220.53000000000003,220.53000000000003,107,107.0,13,1,30.439999999999998,1,0.0,0.0,0.0,0.0,0.0,0.0,United Kingdom,164.57,1
17716,68,15,10250.76,683.384,5344,356.26666666666665,254,11,0.935655737704918,488,40.666666666666664,25.5,-0.44059551886792453,0.0,0.0,0.0,United Kingdom,4187.42,9
17719,9,5,1683.16,336.632,692,138.4,60,4,2.306060606060606,66,16.25,11.5,-0.4496435348083193,0.0,0.0,0.0,United Kingdom,3331.48,10
17720,44,8,1764.32,220.54,1058,132.25,61,8,0.687909604519774,354,50.42857142857143,40.0,-0.4537072743207713,0.0,0.0,0.0,United Kingdom,530.97,2
17722,8,4,2478.59,619.6475,1815,453.75,136,4,0.6511229946524064,187,62.0,42.0,-0.8315647554082658,0.0,0.0,0.0,United Kingdom,255.21,1
17723,33,1,124.30000000000001,124.30000000000001,34,34.0,3,1,30.439999999999998,1,0.0,0.0,0.0,0.0,0.0,0.0,United Kingdom,39.6,1
17725,11,4,1047.18,261.795,586,146.5,52,3,1.6234666666666666,75,25.0,23.0,-0.34713099516668733,0.0,0.0,0.0,United Kingdom,2097.4,7
17728,223,2,1273.65,636.825,671,335.5,75,2,1.2176,50,49.0,49.0,-0.6620620830925994,0.0,0.0,0.0,United Kingdom,2723.63,3
17730,5,12,4250.88,354.24,2822,235.16666666666666,116,11,0.9041584158415842,404,40.4,38.5,-0.055624799499339836,0.0,0.0,0.0,United Kingdom,2560.7000000000003,8
17731,2,4,944.85,236.2125,383,95.75,46,3,0.2505349794238683,486,242.5,242.5,0.015121139737246271,0.0,0.0,0.0,United Kingdom,560.59,2
17733,81,1,202.0,202.0,86,86.0,11,1,30.439999999999998,1,0.0,0.0,0.0,0.0,0.0,0.0,United Kingdom,456.52,1
17734,53,4,786.87,196.7175,381,95.25,47,4,0.29770171149144253,409,136.33333333333334,82.0,-0.83234652539732,0.0,0.0,0.0,United Kingdom,536.23,2
17735,6,17,9294.05,546.7088235294117,5929,348.7647058823529,298,11,1.6692903225806452,310,20.666666666666668,19.0,0.48013289213854915,0.0,0.0,0.0,United Kingdom,6807.57,9
17738,101,10,2746.83,274.683,1691,169.1,132,7,0.8722063037249285,349,58.0,43.5,-0.2951750693514773,0.0,0.0,0.0,United Kingdom,913.64,3
17739,16,14,5475.59,391.11357142857145,1447,103.35714285714286,46,12,0.7950746268656717,536,41.23076923076923,35.0,-0.1539677830446304,0.0,0.0,0.0,United Kingdom,1606.1,4
17742,152,10,1236.74,123.674,583,58.3,39,10,0.7497536945812808,406,45.111111111111114,43.0,0.3009972464091688,0.0,0.0,0.0,United Kingdom,27.04,1
17744,69,5,1219.9,243.98000000000002,1344,268.8,57,4,1.1618320610687023,131,32.5,25.0,-0.8541451409892732,0.0,0.0,0.0,United Kingdom,837.3,2
17749,75,2,638.2,319.1,330,165.0,36,2,0.20993103448275863,290,290.0,290.0,0.12266347369121273,0.0,0.0,0.0,United Kingdom,222.61,1
17754,79,8,1816.31,227.03875,1652,206.5,125,7,0.5203418803418803,468,66.85714285714286,57.0,-0.54242769556704,0.0,0.0,0.0,United Kingdom,783.01,4
17757,10,41,5352.24,130.54243902439023,2431,59.292682926829265,286,18,2.471366336633664,505,12.923076923076923,12.0,0.7652438079295698,0.0,0.0,0.0,United Kingdom,3102.36,15
17758,27,7,2282.21,326.03000000000003,1575,225.0,224,4,0.5902493074792244,361,72.0,42.0,-0.14504238700186106,0.0,0.0,0.0,United Kingdom,2315.92,5
17759,212,2,416.42,208.21,266,133.0,40,2,0.3187434554973822,191,190.0,190.0,1.1511161558834655,0.0,0.0,0.0,United Kingdom,740.69,3
17760,192,5,481.07,96.214,312,62.4,41,4,0.5494584837545127,277,92.0,43.0,0.022237168439194734,0.0,0.0,0.0,United Kingdom,115.05,1
17764,30,4,955.74,238.935,435,108.75,75,4,0.23148288973384032,526,175.0,191.0,0.09610492148434074,0.0,0.0,0.0,United Kingdom,524.93,1
17765,30,3,357.77,119.25666666666666,153,51.0,58,3,0.3836974789915967,238,119.0,119.0,1.5967628430682619,0.0,0.0,0.0,United Kingdom,96.83,1
17767,229,1,141.85,141.85,70,70.0,18,1,30.439999999999998,1,0.0,0.0,0.0,0.0,0.0,0.0,United Kingdom,271.2,1
17768,206,3,922.2,307.40000000000003,702,234.0,60,3,0.2601709401709402,351,175.0,175.0,0.2686904966911855,0.0,0.0,0.0,United Kingdom,1619.1000000000001,3
17769,98,9,3751.56,416.84,1832,203.55555555555554,237,9,0.6649514563106796,412,51.375,42.0,0.765495075779914,0.0,0.0,0.0,United Kingdom,2850.3,8
17771,142,3,223.5,74.5,194,64.66666666666667,35,3,0.34202247191011237,267,133.0,133.0,11.968749999999998,0.0,0.0,0.0,United Kingdom,129.53,1
17772,212,1,150.65,150.65,55,55.0,43,1,30.439999999999998,1,0.0,0.0,0.0,0.0,0.0,0.0,United Kingdom,133.25,2
17774,68,7,2373.02,339.0028571428571,1114,159.14285714285714,231,7,0.5073333333333333,420,70.0,65.5,-0.5022973416475222,0.0,0.0,0.0,United Kingdom,579.32,2
17783,67,2,195.4,97.7,87,43.5,53,2,0.2297358490566038,265,265.0,265.0,0.3545005422340041,0.0,0.0,0.0,United Kingdom,171.06,1
17785,264,2,203.44,101.72,108,54.0,36,2,0.5031404958677687,121,120.0,120.0,2.3056084656084654,0.0,0.0,0.0,United Kingdom,131.94,1
17786,136,1,103.35,103.35,52,52.0,24,1,30.439999999999998,1,0.0,0.0,0.0,0.0,0.0,0.0,United Kingdom,163.5,1
17787,124,3,1602.22,534.0733333333334,779,259.6666666666667,86,3,1.3629850746268657,67,33.5,33.5,-0.3283680109854025,0.0,0.0,0.0,United Kingdom,149.02,1
17790,17,15,1627.22,108.48133333333334,923,61.53333333333333,118,8,1.3196531791907515,346,28.833333333333332,23.5,0.03871404229728379,0.0,0.0,0.0,United Kingdom,1042.29,5
17795,84,1,155.69,155.69,155,155.0,15,1,30.439999999999998,1,0.0,0.0,0.0,0.0,0.0,0.0,United Kingdom,170.19,1
17796,132,6,1134.99,189.165,327,54.5,145,4,1.6911111111111112,108,21.6,21.0,0.17894373092207574,0.0,0.0,0.0,United Kingdom,50.400000000000006,1
17797,2,6,1423.4,237.23333333333335,834,139.0,169,6,0.3369741697416974,542,108.4,58.0,-0.41767086130997383,0.0,0.0,0.0,United Kingdom,508.02,2
17799,61,16,4326.86,270.42875,2605,162.8125,391,12,1.0042061855670104,485,40.333333333333336,39.5,-0.14736660249765535,0.0,0.0,0.0,United Kingdom,1594.37,4
17800,36,3,263.65,87.88333333333333,126,42.0,17,3,0.7805128205128206,117,58.5,58.5,0.09823557463042452,0.0,0.0,0.0,United Kingdom,740.16,6
17802,191,8,3710.38,463.7975,2024,253.0,245,6,0.6859718309859155,355,59.0,55.5,1.6930227928734944,0.0,0.0,0.0,United Kingdom,1184.84,2
17809,37,13,4482.38,344.79846153846154,966,74.3076923076923,29,10,0.761,520,47.27272727272727,46.0,0.7497914212799371,0.0,0.0,0.0,United Kingdom,973.15,4
17811,6,26,4972.66,191.25615384615384,2466,94.84615384615384,424,8,3.055752895752896,259,10.75,7.0,0.340791300868501,0.0,0.0,0.0,United Kingdom,3010.39,21
17812,187,4,379.98,94.995,240,60.0,77,4,0.7469938650306749,163,54.0,50.0,2.286294416243655,0.0,0.0,0.0,United Kingdom,425.71,3
17816,88,4,80.86,20.215,72,18.0,36,4,0.2676043956043956,455,151.66666666666666,96.0,-0.6421494542401344,0.0,0.0,0.0,United Kingdom,15.25,2
17817,96,4,460.21999999999997,115.05499999999999,310,77.5,95,3,0.8339726027397261,146,48.333333333333336,37.0,-0.8508003096361775,0.0,0.0,0.0,United Kingdom,73.13,1
17819,2,10,2967.18,296.71799999999996,769,76.9,55,9,0.5595588235294118,544,60.44444444444444,65.0,2.7461194910255324,0.0,0.0,0.0,United Kingdom,236.39999999999998,1
17827,61,5,1840.06,368.012,1244,248.8,186,3,0.4005263157894737,380,189.5,189.5,2.732177759489765,0.0,0.0,0.0,United Kingdom,366.06,1
17828,4,1,673.16,673.16,374,374.0,43,1,30.439999999999998,1,0.0,0.0,0.0,0.0,0.0,0.0,Other,407.96,3
17830,81,2,262.15000000000003,131.07500000000002,63,31.5,14,2,2.1742857142857144,28,27.0,27.0,-0.3917177914110429,0.0,0.0,0.0,United Kingdom,111.05,1
17838,111,11,3899.84,354.5309090909091,1712,155.63636363636363,105,7,0.9877286135693216,339,37.55555555555556,28.0,-0.4691381286604801,0.0,0.0,0.0,United Kingdom,772.8,2
17841,2,136,33847.21,248.87654411764706,18334,134.80882352941177,1741,19,7.459171171171171,555,4.362204724409449,4.0,-0.011782757771505383,0.0,0.0,0.0,United Kingdom,25749.76,73
17848,68,23,1610.79,70.03434782608696,671,29.17391304347826,78,15,1.4435463917525773,485,24.2,19.0,-0.10193701056329431,0.0,0.0,0.0,United Kingdom,300.36,4
17852,208,3,543.47,181.15666666666667,319,106.33333333333333,62,2,0.26623906705539363,343,171.5,171.5,-0.571169418445683,0.0,0.0,0.0,United Kingdom,114.34,2
17856,52,2,239.48000000000002,119.74000000000001,88,44.0,4,2,1.2424489795918368,49,48.0,48.0,-0.546668284986042,0.0,0.0,0.0,United Kingdom,90.0,1
17858,80,19,4714.56,248.1347368421053,1517,79.84210526315789,80,12,1.2227484143763214,473,26.22222222222222,22.0,-0.26919391609854953,0.0,0.0,0.0,United Kingdom,2088.51,6
17861,72,12,2848.72,237.39333333333332,2390,199.16666666666666,214,9,0.7657861635220126,477,43.27272727272727,46.0,-0.4848845867460908,0.0,0.0,0.0,United Kingdom,1429.74,6
17863,74,9,3165.16,351.6844444444444,2608,289.77777777777777,91,9,0.6883417085427136,398,49.75,50.0,0.7537497824952154,0.0,0.0,0.0,United Kingdom,1774.18,3
17864,95,3,522.57,174.19000000000003,656,218.66666666666666,57,3,0.6007894736842105,152,76.0,76.0,-0.3756993659082432,0.0,0.0,0.0,United Kingdom,354.0,2
17865,24,32,17249.28,539.04,8302,259.4375,316,16,1.8207102803738318,535,21.36,18.0,-0.2047427991569746,0.0,0.0,0.0,United Kingdom,4380.39,12
17866,303,2,447.3,223.65,137,68.5,12,2,0.25261410788381744,241,241.0,241.0,0.9919732441471573,0.0,0.0,0.0,United Kingdom,194.65,1
17867,22,9,322.85,35.87222222222223,126,14.0,55,7,0.5120747663551402,535,76.28571428571429,53.0,-0.7625527021847451,0.0,0.0,0.0,United Kingdom,538.87,3
17869,34,5,402.14,80.428,157,31.4,51,5,0.45843373493975903,332,83.0,89.5,0.3658077420873044,0.0,0.0,0.0,United Kingdom,84.52000000000001,2
17873,3,16,4579.67,286.229375,2526,157.875,59,13,0.9035992578849722,539,44.916666666666664,46.5,-0.26577135364733423,0.0,0.0,0.0,United Kingdom,272.04,1
17878,214,2,959.16,479.58,517,258.5,54,1,60.879999999999995,1,0.0,0.0,0.0,0.0,0.0,0.0,United Kingdom,308.41,1
17883,65,4,379.68,94.92,145,36.25,45,3,0.2999014778325123,406,203.0,203.0,-0.7283810034161698,0.0,0.0,0.0,United Kingdom,493.99,3
17884,131,18,2303.98,127.99888888888889,1655,91.94444444444444,280,10,1.2922641509433963,424,32.61538461538461,35.0,-0.3745370141735394,0.0,0.0,0.0,United Kingdom,94.93,1
17886,30,5,816.38,163.276,388,77.6,85,5,0.4015831134564644,379,94.75,79.0,-0.30316760891253736,0.0,0.0,0.0,United Kingdom,244.32,1
17888,31,20,1085.78,54.289,557,27.85,103,13,1.2031620553359685,506,28.11111111111111,19.5,-0.662947775438078,0.0,0.0,0.0,United Kingdom,421.7,4
17894,104,15,1982.4,132.16,848,56.53333333333333,183,6,2.468108108108108,185,13.142857142857142,7.0,0.8000084643544872,0.0,0.0,0.0,United Kingdom,236.01,2
17897,186,8,1787.8,223.475,779,97.375,171,5,1.1651674641148326,209,34.833333333333336,17.0,-0.5864511844144343,0.0,0.0,0.0,United Kingdom,116.19,1
17898,26,3,231.01,77.00333333333333,184,61.333333333333336,40,3,0.25366666666666665,360,180.0,180.0,-0.23885034687809703,0.0,0.0,0.0,United Kingdom,38.3,1
17901,341,1,30.0,30.0,8,8.0,1,1,30.439999999999998,1,0.0,0.0,0.0,0.0,0.0,0.0,United Kingdom,68.18,1
17905,171,11,1138.8,103.52727272727272,550,50.0,118,7,1.0208536585365853,328,36.44444444444444,29.0,-0.20248129557723268,0.0,0.0,0.0,United Kingdom,46.339999999999996,1
17913,175,13,3221.7400000000002,247.82615384615386,1526,117.38461538461539,211,11,1.0386351706036747,381,34.63636363636363,36.0,-0.04865451332493098,0.0,0.0,0.0,United Kingdom,170.44,1
17917,75,2,226.71,113.355,130,65.0,57,2,0.5689719626168225,107,106.0,106.0,0.11562150055991043,0.0,0.0,0.0,United Kingdom,91.37,1
17919,258,1,202.32,202.32,180,180.0,10,1,30.439999999999998,1,0.0,0.0,0.0,0.0,0.0,0.0,United Kingdom,988.2,1
17920,19,42,12244.28,291.5304761904762,5884,140.0952380952381,463,14,2.3941573033707866,534,14.026315789473685,6.0,-0.7278445437477857,0.0,0.0,0.0,United Kingdom,2284.36,12
17921,85,7,1631.0,233.0,687,98.14285714285714,168,5,0.8661788617886178,246,41.0,26.0,-0.7087906333780162,0.0,0.0,0.0,United Kingdom,542.16,3
17924,193,2,351.00000000000006,175.50000000000003,60,30.0,3,2,1.4848780487804878,41,41.0,41.0,-0.8109756097560975,0.0,0.0,0.0,United Kingdom,973.14,3
17926,23,4,739.5300000000001,184.88250000000002,304,76.0,20,3,0.32382978723404254,376,125.33333333333333,115.0,-0.6770483005366726,0.0,0.0,0.0,United Kingdom,148.60000000000002,1
17928,65,2,95.56,47.78,76,38.0,18,2,0.18674846625766872,326,325.0,325.0,0.06839826839826836,0.0,0.0,0.0,United Kingdom,106.2,1
17929,73,9,1884.5,209.38888888888889,290,32.22222222222222,4,8,0.5743396226415094,477,59.5,58.0,0.1018291322774927,0.0,0.0,0.0,United Kingdom,408.0,2
17930,58,8,1016.8,127.1,637,79.625,23,6,0.5983292383292383,407,58.0,37.0,-0.7771791418125841,0.0,0.0,0.0,United Kingdom,712.92,4
17931,75,13,2557.46,196.7276923076923,1406,108.15384615384616,256,9,0.974679802955665,406,45.111111111111114,34.0,-0.6682808968871393,0.0,0.0,0.0,United Kingdom,41.2,1
17932,30,1,538.01,538.01,387,387.0,40,1,30.439999999999998,1,0.0,0.0,0.0,0.0,0.0,0.0,United Kingdom,742.56,2
17934,226,1,344.90000000000003,344.90000000000003,150,150.0,20,1,30.439999999999998,1,0.0,0.0,0.0,0.0,0.0,0.0,United Kingdom,435.88,2
17935,220,5,514.85,102.97,160,32.0,32,4,0.4543283582089553,335,111.66666666666667,110.0,0.2856825749167594,0.0,0.0,0.0,United Kingdom,142.89,2
17937,77,2,1416.12,708.06,252,126.0,7,2,0.5798095238095239,105,105.0,105.0,-0.5522021837811312,0.0,0.0,0.0,United Kingdom,595.14,3
17949,20,5,942.5999999999999,188.51999999999998,156,31.2,5,4,0.35069124423963133,434,108.5,94.5,-0.018915510718789497,0.0,0.0,0.0,United Kingdom,258.29999999999995,4
17950,184,6,867.5600000000001,144.59333333333333,473,78.83333333333333,107,5,0.5387610619469027,339,84.75,82.5,1.2796280195062941,0.0,0.0,0.0,United Kingdom,156.53,1
17951,177,3,649.74,216.58,332,110.66666666666667,13,2,1.9852173913043478,46,23.0,23.0,-0.04318756776292005,0.0,0.0,0.0,United Kingdom,243.84,1
17954,3,15,2820.78,188.05200000000002,1747,116.46666666666667,380,11,0.8362637362637363,546,42.0,38.0,0.4399944639551578,0.0,0.0,0.0,United Kingdom,797.69,4
17958,547,1,248.11999999999998,248.11999999999998,150,150.0,26,1,30.439999999999998,1,0.0,0.0,0.0,0.0,0.0,0.0,United Kingdom,508.4599999999999,1
17960,342,2,61.300000000000004,30.650000000000002,19,9.5,11,2,0.5115966386554622,119,119.0,119.0,3.623853211009175,0.0,0.0,0.0,United Kingdom,73.78,1
17961,2,82,2224.12,27.12341463414634,1189,14.5,430,19,4.489352517985611,556,8.161764705882353,7.0,-0.45172824791418364,0.0,0.0,0.0,United Kingdom,379.74,18
17962,368,3,535.63,178.54333333333332,432,144.0,123,2,0.6212244897959184,147,146.0,146.0,-0.5374491439805587,0.0,0.0,0.0,United Kingdom,102.41,1
17964,191,1,229.65,229.65,146,146.0,33,1,30.439999999999998,1,0.0,0.0,0.0,0.0,0.0,0.0,United Kingdom,171.75,1
17965,72,21,5396.8,256.9904761904762,3415,162.61904761904762,464,14,1.351458773784355,473,23.65,20.5,-0.13975933515561179,0.0,0.0,0.0,United Kingdom,1135.74,8
17966,411,4,364.37,91.0925,299,74.75,26,3,1.22989898989899,99,49.5,49.5,0.08449656750572089,0.0,0.0,0.0,United Kingdom,172.43,2
17969,180,19,1882.48,99.07789473684211,754,39.68421052631579,101,9,1.5505630026809654,373,20.666666666666668,13.5,-0.9104954682410175,0.0,0.0,0.0,United Kingdom,73.1,1
17974,39,4,1096.75,274.1875,672,168.0,173,3,0.6476595744680851,188,62.666666666666664,13.0,-0.8240875755886264,0.0,0.0,0.0,United Kingdom,539.92,2
17975,11,18,4796.860000000001,266.49222222222227,1446,80.33333333333333,150,10,1.8325083612040136,299,17.529411764705884,15.0,-0.19092911342756708,0.0,0.0,0.0,United Kingdom,1678.09,6
17977,219,1,850.05,850.05,726,726.0,67,1,30.439999999999998,1,0.0,0.0,0.0,0.0,0.0,0.0,United Kingdom,180.5,1
17979,79,2,218.92,109.46,78,39.0,52,1,60.879999999999995,1,0.0,0.0,0.0,0.0,0.0,0.0,United Kingdom,497.34,2
17980,23,3,434.32,144.77333333333334,219,73.0,37,3,0.4831746031746032,189,94.5,94.5,-0.49804613203306014,0.0,0.0,0.0,United Kingdom,82.5,1
17984,211,4,911.77,227.9425,716,179.0,159,3,0.3508933717579251,347,115.33333333333333,99.0,2.9842562728912694,0.0,0.0,0.0,United Kingdom,139.93,1
17988,146,7,309.61,44.230000000000004,149,21.285714285714285,90,4,0.5248275862068966,406,67.66666666666667,20.0,-0.37321353509878097,0.0,0.0,0.0,United Kingdom,121.17999999999999,6
17994,9,10,1775.3,177.53,1305,130.5,209,9,0.7062645011600928,431,47.888888888888886,36.0,-0.4696745052065374,0.0,0.0,0.0,United Kingdom,25.55,1
17999,185,2,308.71,154.355,159,79.5,75,2,4.683076923076923,13,12.0,12.0,0.08489228067805764,0.0,0.0,0.0,United Kingdom,190.05,1
18001,269,3,405.69,135.23,266,88.66666666666667,68,3,0.31708333333333333,288,144.0,144.0,1.0140416047548293,0.0,0.0,0.0,United Kingdom,320.23,2
18006,201,3,349.36,116.45333333333333,126,42.0,34,3,0.26780058651026395,341,170.5,170.5,0.2884842132844229,0.0,0.0,0.0,United Kingdom,275.08000000000004,1
18008,22,11,790.24,71.84,259,23.545454545454547,59,9,0.7326914660831509,457,50.666666666666664,33.0,-0.4738214333996408,0.0,0.0,0.0,United Kingdom,8.28,1
18016,5,5,947.01,189.402,384,76.8,78,5,0.30747474747474746,495,123.75,89.0,2.7068091451292244,0.0,0.0,0.0,United Kingdom,609.04,2
18018,18,3,96.35,32.11666666666667,73,24.333333333333332,14,3,0.41135135135135137,222,110.5,110.5,-0.915588069780529,0.0,0.0,0.0,United Kingdom,71.94,1
18022,204,4,866.2,216.55,603,150.75,201,3,0.7562732919254659,161,53.666666666666664,21.0,3.4218828242363553,0.0,0.0,0.0,United Kingdom,581.88,1
18034,194,1,288.59,288.59,247,247.0,94,1,30.439999999999998,1,0.0,0.0,0.0,0.0,0.0,0.0,United Kingdom,342.84,2
18035,204,2,51.3,25.65,66,33.0,2,1,60.879999999999995,1,0.0,0.0,0.0,0.0,0.0,0.0,United Kingdom,461.13,3
18036,65,9,998.01,110.89,486,54.0,194,7,0.575546218487395,476,68.0,46.0,-0.24055497769864073,0.0,0.0,0.0,United Kingdom,293.17,2
18037,44,13,116.32,8.947692307692307,33,2.5384615384615383,28,9,0.7962173038229378,497,45.09090909090909,40.0,0.07159394479073888,0.0,0.0,0.0,United Kingdom,9.2,1
18040,65,1,239.0,239.0,96,96.0,12,1,30.439999999999998,1,0.0,0.0,0.0,0.0,0.0,0.0,United Kingdom,118.2,1
18041,2,31,4991.98,161.0316129032258,3837,123.7741935483871,337,16,1.843046875,512,18.25,14.5,0.2219561482378285,0.0,0.0,0.0,United Kingdom,1125.77,7
18042,361,1,116.1,116.1,36,36.0,9,1,30.439999999999998,1,0.0,0.0,0.0,0.0,0.0,0.0,United Kingdom,93.35,1
18043,25,2,404.64,202.32,228,114.0,86,2,0.37813664596273294,161,160.0,160.0,-0.5945608002500782,0.0,0.0,0.0,United Kingdom,83.8,1
18044,17,14,2109.27,150.66214285714287,1061,75.78571428571429,98,9,1.1739944903581268,363,27.846153846153847,19.0,-0.347462820546018,0.0,0.0,0.0,United Kingdom,1103.39,4
18053,345,2,271.05,135.525,107,53.5,12,2,30.439999999999998,2,2.0,2.0,-0.8762437810945274,0.0,0.0,0.0,United Kingdom,300.02,1
18055,23,9,5867.46,651.94,2042,226.88888888888889,212,5,1.3045714285714287,210,26.25,16.0,-0.6901529188525505,0.0,0.0,0.0,United Kingdom,3269.66,4
18058,360,2,327.9,163.95,162,81.0,10,2,0.47937007874015747,127,126.0,126.0,-0.7855555555555556,0.0,0.0,0.0,United Kingdom,170.16,1
18061,1,24,3068.59,127.85791666666667,1255,52.291666666666664,26,16,1.3187003610108303,554,25.136363636363637,23.0,0.04593125979264588,0.0,0.0,0.0,United Kingdom,726.9,4
18062,40,5,1306.8,261.36,646,129.2,39,5,0.40264550264550264,378,94.25,83.0,-0.08793620601360747,0.0,0.0,0.0,United Kingdom,234.6,1
18064,265,8,1930.95,241.36875,909,113.625,40,5,1.2176,200,39.8,37.0,-0.6250614145643304,0.0,0.0,0.0,United Kingdom,48.0,1
18065,3,21,4639.85,220.94523809523812,1718,81.80952380952381,154,12,1.1686288848263255,547,42.07692307692308,37.0,0.012146995559256146,0.0,0.0,0.0,United Kingdom,947.38,6
18066,206,2,889.8000000000001,444.90000000000003,411,205.5,32,2,2.0993103448275865,29,29.0,29.0,-0.5374753451676528,0.0,0.0,0.0,United Kingdom,318.0,1
18069,54,8,3024.9900000000002,378.12375000000003,2133,266.625,460,7,0.5867951807228916,415,69.0,62.5,-0.0632171678315955,0.0,0.0,0.0,United Kingdom,1335.23,3
18073,4,2,97.2,48.6,36,18.0,5,2,5.073333333333333,12,12.0,12.0,-0.4571428571428571,0.0,0.0,0.0,United Kingdom,925.1,9
18075,23,16,4104.75,256.546875,2356,147.25,128,9,1.6509830508474577,295,19.6,14.0,-0.6515123790321189,0.0,0.0,0.0,United Kingdom,1200.65,4
18077,46,11,2373.7599999999998,215.79636363636362,1856,168.72727272727272,95,8,0.6604339250493096,507,50.6,35.0,0.4045619044456985,0.0,0.0,0.0,United Kingdom,1579.27,7
18079,58,2,236.52999999999997,118.26499999999999,168,84.0,17,2,0.24063241106719369,253,253.0,253.0,-0.6650299130827407,0.0,0.0,0.0,United Kingdom,627.3,2
18092,4,12,4838.34,403.195,1394,116.16666666666667,23,8,0.662940108892922,551,55.1,49.5,-0.24551753696692621,0.0,0.0,0.0,United Kingdom,3050.74,4
18093,117,5,1509.5500000000002,301.91,721,144.2,24,4,0.47267080745341616,322,80.25,74.0,0.35223996883521647,0.0,0.0,0.0,United Kingdom,271.64000000000004,2
18094,57,8,3627.78,453.4725,1438,179.75,42,5,0.5248275862068966,464,77.16666666666667,84.0,0.06168377263272751,0.0,0.0,0.0,United Kingdom,1087.46,4
18096,261,3,750.85,250.28333333333333,589,196.33333333333334,150,2,1.2861971830985914,71,35.5,35.5,0.3545736774436326,0.0,0.0,0.0,United Kingdom,790.14,3
18097,24,8,2745.88,343.235,1418,177.25,67,8,0.47011583011583014,518,73.85714285714286,36.0,1.0093814387795363,0.0,0.0,0.0,United Kingdom,1205.8400000000001,3
18101,193,3,374.66,124.88666666666667,159,53.0,61,2,0.3033887043189369,301,150.0,150.0,2.279383209594518,0.0,0.0,0.0,United Kingdom,222.4,2
18102,26,24,8668.29,361.17875000000004,2851,118.79166666666667,76,11,1.3706566604127581,533,29.555555555555557,18.5,-0.7274447569776796,0.0,0.0,0.0,United Kingdom,8292.32,14
18109,0,24,3321.7000000000003,138.40416666666667,1188,49.5,177,12,2.1114450867052024,346,15.043478260869565,10.0,-0.08607119397997139,0.0,0.0,0.0,United Kingdom,3304.81,14
18110,230,1,193.48000000000002,193.48000000000002,97,97.0,29,1,30.439999999999998,1,0.0,0.0,0.0,0.0,0.0,0.0,United Kingdom,198.8,1
18112,237,2,354.37,177.185,138,69.0,32,2,0.45432835820895523,134,133.0,133.0,0.8013438735177866,0.0,0.0,0.0,United Kingdom,240.47,2
18116,53,12,1836.8600000000001,153.0716666666667,974,81.16666666666667,298,5,2.052134831460674,178,16.09090909090909,12.0,-0.5696241959849864,0.0,0.0,0.0,United Kingdom,119.10000000000001,1
18118,6,18,3807.41,211.52277777777778,1859,103.27777777777777,341,8,2.809846153846154,195,11.470588235294118,7.0,0.274275440231286,0.0,0.0,0.0,United Kingdom,2007.54,11
18123,332,1,92.2,92.2,34,34.0,22,1,30.439999999999998,1,0.0,0.0,0.0,0.0,0.0,0.0,United Kingdom,381.0,2
18125,21,3,853.68,284.56,593,197.66666666666666,142,3,0.7940869565217392,115,57.5,57.5,-0.6676863051111978,0.0,0.0,0.0,United Kingdom,197.85,1
18127,222,1,209.05,209.05,63,63.0,21,1,30.439999999999998,1,0.0,0.0,0.0,0.0,0.0,0.0,United Kingdom,283.83,3
18135,9,5,267.37,53.474000000000004,124,24.8,18,5,0.34202247191011237,445,111.0,83.0,-0.8567580279642536,0.0,0.0,0.0,United Kingdom,400.25,3
18136,31,4,1447.88,361.97,776,194.0,73,4,0.5073333333333334,240,80.0,90.0,-0.6318194160773526,0.0,0.0,0.0,United Kingdom,183.48000000000002,1
18144,31,13,2326.56,178.96615384615384,801,61.61538461538461,46,11,0.7744031311154599,511,46.45454545454545,44.0,-0.22421688954020874,0.0,0.0,0.0,United Kingdom,530.9000000000001,4
18145,24,9,3364.31,373.8122222222222,2700,300.0,152,9,0.5198481973434536,527,65.875,59.5,-0.11071302218753001,0.0,0.0,0.0,United Kingdom,1779.98,2
18146,39,1,76.65,76.65,27,27.0,4,1,30.439999999999998,1,0.0,0.0,0.0,0.0,0.0,0.0,United Kingdom,83.7,1
18149,34,6,1236.36,206.05999999999997,663,110.5,54,6,0.43382422802850357,421,84.0,84.0,-0.5477012734729118,0.0,0.0,0.0,United Kingdom,62.400000000000006,1
18150,21,1,227.57999999999998,227.57999999999998,140,140.0,14,1,30.439999999999998,1,0.0,0.0,0.0,0.0,0.0,0.0,United Kingdom,339.0,2
18151,109,4,1359.19,339.7975,735,183.75,75,4,0.34202247191011237,356,118.66666666666667,131.0,-0.5500272031918413,0.0,0.0,0.0,United Kingdom,340.8,1
18154,207,3,457.09000000000003,152.36333333333334,299,99.66666666666667,22,3,0.8866019417475729,103,51.0,51.0,0.4146328578975174,0.0,0.0,0.0,United Kingdom,360.94,2
18155,111,1,113.93,113.93,91,91.0,8,1,30.439999999999998,1,0.0,0.0,0.0,0.0,0.0,0.0,United Kingdom,237.53,2
18156,189,1,186.88,186.88,68,68.0,50,1,30.439999999999998,1,0.0,0.0,0.0,0.0,0.0,0.0,United Kingdom,463.26,1
18160,19,2,684.37,342.185,372,186.0,41,2,0.32731182795698927,186,186.0,186.0,-0.12921655458968886,0.0,0.0,0.0,United Kingdom,319.51,1
18161,72,3,654.23,218.07666666666668,464,154.66666666666666,30,3,0.7190551181102361,127,63.5,63.5,-0.5386539793160445,0.0,0.0,0.0,United Kingdom,922.57,3
18168,23,15,3300.91,220.06066666666666,1768,117.86666666666666,207,12,0.8566604127579739,533,38.0,40.0,-0.19211431450729533,0.0,0.0,0.0,United Kingdom,83.95,1
18170,36,7,1863.8300000000002,266.2614285714286,681,97.28571428571429,44,6,0.44024793388429756,484,80.5,66.5,-0.05105978061966073,0.0,0.0,0.0,United Kingdom,650.6,2
18171,58,6,1479.79,246.63166666666666,625,104.16666666666667,53,6,0.39193133047210305,466,93.0,95.0,-0.5854220437816652,0.0,0.0,0.0,United Kingdom,634.75,3
18172,30,36,10225.23,284.03416666666664,4299,119.41666666666667,141,15,2.1155212355212356,518,21.541666666666668,16.0,0.1343604472767427,0.0,0.0,0.0,United Kingdom,2762.78,11
18173,18,4,993.4200000000001,248.35500000000002,384,96.0,24,4,0.2941062801932367,414,137.66666666666666,40.0,1.4213390274142441,0.0,0.0,0.0,United Kingdom,181.92000000000002,1
18177,23,7,1488.05,212.57857142857142,741,105.85714285714286,55,6,0.4097692307692308,520,86.66666666666667,48.0,-0.07981160074843535,0.0,0.0,0.0,United Kingdom,627.77,2
18178,39,10,5425.02,542.5020000000001,3176,317.6,184,10,0.6918181818181819,440,48.888888888888886,50.0,-0.5427385669196159,0.0,0.0,0.0,United Kingdom,476.95,1
18179,73,4,1131.24,282.81,730,182.5,67,3,0.29770171149144253,409,136.33333333333334,72.0,1.7165385373546225,0.0,0.0,0.0,United Kingdom,614.58,2
18181,219,4,808.74,202.185,376,94.0,118,3,0.3623809523809524,336,111.66666666666667,161.0,-0.31642275745779297,0.0,0.0,0.0,United Kingdom,349.90000000000003,1
18188,109,4,1583.75,395.9375,836,209.0,64,4,0.3645508982035928,334,111.0,140.0,2.6918974966671607,0.0,0.0,0.0,United Kingdom,1059.52,2
18189,87,2,932.6700000000001,466.33500000000004,574,287.0,53,2,0.1700558659217877,358,358.0,358.0,1.1133624862302633,0.0,0.0,0.0,United Kingdom,457.14,1
18193,200,2,839.85,419.925,728,364.0,49,2,0.9819354838709677,62,62.0,62.0,-0.7724183293137469,0.0,0.0,0.0,United Kingdom,228.81,1
18194,360,4,949.0,237.25,260,65.0,9,4,0.8759712230215827,139,46.333333333333336,41.0,3.231532524807056,0.0,0.0,0.0,United Kingdom,26.0,1
18196,109,3,1114.22,371.4066666666667,834,278.0,155,3,0.26623906705539363,343,171.0,171.0,-0.46777320920254684,0.0,0.0,0.0,United Kingdom,223.35,1
18198,7,11,1328.79,120.7990909090909,821,74.63636363636364,47,6,2.247248322147651,149,14.9,15.0,-0.1957799834349413,0.0,0.0,0.0,United Kingdom,1497.53,6
18203,201,3,228.45,76.14999999999999,59,19.666666666666668,25,3,0.2609142857142857,350,175.0,175.0,1.2253282507412113,0.0,0.0,0.0,United Kingdom,160.42000000000002,1
18204,11,1,540.98,540.98,387,387.0,84,1,30.439999999999998,1,0.0,0.0,0.0,0.0,0.0,0.0,United Kingdom,1409.12,2
18210,86,2,289.85,144.925,163,81.5,14,2,0.5248275862068966,116,115.0,115.0,-0.03424889793150209,0.0,0.0,0.0,United Kingdom,2342.89,5
18211,98,1,137.9,137.9,56,56.0,8,1,30.439999999999998,1,0.0,0.0,0.0,0.0,0.0,0.0,United Kingdom,462.17,4
18215,256,4,1906.75,476.6875,965,241.25,49,4,0.6511229946524064,187,62.0,49.0,0.18805436794078237,0.0,0.0,0.0,United Kingdom,299.34000000000003,1
18217,333,2,170.65,85.325,105,52.5,6,1,4.683076923076923,13,13.0,13.0,0.0,0.0,0.0,0.0,United Kingdom,548.87,2
18219,34,12,2005.19,167.09916666666666,1041,86.75,70,10,0.7051737451737452,518,47.09090909090909,54.0,1.214836547865262,0.0,0.0,0.0,United Kingdom,1069.71,5
18221,4,3,880.92,293.64,460,153.33333333333334,41,3,0.44330097087378645,206,103.0,103.0,0.37713853958659416,0.0,0.0,0.0,United Kingdom,479.1,3
18223,25,19,9201.14,484.2705263157894,4037,212.47368421052633,155,14,1.091245283018868,530,29.444444444444443,27.5,-0.053941443585041944,0.0,0.0,0.0,United Kingdom,3348.01,7
18225,23,19,7378.0599999999995,388.31894736842105,3835,201.8421052631579,214,14,1.0871428571428572,532,31.235294117647058,28.0,0.049660383648410245,0.0,0.0,0.0,United Kingdom,3309.63,7
18226,5,21,7813.36,372.0647619047619,4745,225.95238095238096,233,12,1.3926797385620915,459,24.157894736842106,15.0,-0.34783693544533195,0.0,0.0,0.0,United Kingdom,2615.21,5
18229,3,17,4714.71,277.33588235294116,1137,66.88235294117646,49,14,0.9357685352622063,553,36.8,30.0,1.9004212454212455,0.0,0.0,0.0,United Kingdom,3045.28,11
18230,26,5,2696.1600000000003,539.2320000000001,1234,246.8,41,5,0.47711598746081507,319,79.5,63.0,-0.16370397613501705,0.0,0.0,0.0,United Kingdom,1067.74,4
18232,12,2,358.23,179.115,169,84.5,23,1,12.176,5,5.0,5.0,0.0,0.0,0.0,0.0,United Kingdom,221.99,2
18235,36,1,430.46000000000004,430.46000000000004,332,332.0,29,1,30.439999999999998,1,0.0,0.0,0.0,0.0,0.0,0.0,United Kingdom,1177.12,2
18236,5,8,1179.3600000000001,147.42000000000002,408,51.0,57,6,0.5825837320574163,418,83.4,54.0,-0.5184781061720195,0.0,0.0,0.0,United Kingdom,577.74,4
18241,37,5,1254.23,250.846,659,131.8,65,4,0.3805,400,100.0,93.5,-0.6276069591859066,0.0,0.0,0.0,United Kingdom,1707.26,16
18242,15,6,1806.26,301.04333333333335,1170,195.0,63,5,0.36382470119521915,502,100.2,78.0,-0.5146090729038952,0.0,0.0,0.0,United Kingdom,1260.76,2
18245,31,17,4915.17,289.1276470588235,4213,247.8235294117647,272,10,1.2034418604651163,430,35.833333333333336,25.5,-0.09694238425317792,0.0,0.0,0.0,United Kingdom,1207.57,3
18246,52,1,29.5,29.5,10,10.0,1,1,30.439999999999998,1,0.0,0.0,0.0,0.0,0.0,0.0,United Kingdom,159.2,1
18248,5,1,416.56,416.56,240,240.0,27,1,30.439999999999998,1,0.0,0.0,0.0,0.0,0.0,0.0,United Kingdom,286.68,1
18252,368,5,800.53,160.106,359,71.8,30,4,0.8797687861271677,173,43.25,46.5,-0.6643979845077836,0.0,0.0,0.0,United Kingdom,440.37,2
18255,275,1,199.85,199.85,127,127.0,13,1,30.439999999999998,1,0.0,0.0,0.0,0.0,0.0,0.0,United Kingdom,103.3,1
18257,26,7,2869.39,409.91285714285715,1588,226.85714285714286,157,6,0.47037527593818984,453,75.5,72.5,-0.6642755063565141,0.0,0.0,0.0,United Kingdom,1435.26,5
18259,185,5,1979.6000000000001,395.92,676,135.2,36,4,0.41584699453551915,366,91.25,35.0,0.9871736834163273,0.0,0.0,0.0,United Kingdom,1962.3000000000002,2
18260,25,22,7353.26,334.2390909090909,3805,172.95454545454547,197,14,1.2903275529865126,519,25.95,17.5,2.0654271228983876,0.0,0.0,0.0,United Kingdom,414.63,1
18262,212,2,400.22,200.11,274,137.0,25,2,0.28990476190476194,210,209.0,209.0,0.2972104236023419,0.0,0.0,0.0,United Kingdom,149.48,1
18263,72,1,307.59999999999997,307.59999999999997,328,328.0,15,1,30.439999999999998,1,0.0,0.0,0.0,0.0,0.0,0.0,United Kingdom,838.84,2
18270,85,2,235.1,117.55,146,73.0,10,2,0.3645508982035928,167,166.0,166.0,-0.5433705080545229,0.0,0.0,0.0,United Kingdom,171.20000000000002,1
18272,44,5,2146.34,429.26800000000003,1234,246.8,87,4,0.36152019002375296,421,105.0,48.5,-0.29574400508178506,0.0,0.0,0.0,United Kingdom,2035.16,4
18273,77,1,51.0,51.0,20,20.0,1,1,30.439999999999998,1,0.0,0.0,0.0,0.0,0.0,0.0,United Kingdom,153.0,2
18276,212,5,1285.08,257.01599999999996,1010,202.0,67,5,0.4516320474777448,337,84.25,83.5,0.604170466289744,0.0,0.0,0.0,United Kingdom,335.86,1
18277,216,4,938.72,234.68,376,94.0,46,3,1.2424489795918368,98,48.5,48.5,1.8402880052364587,0.0,0.0,0.0,United Kingdom,110.38,1
18278,224,1,240.3,240.3,74,74.0,15,1,30.439999999999998,1,0.0,0.0,0.0,0.0,0.0,0.0,United Kingdom,173.9,1
18283,20,11,1132.94,102.99454545454546,647,58.81818181818182,239,8,0.7310917030567686,458,50.888888888888886,36.0,0.6719022687609078,0.0,0.0,0.0,United Kingdom,1510.06,11
18287,21,5,1981.44,396.288,1217,243.4,84,4,0.41135135135135137,370,123.33333333333333,127.0,-0.5130793721901349,0.0,0.0,0.0,United Kingdom,674.5600000000001,2
